Netherlands;NPB Padelcompetitie;WO;Marcella;Koek;19.02.2018;40;40;
Netherlands;NPB Padelcompetitie;WO;Marcella;Koek;02.04.2018;80;40;
Netherlands;NPB Padelcompetitie;WO;Marcella;Koek;23.04.2018;180;100;
Netherlands;NPB Padelcompetitie;WO;Marcella;Koek;04.06.2018;280;100;
Netherlands;NPB Padelcompetitie;WO;Marcella;Koek;20.08.2018;380;100;
Netherlands;NPB Padelcompetitie;WO;Marcella;Koek;27.08.2018;480;100;
Netherlands;NPB Padelcompetitie;WO;Marcella;Koek;03.09.2018;580;100;
Netherlands;NPB Padelcompetitie;WO;Marcella;Koek;10.09.2018;680;100;
Netherlands;NPB Padelcompetitie;WO;Marcella;Koek;28.01.2019;780;100;
Netherlands;NPB Padelcompetitie;WO;Marcella;Koek;18.02.2019;740;;-40
Netherlands;NPB Padelcompetitie;WO;Marcella;Koek;25.02.2019;840;100;
Netherlands;NPB Padelcompetitie;WO;Marcella;Koek;01.04.2019;900;100;-40
Netherlands;NPB Padelcompetitie;WO;Marcella;Koek;22.04.2019;800;;-100
Netherlands;NPB Padelcompetitie;WO;Marcella;Koek;03.06.2019;700;;-100
Netherlands;NPB Padelcompetitie;WO;Marcella;Koek;10.06.2019;1200;500;
Netherlands;NPB Padelcompetitie;WO;Marcella;Koek;12.08.2019;1450;250;
Netherlands;NPB Padelcompetitie;WO;Marcella;Koek;19.08.2019;1350;;-100
Netherlands;NPB Padelcompetitie;WO;Marcella;Koek;26.08.2019;1250;;-100
Netherlands;NPB Padelcompetitie;WO;Marcella;Koek;02.09.2019;1150;;-100
Netherlands;NPB Padelcompetitie;WO;Marcella;Koek;09.09.2019;1050;;-100
Netherlands;NPB Padelcompetitie;WO;Marcella;Koek;27.01.2020;950;;-100
Netherlands;NPB Padelcompetitie;WO;Milou;Ettekoven;19.02.2018;40;40;
Netherlands;NPB Padelcompetitie;WO;Milou;Ettekoven;02.04.2018;80;40;
Netherlands;NPB Padelcompetitie;WO;Milou;Ettekoven;23.04.2018;180;100;
Netherlands;NPB Padelcompetitie;WO;Milou;Ettekoven;04.06.2018;280;100;
Netherlands;NPB Padelcompetitie;WO;Milou;Ettekoven;20.08.2018;380;100;
Netherlands;NPB Padelcompetitie;WO;Milou;Ettekoven;27.08.2018;480;100;
Netherlands;NPB Padelcompetitie;WO;Milou;Ettekoven;03.09.2018;580;100;
Netherlands;NPB Padelcompetitie;WO;Milou;Ettekoven;10.09.2018;680;100;
Netherlands;NPB Padelcompetitie;WO;Milou;Ettekoven;28.01.2019;780;100;
Netherlands;NPB Padelcompetitie;WO;Milou;Ettekoven;18.02.2019;740;;-40
Netherlands;NPB Padelcompetitie;WO;Milou;Ettekoven;25.02.2019;840;100;
Netherlands;NPB Padelcompetitie;WO;Milou;Ettekoven;01.04.2019;900;100;-40
Netherlands;NPB Padelcompetitie;WO;Milou;Ettekoven;22.04.2019;800;;-100
Netherlands;NPB Padelcompetitie;WO;Milou;Ettekoven;03.06.2019;700;;-100
Netherlands;NPB Padelcompetitie;WO;Milou;Ettekoven;10.06.2019;1200;500;
Netherlands;NPB Padelcompetitie;WO;Milou;Ettekoven;12.08.2019;1450;250;
Netherlands;NPB Padelcompetitie;WO;Milou;Ettekoven;19.08.2019;1350;;-100
Netherlands;NPB Padelcompetitie;WO;Milou;Ettekoven;26.08.2019;1250;;-100
Netherlands;NPB Padelcompetitie;WO;Milou;Ettekoven;02.09.2019;1150;;-100
Netherlands;NPB Padelcompetitie;WO;Milou;Ettekoven;09.09.2019;1050;;-100
Netherlands;NPB Padelcompetitie;WO;Milou;Ettekoven;27.01.2020;950;;-100
Netherlands;NPB Padelcompetitie;WO;Sanne;Bouma;19.02.2018;7;7;
Netherlands;NPB Padelcompetitie;WO;Sanne;Bouma;02.04.2018;31;24;
Netherlands;NPB Padelcompetitie;WO;Sanne;Bouma;16.04.2018;55;24;
Netherlands;NPB Padelcompetitie;WO;Sanne;Bouma;28.05.2018;65;10;
Netherlands;NPB Padelcompetitie;WO;Sanne;Bouma;04.06.2018;125;60;
Netherlands;NPB Padelcompetitie;WO;Sanne;Bouma;09.07.2018;165;40;
Netherlands;NPB Padelcompetitie;WO;Sanne;Bouma;16.07.2018;189;24;
Netherlands;NPB Padelcompetitie;WO;Sanne;Bouma;30.07.2018;229;40;
Netherlands;NPB Padelcompetitie;WO;Sanne;Bouma;13.08.2018;265;36;
Netherlands;NPB Padelcompetitie;WO;Sanne;Bouma;20.08.2018;301;36;
Netherlands;NPB Padelcompetitie;WO;Sanne;Bouma;27.08.2018;341;40;
Netherlands;NPB Padelcompetitie;WO;Sanne;Bouma;26.11.2018;441;100;
Netherlands;NPB Padelcompetitie;WO;Sanne;Bouma;18.02.2019;434;;-7
Netherlands;NPB Padelcompetitie;WO;Sanne;Bouma;01.04.2019;410;;-24
Netherlands;NPB Padelcompetitie;WO;Sanne;Bouma;08.04.2019;416;6;
Netherlands;NPB Padelcompetitie;WO;Sanne;Bouma;15.04.2019;408;16;-24
Netherlands;NPB Padelcompetitie;WO;Sanne;Bouma;22.04.2019;419;11;
Netherlands;NPB Padelcompetitie;WO;Sanne;Bouma;13.05.2019;425;6;
Netherlands;NPB Padelcompetitie;WO;Sanne;Bouma;20.05.2019;431;6;
Netherlands;NPB Padelcompetitie;WO;Sanne;Bouma;27.05.2019;427;6;-10
Netherlands;NPB Padelcompetitie;WO;Sanne;Bouma;03.06.2019;367;;-60
Netherlands;NPB Padelcompetitie;WO;Sanne;Bouma;10.06.2019;667;300;
Netherlands;NPB Padelcompetitie;WO;Sanne;Bouma;08.07.2019;627;;-40
Netherlands;NPB Padelcompetitie;WO;Sanne;Bouma;15.07.2019;643;40;-24
Netherlands;NPB Padelcompetitie;WO;Sanne;Bouma;29.07.2019;603;;-40
Netherlands;NPB Padelcompetitie;WO;Sanne;Bouma;12.08.2019;657;90;-36
Netherlands;NPB Padelcompetitie;WO;Sanne;Bouma;19.08.2019;621;;-36
Netherlands;NPB Padelcompetitie;WO;Sanne;Bouma;26.08.2019;581;;-40
Netherlands;NPB Padelcompetitie;WO;Sanne;Bouma;14.10.2019;597;16;
Netherlands;NPB Padelcompetitie;WO;Sanne;Bouma;25.11.2019;497;;-100
Netherlands;NPB Padelcompetitie;WO;Marella;Keijser;19.02.2018;7;7;
Netherlands;NPB Padelcompetitie;WO;Marella;Keijser;02.04.2018;31;24;
Netherlands;NPB Padelcompetitie;WO;Marella;Keijser;28.05.2018;41;10;
Netherlands;NPB Padelcompetitie;WO;Marella;Keijser;04.06.2018;101;60;
Netherlands;NPB Padelcompetitie;WO;Marella;Keijser;09.07.2018;141;40;
Netherlands;NPB Padelcompetitie;WO;Marella;Keijser;16.07.2018;165;24;
Netherlands;NPB Padelcompetitie;WO;Marella;Keijser;30.07.2018;205;40;
Netherlands;NPB Padelcompetitie;WO;Marella;Keijser;13.08.2018;219;14;
Netherlands;NPB Padelcompetitie;WO;Marella;Keijser;20.08.2018;255;36;
Netherlands;NPB Padelcompetitie;WO;Marella;Keijser;03.09.2018;291;36;
Netherlands;NPB Padelcompetitie;WO;Marella;Keijser;26.11.2018;391;100;
Netherlands;NPB Padelcompetitie;WO;Marella;Keijser;18.02.2019;384;;-7
Netherlands;NPB Padelcompetitie;WO;Marella;Keijser;01.04.2019;360;;-24
Netherlands;NPB Padelcompetitie;WO;Marella;Keijser;27.05.2019;350;;-10
Netherlands;NPB Padelcompetitie;WO;Marella;Keijser;03.06.2019;290;;-60
Netherlands;NPB Padelcompetitie;WO;Marella;Keijser;08.07.2019;250;;-40
Netherlands;NPB Padelcompetitie;WO;Marella;Keijser;15.07.2019;226;;-24
Netherlands;NPB Padelcompetitie;WO;Marella;Keijser;29.07.2019;186;;-40
Netherlands;NPB Padelcompetitie;WO;Marella;Keijser;12.08.2019;172;;-14
Netherlands;NPB Padelcompetitie;WO;Marella;Keijser;19.08.2019;136;;-36
Netherlands;NPB Padelcompetitie;WO;Marella;Keijser;02.09.2019;100;;-36
Netherlands;NPB Padelcompetitie;WO;Marella;Keijser;25.11.2019;0;;-100
Netherlands;NPB Padelcompetitie;WO;Ina;van Lavieren;16.07.2018;40;40;
Netherlands;NPB Padelcompetitie;WO;Ina;van Lavieren;13.08.2018;58;18;
Netherlands;NPB Padelcompetitie;WO;Ina;van Lavieren;20.08.2018;76;18;
Netherlands;NPB Padelcompetitie;WO;Ina;van Lavieren;03.09.2018;90;14;
Netherlands;NPB Padelcompetitie;WO;Ina;van Lavieren;28.01.2019;150;60;
Netherlands;NPB Padelcompetitie;WO;Ina;van Lavieren;25.02.2019;186;36;
Netherlands;NPB Padelcompetitie;WO;Ina;van Lavieren;01.04.2019;210;24;
Netherlands;NPB Padelcompetitie;WO;Ina;van Lavieren;08.04.2019;221;11;
Netherlands;NPB Padelcompetitie;WO;Ina;van Lavieren;15.04.2019;227;6;
Netherlands;NPB Padelcompetitie;WO;Ina;van Lavieren;22.04.2019;233;6;
Netherlands;NPB Padelcompetitie;WO;Ina;van Lavieren;13.05.2019;244;11;
Netherlands;NPB Padelcompetitie;WO;Ina;van Lavieren;20.05.2019;250;6;
Netherlands;NPB Padelcompetitie;WO;Ina;van Lavieren;27.05.2019;253;3;
Netherlands;NPB Padelcompetitie;WO;Ina;van Lavieren;10.06.2019;343;90;
Netherlands;NPB Padelcompetitie;WO;Ina;van Lavieren;15.07.2019;303;;-40
Netherlands;NPB Padelcompetitie;WO;Ina;van Lavieren;29.07.2019;343;40;
Netherlands;NPB Padelcompetitie;WO;Ina;van Lavieren;05.08.2019;403;60;
Netherlands;NPB Padelcompetitie;WO;Ina;van Lavieren;12.08.2019;445;60;-18
Netherlands;NPB Padelcompetitie;WO;Ina;van Lavieren;19.08.2019;427;;-18
Netherlands;NPB Padelcompetitie;WO;Ina;van Lavieren;02.09.2019;413;;-14
Netherlands;NPB Padelcompetitie;WO;Ina;van Lavieren;16.09.2019;419;6;
Netherlands;NPB Padelcompetitie;WO;Ina;van Lavieren;30.09.2019;425;6;
Netherlands;NPB Padelcompetitie;WO;Ina;van Lavieren;07.10.2019;441;16;
Netherlands;NPB Padelcompetitie;WO;Ina;van Lavieren;27.01.2020;381;;-60
Netherlands;NPB Padelcompetitie;WO;Violet;Hendriks;08.04.2019;16;16;
Netherlands;NPB Padelcompetitie;WO;Violet;Hendriks;23.04.2019;22;6;
Netherlands;NPB Padelcompetitie;WO;Violet;Hendriks;03.06.2019;38;16;
Netherlands;NPB Padelcompetitie;WO;Violet;Hendriks;10.06.2019;338;300;
Netherlands;NPB Padelcompetitie;WO;Violet;Hendriks;16.09.2019;354;16;
Netherlands;NPB Padelcompetitie;WO;Violet;Hendriks;23.09.2019;370;16;
Netherlands;NPB Padelcompetitie;WO;Violet;Hendriks;30.09.2019;381;11;
Netherlands;NPB Padelcompetitie;WO;Violet;Hendriks;07.10.2019;397;16;
Netherlands;NPB Padelcompetitie;WO;Violet;Hendriks;14.10.2019;413;16;
Netherlands;NPB Padelcompetitie;WO;Thea;Voors;02.04.2018;24;24;
Netherlands;NPB Padelcompetitie;WO;Thea;Voors;28.05.2018;40;16;
Netherlands;NPB Padelcompetitie;WO;Thea;Voors;16.07.2018;80;40;
Netherlands;NPB Padelcompetitie;WO;Thea;Voors;13.08.2018;180;100;
Netherlands;NPB Padelcompetitie;WO;Thea;Voors;20.08.2018;198;18;
Netherlands;NPB Padelcompetitie;WO;Thea;Voors;10.09.2018;378;180;
Netherlands;NPB Padelcompetitie;WO;Thea;Voors;01.04.2019;414;60;-24
Netherlands;NPB Padelcompetitie;WO;Thea;Voors;13.05.2019;420;6;
Netherlands;NPB Padelcompetitie;WO;Thea;Voors;20.05.2019;436;16;
Netherlands;NPB Padelcompetitie;WO;Thea;Voors;27.05.2018;420;;-16
Netherlands;NPB Padelcompetitie;WO;Thea;Voors;10.06.2019;600;180;
Netherlands;NPB Padelcompetitie;WO;Thea;Voors;16.07.2018;560;;-40
Netherlands;NPB Padelcompetitie;WO;Thea;Voors;05.08.2019;660;100;
Netherlands;NPB Padelcompetitie;WO;Thea;Voors;13.08.2018;560;;-100
Netherlands;NPB Padelcompetitie;WO;Thea;Voors;19.08.2019;542;;-18
Netherlands;NPB Padelcompetitie;WO;Thea;Voors;09.09.2019;362;;-180
Netherlands;NPB Padelcompetitie;WO;Yvonne;Peeters;23.04.2018;60;60;
Netherlands;NPB Padelcompetitie;WO;Yvonne;Peeters;20.08.2018;120;60;
Netherlands;NPB Padelcompetitie;WO;Yvonne;Peeters;28.01.2019;156;36;
Netherlands;NPB Padelcompetitie;WO;Yvonne;Peeters;22.04.2018;96;;-60
Netherlands;NPB Padelcompetitie;WO;Yvonne;Peeters;10.06.2019;276;180;
Netherlands;NPB Padelcompetitie;WO;Yvonne;Peeters;20.08.2019;216;;-60
Netherlands;NPB Padelcompetitie;WO;Yvonne;Peeters;27.01.2020;180;;-36
Netherlands;NPB Padelcompetitie;WO;Karlien;Bijlsma;25.02.2019;60;60;
Netherlands;NPB Padelcompetitie;WO;Karlien;Bijlsma;01.04.2019;84;24;
Netherlands;NPB Padelcompetitie;WO;Karlien;Bijlsma;15.04.2019;92;8;
Netherlands;NPB Padelcompetitie;WO;Karlien;Bijlsma;22.04.2019;96;4;
Netherlands;NPB Padelcompetitie;WO;Karlien;Bijlsma;29.04.2019;100;4;
Netherlands;NPB Padelcompetitie;WO;Karlien;Bijlsma;20.05.2019;106;6;
Netherlands;NPB Padelcompetitie;WO;Karlien;Bijlsma;27.05.2019;109;3;
Netherlands;NPB Padelcompetitie;WO;Karlien;Bijlsma;10.06.2019;199;90;
Netherlands;NPB Padelcompetitie;WO;Karlien;Bijlsma;16.09.2019;205;6;
Netherlands;NPB Padelcompetitie;WO;Karlien;Bijlsma;30.09.2019;221;16;
Netherlands;NPB Padelcompetitie;WO;Karlien;Bijlsma;07.10.2019;227;6;
Netherlands;NPB Padelcompetitie;WO;Karlien;Bijlsma;14.10.2019;238;11;
Netherlands;NPB Padelcompetitie;WO;Iris;Sterkenburg;01.04.2019;60;60;
Netherlands;NPB Padelcompetitie;WO;Iris;Sterkenburg;10.06.2019;240;180;
Netherlands;NPB Padelcompetitie;WO;Smolders;Mena;30.12.2019;180;;
Netherlands;NPB Padelcompetitie;WO;Kim;Heneweer-van Duin;16.04.2018;40;40;
Netherlands;NPB Padelcompetitie;WO;Kim;Heneweer-van Duin;28.05.2018;56;16;
Netherlands;NPB Padelcompetitie;WO;Kim;Heneweer-van Duin;16.07.2018;96;40;
Netherlands;NPB Padelcompetitie;WO;Kim;Heneweer-van Duin;13.08.2018;196;100;
Netherlands;NPB Padelcompetitie;WO;Kim;Heneweer-van Duin;20.08.2018;214;18;
Netherlands;NPB Padelcompetitie;WO;Kim;Heneweer-van Duin;27.08.2018;254;40;
Netherlands;NPB Padelcompetitie;WO;Kim;Heneweer-van Duin;10.09.2018;434;180;
Netherlands;NPB Padelcompetitie;WO;Kim;Heneweer-van Duin;08.04.2019;445;11;
Netherlands;NPB Padelcompetitie;WO;Kim;Heneweer-van Duin;15.04.2019;405;;-40
Netherlands;NPB Padelcompetitie;WO;Kim;Heneweer-van Duin;22.04.2019;411;6;
Netherlands;NPB Padelcompetitie;WO;Kim;Heneweer-van Duin;13.05.2019;422;11;
Netherlands;NPB Padelcompetitie;WO;Kim;Heneweer-van Duin;20.05.2019;433;11;
Netherlands;NPB Padelcompetitie;WO;Kim;Heneweer-van Duin;27.05.2018;417;;-16
Netherlands;NPB Padelcompetitie;WO;Kim;Heneweer-van Duin;15.07.2019;417;40;-40
Netherlands;NPB Padelcompetitie;WO;Kim;Heneweer-van Duin;05.08.2019;517;100;
Netherlands;NPB Padelcompetitie;WO;Kim;Heneweer-van Duin;12.08.2019;417;;-100
Netherlands;NPB Padelcompetitie;WO;Kim;Heneweer-van Duin;19.08.2019;399;;-18
Netherlands;NPB Padelcompetitie;WO;Kim;Heneweer-van Duin;26.08.2019;359;;-40
Netherlands;NPB Padelcompetitie;WO;Kim;Heneweer-van Duin;09.09.2019;179;;-180
Netherlands;NPB Padelcompetitie;WO;Margreet;Prins;01.04.2019;40;40;
Netherlands;NPB Padelcompetitie;WO;Margreet;Prins;15.04.2019;46;6;
Netherlands;NPB Padelcompetitie;WO;Margreet;Prins;20.05.2019;52;6;
Netherlands;NPB Padelcompetitie;WO;Margreet;Prins;03.06.2019;55;3;
Netherlands;NPB Padelcompetitie;WO;Margreet;Prins;10.06.2019;145;90;
Netherlands;NPB Padelcompetitie;WO;Margreet;Prins;16.09.2019;151;6;
Netherlands;NPB Padelcompetitie;WO;Margreet;Prins;23.09.2019;157;6;
Netherlands;NPB Padelcompetitie;WO;Margreet;Prins;14.10.2019;168;11;
Netherlands;NPB Padelcompetitie;WO;Margreet;Prins;21.10.2019;171;3;
Netherlands;NPB Padelcompetitie;WO;Margreet;Prins;28.10.2019;179;8;
Netherlands;NPB Padelcompetitie;WO;Nikki;Kolman;15.07.2019;24;24;
Netherlands;NPB Padelcompetitie;WO;Nikki;Kolman;12.08.2019;124;100;
Netherlands;NPB Padelcompetitie;WO;Nikki;Kolman;09.09.2019;164;40;
Netherlands;NPB Padelcompetitie;WO;Marianne;van Zanten;14.05.2018;24;24;
Netherlands;NPB Padelcompetitie;WO;Marianne;van Zanten;02.07.2018;38;14;
Netherlands;NPB Padelcompetitie;WO;Marianne;van Zanten;23.07.2018;52;14;
Netherlands;NPB Padelcompetitie;WO;Marianne;van Zanten;03.09.2018;92;40;
Netherlands;NPB Padelcompetitie;WO;Marianne;van Zanten;10.09.2018;212;120;
Netherlands;NPB Padelcompetitie;WO;Marianne;van Zanten;13.05.2019;188;;-24
Netherlands;NPB Padelcompetitie;WO;Marianne;van Zanten;10.06.2019;278;90;
Netherlands;NPB Padelcompetitie;WO;Marianne;van Zanten;01.07.2018;264;;-14
Netherlands;NPB Padelcompetitie;WO;Marianne;van Zanten;22.07.2018;250;;-14
Netherlands;NPB Padelcompetitie;WO;Marianne;van Zanten;05.08.2019;268;18;
Netherlands;NPB Padelcompetitie;WO;Marianne;van Zanten;02.09.2019;268;40;-40
Netherlands;NPB Padelcompetitie;WO;Marianne;van Zanten;09.09.2018;148;;-120
Netherlands;NPB Padelcompetitie;WO;Marianne;van Zanten;11.11.2019;162;14;
Netherlands;NPB Padelcompetitie;WO;Olga;Cosic;13.08.2018;18;18;
Netherlands;NPB Padelcompetitie;WO;Olga;Cosic;20.08.2018;36;18;
Netherlands;NPB Padelcompetitie;WO;Olga;Cosic;03.06.2019;42;6;
Netherlands;NPB Padelcompetitie;WO;Olga;Cosic;12.08.2019;174;150;-18
Netherlands;NPB Padelcompetitie;WO;Olga;Cosic;19.08.2019;156;;-18
Netherlands;NPB Padelcompetitie;WO;Ivette;van Gemert;14.05.2018;24;24;
Netherlands;NPB Padelcompetitie;WO;Ivette;van Gemert;21.05.2018;48;24;
Netherlands;NPB Padelcompetitie;WO;Ivette;van Gemert;16.07.2018;62;14;
Netherlands;NPB Padelcompetitie;WO;Ivette;van Gemert;23.07.2018;76;14;
Netherlands;NPB Padelcompetitie;WO;Ivette;van Gemert;27.08.2018;90;14;
Netherlands;NPB Padelcompetitie;WO;Ivette;van Gemert;10.09.2018;210;120;
Netherlands;NPB Padelcompetitie;WO;Ivette;van Gemert;28.01.2019;228;18;
Netherlands;NPB Padelcompetitie;WO;Ivette;van Gemert;01.04.2019;242;14;
Netherlands;NPB Padelcompetitie;WO;Ivette;van Gemert;08.04.2019;246;4;
Netherlands;NPB Padelcompetitie;WO;Ivette;van Gemert;15.04.2019;254;8;
Netherlands;NPB Padelcompetitie;WO;Ivette;van Gemert;22.04.2019;262;8;
Netherlands;NPB Padelcompetitie;WO;Ivette;van Gemert;13.05.2019;238;;-24
Netherlands;NPB Padelcompetitie;WO;Ivette;van Gemert;20.05.2019;222;8;-24
Netherlands;NPB Padelcompetitie;WO;Ivette;van Gemert;27.05.2019;228;6;
Netherlands;NPB Padelcompetitie;WO;Ivette;van Gemert;10.06.2019;268;40;
Netherlands;NPB Padelcompetitie;WO;Ivette;van Gemert;29.07.2019;282;14;
Netherlands;NPB Padelcompetitie;WO;Ivette;van Gemert;15.07.2019;268;;-14
Netherlands;NPB Padelcompetitie;WO;Ivette;van Gemert;22.07.2019;254;;-14
Netherlands;NPB Padelcompetitie;WO;Ivette;van Gemert;26.08.2019;240;;-14
Netherlands;NPB Padelcompetitie;WO;Ivette;van Gemert;05.08.2019;276;36;
Netherlands;NPB Padelcompetitie;WO;Ivette;van Gemert;09.09.2019;156;;-120
Netherlands;NPB Padelcompetitie;WO;Ivette;van Gemert;27.01.2020;138;;-18
Netherlands;NPB Padelcompetitie;WO;Laura;Stokkel;26.11.2018;36;36;
Netherlands;NPB Padelcompetitie;WO;Laura;Stokkel;15.07.2019;60;24;
Netherlands;NPB Padelcompetitie;WO;Laura;Stokkel;29.07.2019;84;24;
Netherlands;NPB Padelcompetitie;WO;Laura;Stokkel;12.08.2019;174;90;
Netherlands;NPB Padelcompetitie;WO;Laura;Stokkel;09.09.2019;214;40;
Netherlands;NPB Padelcompetitie;WO;Laura;Stokkel;25.11.2019;178;;-36
Netherlands;NPB Padelcompetitie;WO;Paula;Anthonijsz;19.02.2018;7;7;
Netherlands;NPB Padelcompetitie;WO;Paula;Anthonijsz;18.02.2018;0;;-7
Netherlands;NPB Padelcompetitie;WO;Paula;Anthonijsz;12.08.2019;150;150;
Netherlands;NPB Padelcompetitie;WO;Patricia;Kalshoven;16.07.2018;14;14;
Netherlands;NPB Padelcompetitie;WO;Patricia;Kalshoven;13.08.2018;38;24;
Netherlands;NPB Padelcompetitie;WO;Patricia;Kalshoven;03.09.2018;74;36;
Netherlands;NPB Padelcompetitie;WO;Patricia;Kalshoven;10.09.2018;274;200;
Netherlands;NPB Padelcompetitie;WO;Patricia;Kalshoven;28.01.2019;334;60;
Netherlands;NPB Padelcompetitie;WO;Patricia;Kalshoven;15.07.2019;320;;-14
Netherlands;NPB Padelcompetitie;WO;Patricia;Kalshoven;12.08.2019;356;60;-24
Netherlands;NPB Padelcompetitie;WO;Patricia;Kalshoven;02.09.2019;320;;-36
Netherlands;NPB Padelcompetitie;WO;Patricia;Kalshoven;09.09.2019;120;;-200
Netherlands;NPB Padelcompetitie;WO;Patricia;Kalshoven;07.10.2019;136;16;
Netherlands;NPB Padelcompetitie;WO;Patricia;Kalshoven;27.01.2020;76;;-60
Netherlands;NPB Padelcompetitie;WO;Jolanda;de Jong;16.07.2018;7;7;
Netherlands;NPB Padelcompetitie;WO;Jolanda;de Jong;05.11.2018;12;5;
Netherlands;NPB Padelcompetitie;WO;Jolanda;de Jong;26.11.2018;26;14;
Netherlands;NPB Padelcompetitie;WO;Jolanda;de Jong;08.04.2019;28;2;
Netherlands;NPB Padelcompetitie;WO;Jolanda;de Jong;13.05.2019;32;4;
Netherlands;NPB Padelcompetitie;WO;Jolanda;de Jong;20.05.2019;36;4;
Netherlands;NPB Padelcompetitie;WO;Jolanda;de Jong;27.05.2019;40;4;
Netherlands;NPB Padelcompetitie;WO;Jolanda;de Jong;10.06.2019;130;90;
Netherlands;NPB Padelcompetitie;WO;Jolanda;de Jong;15.07.2019;133;10;-7
Netherlands;NPB Padelcompetitie;WO;Jolanda;de Jong;09.09.2019;147;14;
Netherlands;NPB Padelcompetitie;WO;Jolanda;de Jong;16.09.2019;151;4;
Netherlands;NPB Padelcompetitie;WO;Jolanda;de Jong;23.09.2019;154;3;
Netherlands;NPB Padelcompetitie;WO;Jolanda;de Jong;30.09.2019;157;3;
Netherlands;NPB Padelcompetitie;WO;Jolanda;de Jong;04.11.2019;152;;-5
Netherlands;NPB Padelcompetitie;WO;Jolanda;de Jong;11.11.2019;158;6;
Netherlands;NPB Padelcompetitie;WO;Jolanda;de Jong;25.11.2019;144;;-14
Netherlands;NPB Padelcompetitie;WO;Cindy;Huberts;20.08.2018;60;60;
Netherlands;NPB Padelcompetitie;WO;Cindy;Huberts;28.01.2019;96;36;
Netherlands;NPB Padelcompetitie;WO;Cindy;Huberts;01.04.2019;132;36;
Netherlands;NPB Padelcompetitie;WO;Cindy;Huberts;05.08.2019;192;60;
Netherlands;NPB Padelcompetitie;WO;Cindy;Huberts;19.08.2019;132;;-60
Netherlands;NPB Padelcompetitie;WO;Cindy;Huberts;27.01.2020;96;;-36
Netherlands;NPB Padelcompetitie;WO;Gabriela;van Ooststroom;29.07.2019;24;24;
Netherlands;NPB Padelcompetitie;WO;Gabriela;van Ooststroom;12.08.2019;124;100;
Netherlands;NPB Padelcompetitie;WO;Marielle;de Roos;05.11.2018;5;5;
Netherlands;NPB Padelcompetitie;WO;Marielle;de Roos;26.11.2018;19;14;
Netherlands;NPB Padelcompetitie;WO;Marielle;de Roos;08.04.2019;21;2;
Netherlands;NPB Padelcompetitie;WO;Marielle;de Roos;15.04.2019;24;3;
Netherlands;NPB Padelcompetitie;WO;Marielle;de Roos;13.05.2019;26;2;
Netherlands;NPB Padelcompetitie;WO;Marielle;de Roos;20.05.2019;29;3;
Netherlands;NPB Padelcompetitie;WO;Marielle;de Roos;27.05.2019;31;2;
Netherlands;NPB Padelcompetitie;WO;Marielle;de Roos;03.06.2019;34;3;
Netherlands;NPB Padelcompetitie;WO;Marielle;de Roos;10.06.2019;124;90;
Netherlands;NPB Padelcompetitie;WO;Marielle;de Roos;26.08.2019;130;6;
Netherlands;NPB Padelcompetitie;WO;Marielle;de Roos;16.09.2019;134;4;
Netherlands;NPB Padelcompetitie;WO;Marielle;de Roos;07.10.2019;138;4;
Netherlands;NPB Padelcompetitie;WO;Marielle;de Roos;14.10.2019;142;4;
Netherlands;NPB Padelcompetitie;WO;Marielle;de Roos;04.11.2019;137;;-5
Netherlands;NPB Padelcompetitie;WO;Marielle;de Roos;25.11.2019;123;;-14
Netherlands;NPB Padelcompetitie;WO;Femke;Fennema;01.04.2019;6;6;
Netherlands;NPB Padelcompetitie;WO;Femke;Fennema;08.04.2019;18;12;
Netherlands;NPB Padelcompetitie;WO;Femke;Fennema;15.04.2019;28;10;
Netherlands;NPB Padelcompetitie;WO;Femke;Fennema;06.05.2019;68;40;
Netherlands;NPB Padelcompetitie;WO;Femke;Fennema;13.05.2019;76;8;
Netherlands;NPB Padelcompetitie;WO;Femke;Fennema;20.05.2019;82;6;
Netherlands;NPB Padelcompetitie;WO;Femke;Fennema;01.07.2019;88;6;
Netherlands;NPB Padelcompetitie;WO;Femke;Fennema;16.09.2019;92;4;
Netherlands;NPB Padelcompetitie;WO;Femke;Fennema;23.09.2019;98;6;
Netherlands;NPB Padelcompetitie;WO;Femke;Fennema;14.10.2019;108;10;
Netherlands;NPB Padelcompetitie;WO;Anouk;Aveskamp;14.05.2018;40;40;
Netherlands;NPB Padelcompetitie;WO;Anouk;Aveskamp;21.05.2018;80;40;
Netherlands;NPB Padelcompetitie;WO;Anouk;Aveskamp;09.07.2018;94;14;
Netherlands;NPB Padelcompetitie;WO;Anouk;Aveskamp;16.07.2018;108;14;
Netherlands;NPB Padelcompetitie;WO;Anouk;Aveskamp;23.07.2018;148;40;
Netherlands;NPB Padelcompetitie;WO;Anouk;Aveskamp;30.07.2018;172;24;
Netherlands;NPB Padelcompetitie;WO;Anouk;Aveskamp;13.08.2018;222;50;
Netherlands;NPB Padelcompetitie;WO;Anouk;Aveskamp;27.08.2018;236;14;
Netherlands;NPB Padelcompetitie;WO;Anouk;Aveskamp;03.09.2018;276;40;
Netherlands;NPB Padelcompetitie;WO;Anouk;Aveskamp;10.09.2018;348;72;
Netherlands;NPB Padelcompetitie;WO;Anouk;Aveskamp;26.11.2018;408;60;
Netherlands;NPB Padelcompetitie;WO;Anouk;Aveskamp;28.01.2019;444;36;
Netherlands;NPB Padelcompetitie;WO;Anouk;Aveskamp;01.04.2019;458;14;
Netherlands;NPB Padelcompetitie;WO;Anouk;Aveskamp;13.05.2019;418;;-40
Netherlands;NPB Padelcompetitie;WO;Anouk;Aveskamp;20.05.2019;378;;-40
Netherlands;NPB Padelcompetitie;WO;Anouk;Aveskamp;08.07.2019;364;;-14
Netherlands;NPB Padelcompetitie;WO;Anouk;Aveskamp;15.07.2019;350;;-14
Netherlands;NPB Padelcompetitie;WO;Anouk;Aveskamp;22.07.2019;310;;-40
Netherlands;NPB Padelcompetitie;WO;Anouk;Aveskamp;29.07.2019;300;14;-24
Netherlands;NPB Padelcompetitie;WO;Anouk;Aveskamp;12.08.2019;250;;-50
Netherlands;NPB Padelcompetitie;WO;Anouk;Aveskamp;26.08.2019;236;;-14
Netherlands;NPB Padelcompetitie;WO;Anouk;Aveskamp;02.09.2019;276;40;
Netherlands;NPB Padelcompetitie;WO;Anouk;Aveskamp;09.09.2019;204;;-72
Netherlands;NPB Padelcompetitie;WO;Anouk;Aveskamp;25.11.2019;144;;-60
Netherlands;NPB Padelcompetitie;WO;Anouk;Aveskamp;27.01.2020;108;;-36
Netherlands;NPB Padelcompetitie;WO;Anouk;Roesink;30.12.2019;104;;
Netherlands;NPB Padelcompetitie;WO;Brigitte;Pluijmers;04.06.2018;36;36;
Netherlands;NPB Padelcompetitie;WO;Brigitte;Pluijmers;23.07.2018;60;24;
Netherlands;NPB Padelcompetitie;WO;Brigitte;Pluijmers;30.07.2018;74;14;
Netherlands;NPB Padelcompetitie;WO;Brigitte;Pluijmers;27.08.2018;98;24;
Netherlands;NPB Padelcompetitie;WO;Brigitte;Pluijmers;03.09.2018;134;36;
Netherlands;NPB Padelcompetitie;WO;Brigitte;Pluijmers;08.04.2019;150;16;
Netherlands;NPB Padelcompetitie;WO;Brigitte;Pluijmers;03.06.2018;114;;-36
Netherlands;NPB Padelcompetitie;WO;Brigitte;Pluijmers;27.05.2019;125;11;
Netherlands;NPB Padelcompetitie;WO;Brigitte;Pluijmers;22.07.2018;101;;-24
Netherlands;NPB Padelcompetitie;WO;Brigitte;Pluijmers;29.07.2019;127;40;-14
Netherlands;NPB Padelcompetitie;WO;Brigitte;Pluijmers;12.08.2019;163;36;
Netherlands;NPB Padelcompetitie;WO;Brigitte;Pluijmers;26.08.2018;139;;-24
Netherlands;NPB Padelcompetitie;WO;Brigitte;Pluijmers;02.09.2018;103;;-36
Netherlands;NPB Padelcompetitie;WO;Natalie;van der Horst;16.07.2018;40;40;
Netherlands;NPB Padelcompetitie;WO;Natalie;van der Horst;25.02.2019;76;36;
Netherlands;NPB Padelcompetitie;WO;Natalie;van der Horst;15.04.2019;82;6;
Netherlands;NPB Padelcompetitie;WO;Natalie;van der Horst;22.04.2019;88;6;
Netherlands;NPB Padelcompetitie;WO;Natalie;van der Horst;13.05.2019;94;6;
Netherlands;NPB Padelcompetitie;WO;Natalie;van der Horst;20.05.2019;100;6;
Netherlands;NPB Padelcompetitie;WO;Natalie;van der Horst;27.05.2019;103;3;
Netherlands;NPB Padelcompetitie;WO;Natalie;van der Horst;15.07.2019;63;;-40
Netherlands;NPB Padelcompetitie;WO;Natalie;van der Horst;16.09.2019;71;8;
Netherlands;NPB Padelcompetitie;WO;Natalie;van der Horst;30.09.2019;79;8;
Netherlands;NPB Padelcompetitie;WO;Natalie;van der Horst;14.09.2019;87;8;
Netherlands;NPB Padelcompetitie;WO;Natalie;van der Horst;07.10.2019;98;11;
Netherlands;NPB Padelcompetitie;WO;Daisy;Stoelers;03.09.2018;24;24;
Netherlands;NPB Padelcompetitie;WO;Daisy;Stoelers;08.04.2019;28;4;
Netherlands;NPB Padelcompetitie;WO;Daisy;Stoelers;15.04.2019;34;6;
Netherlands;NPB Padelcompetitie;WO;Daisy;Stoelers;20.05.2019;42;8;
Netherlands;NPB Padelcompetitie;WO;Daisy;Stoelers;27.05.2019;46;4;
Netherlands;NPB Padelcompetitie;WO;Daisy;Stoelers;03.06.2019;54;8;
Netherlands;NPB Padelcompetitie;WO;Daisy;Stoelers;22.07.2019;64;10;
Netherlands;NPB Padelcompetitie;WO;Daisy;Stoelers;02.09.2019;64;24;-24
Netherlands;NPB Padelcompetitie;WO;Daisy;Stoelers;23.09.2019;68;2;
Netherlands;NPB Padelcompetitie;WO;Daisy;Stoelers;07.10.2019;72;6;
Netherlands;NPB Padelcompetitie;WO;Daisy;Stoelers;14.10.2019;80;8;
Netherlands;NPB Padelcompetitie;WO;Daisy;Stoelers;21.10.2019;84;4;
Netherlands;NPB Padelcompetitie;WO;Daisy;Stoelers;11.11.2019;92;8;
Netherlands;NPB Padelcompetitie;WO;Esther;van Jaarsveld;15.04.2019;6;6;
Netherlands;NPB Padelcompetitie;WO;Esther;van Jaarsveld;06.05.2019;46;40;
Netherlands;NPB Padelcompetitie;WO;Esther;van Jaarsveld;13.05.2019;50;4;
Netherlands;NPB Padelcompetitie;WO;Esther;van Jaarsveld;27.05.2019;58;8;
Netherlands;NPB Padelcompetitie;WO;Esther;van Jaarsveld;01.07.2019;74;16;
Netherlands;NPB Padelcompetitie;WO;Esther;van Jaarsveld;22.07.2019;80;6;
Netherlands;NPB Padelcompetitie;WO;Esther;van Jaarsveld;23.09.2019;84;4;
Netherlands;NPB Padelcompetitie;WO;Esther;van Jaarsveld;30.09.2019;92;8;
Netherlands;NPB Padelcompetitie;WO;Leonie;Oudshoorn;16.07.2018;14;14;
Netherlands;NPB Padelcompetitie;WO;Leonie;Oudshoorn;03.09.2018;38;24;
Netherlands;NPB Padelcompetitie;WO;Leonie;Oudshoorn;15.04.2019;46;8;
Netherlands;NPB Padelcompetitie;WO;Leonie;Oudshoorn;13.05.2019;54;8;
Netherlands;NPB Padelcompetitie;WO;Leonie;Oudshoorn;20.05.2019;60;6;
Netherlands;NPB Padelcompetitie;WO;Leonie;Oudshoorn;27.05.2019;66;6;
Netherlands;NPB Padelcompetitie;WO;Leonie;Oudshoorn;03.06.2019;74;8;
Netherlands;NPB Padelcompetitie;WO;Leonie;Oudshoorn;15.07.2018;60;;-14
Netherlands;NPB Padelcompetitie;WO;Leonie;Oudshoorn;22.07.2018;70;10;
Netherlands;NPB Padelcompetitie;WO;Leonie;Oudshoorn;02.09.2019;70;24;-24
Netherlands;NPB Padelcompetitie;WO;Leonie;Oudshoorn;23.09.2019;74;4;
Netherlands;NPB Padelcompetitie;WO;Leonie;Oudshoorn;21.10.2019;82;8;
Netherlands;NPB Padelcompetitie;WO;Leonie;Oudshoorn;04.11.2019;88;6;
Netherlands;NPB Padelcompetitie;WO;Ann;de Haan-Slager;05.11.2018;7;7;
Netherlands;NPB Padelcompetitie;WO;Ann;de Haan-Slager;08.04.2019;10;3;
Netherlands;NPB Padelcompetitie;WO;Ann;de Haan-Slager;23.04.2019;14;4;
Netherlands;NPB Padelcompetitie;WO;Ann;de Haan-Slager;13.05.2019;17;3;
Netherlands;NPB Padelcompetitie;WO;Ann;de Haan-Slager;20.05.2019;21;4;
Netherlands;NPB Padelcompetitie;WO;Ann;de Haan-Slager;27.05.2019;25;4;
Netherlands;NPB Padelcompetitie;WO;Ann;de Haan-Slager;03.06.2019;27;2;
Netherlands;NPB Padelcompetitie;WO;Ann;de Haan-Slager;15.07.2019;37;10;
Netherlands;NPB Padelcompetitie;WO;Ann;de Haan-Slager;19.08.2019;53;16;
Netherlands;NPB Padelcompetitie;WO;Ann;de Haan-Slager;09.09.2019;67;14;
Netherlands;NPB Padelcompetitie;WO;Ann;de Haan-Slager;16.09.2019;71;4;
Netherlands;NPB Padelcompetitie;WO;Ann;de Haan-Slager;23.09.2019;74;3;
Netherlands;NPB Padelcompetitie;WO;Ann;de Haan-Slager;30.09.2019;76;2;
Netherlands;NPB Padelcompetitie;WO;Ann;de Haan-Slager;07.10.2019;80;4;
Netherlands;NPB Padelcompetitie;WO;Ann;de Haan-Slager;04.11.2019;73;;-7
Netherlands;NPB Padelcompetitie;WO;Ann;de Haan-Slager;11.11.2019;87;14;
Netherlands;NPB Padelcompetitie;WO;Gerlanda;Haven-Jonkman;05.11.2018;7;7;
Netherlands;NPB Padelcompetitie;WO;Gerlanda;Haven-Jonkman;08.04.2019;13;6;
Netherlands;NPB Padelcompetitie;WO;Gerlanda;Haven-Jonkman;15.04.2019;21;8;
Netherlands;NPB Padelcompetitie;WO;Gerlanda;Haven-Jonkman;27.05.2019;29;8;
Netherlands;NPB Padelcompetitie;WO;Gerlanda;Haven-Jonkman;09.09.2019;53;24;
Netherlands;NPB Padelcompetitie;WO;Gerlanda;Haven-Jonkman;16.09.2019;59;6;
Netherlands;NPB Padelcompetitie;WO;Gerlanda;Haven-Jonkman;05.11.2018;52;;-7
Netherlands;NPB Padelcompetitie;WO;Gerlanda;Haven-Jonkman;11.11.2019;76;24;
Netherlands;NPB Padelcompetitie;WO;Mirjam;van Roer;05.08.2019;36;36;
Netherlands;NPB Padelcompetitie;WO;Mirjam;van Roer;19.08.2019;40;76;
Netherlands;NPB Padelcompetitie;WO;Aranka;Huijberts;05.08.2019;36;36;
Netherlands;NPB Padelcompetitie;WO;Aranka;Huijberts;19.08.2019;40;76;
Netherlands;NPB Padelcompetitie;WO;Josien;Boverhof;25.02.2019;36;36;
Netherlands;NPB Padelcompetitie;WO;Josien;Boverhof;08.04.2019;47;11;
Netherlands;NPB Padelcompetitie;WO;Josien;Boverhof;15.04.2019;58;11;
Netherlands;NPB Padelcompetitie;WO;Josien;Boverhof;22.04.2019;74;16;
Netherlands;NPB Padelcompetitie;WO;Victòria;Pascal;15.04.2019;6;6;
Netherlands;NPB Padelcompetitie;WO;Victòria;Pascal;13.05.2019;20;14;
Netherlands;NPB Padelcompetitie;WO;Victòria;Pascal;27.05.2019;24;4;
Netherlands;NPB Padelcompetitie;WO;Victòria;Pascal;17.06.2019;30;6;
Netherlands;NPB Padelcompetitie;WO;Victòria;Pascal;23.07.2019;46;16;
Netherlands;NPB Padelcompetitie;WO;Victòria;Pascal;16.09.2019;54;8;
Netherlands;NPB Padelcompetitie;WO;Victòria;Pascal;23.09.2019;62;8;
Netherlands;NPB Padelcompetitie;WO;Victòria;Pascal;30.09.2019;66;4;
Netherlands;NPB Padelcompetitie;WO;Victòria;Pascal;21.10.2019;74;8;
Netherlands;NPB Padelcompetitie;WO;Puck;Smies;21.05.2018;7;7;
Netherlands;NPB Padelcompetitie;WO;Puck;Smies;23.07.2018;31;24;
Netherlands;NPB Padelcompetitie;WO;Puck;Smies;04.06.2018;49;18;
Netherlands;NPB Padelcompetitie;WO;Puck;Smies;13.08.2018;133;84;
Netherlands;NPB Padelcompetitie;WO;Puck;Smies;27.08.2018;157;24;
Netherlands;NPB Padelcompetitie;WO;Puck;Smies;03.09.2018;175;18;
Netherlands;NPB Padelcompetitie;WO;Puck;Smies;26.11.2018;235;60;
Netherlands;NPB Padelcompetitie;WO;Puck;Smies;28.01.2019;271;36;
Netherlands;NPB Padelcompetitie;WO;Puck;Smies;22.04.2019;277;6;
Netherlands;NPB Padelcompetitie;WO;Puck;Smies;13.05.2019;287;10;
Netherlands;NPB Padelcompetitie;WO;Puck;Smies;20.05.2019;280;;-7
Netherlands;NPB Padelcompetitie;WO;Puck;Smies;27.05.2019;300;20;
Netherlands;NPB Padelcompetitie;WO;Puck;Smies;23.07.2019;276;;-24
Netherlands;NPB Padelcompetitie;WO;Puck;Smies;03.06.2019;258;;-18
Netherlands;NPB Padelcompetitie;WO;Puck;Smies;12.08.2019;174;;-24;-60
Netherlands;NPB Padelcompetitie;WO;Puck;Smies;26.08.2019;150;;-24
Netherlands;NPB Padelcompetitie;WO;Puck;Smies;02.09.2019;132;;-18
Netherlands;NPB Padelcompetitie;WO;Puck;Smies;25.11.2019;72;;-60
Netherlands;NPB Padelcompetitie;WO;Puck;Smies;27.01.2020;36;-36
Netherlands;NPB Padelcompetitie;WO;Marian;Macco;05.11.2018;3;3;
Netherlands;NPB Padelcompetitie;WO;Marian;Macco;08.04.2019;6;3;
Netherlands;NPB Padelcompetitie;WO;Marian;Macco;22.04.2019;8;2;
Netherlands;NPB Padelcompetitie;WO;Marian;Macco;13.05.2019;12;4;
Netherlands;NPB Padelcompetitie;WO;Marian;Macco;27.05.2019;15;3;
Netherlands;NPB Padelcompetitie;WO;Marian;Macco;03.06.2019;17;2;
Netherlands;NPB Padelcompetitie;WO;Marian;Macco;15.07.2019;23;6;
Netherlands;NPB Padelcompetitie;WO;Marian;Macco;19.08.2019;33;10;
Netherlands;NPB Padelcompetitie;WO;Marian;Macco;09.09.2019;47;14;
Netherlands;NPB Padelcompetitie;WO;Marian;Macco;16.09.2019;51;4;
Netherlands;NPB Padelcompetitie;WO;Marian;Macco;23.09.2019;53;2;
Netherlands;NPB Padelcompetitie;WO;Marian;Macco;30.09.2019;54;1;
Netherlands;NPB Padelcompetitie;WO;Marian;Macco;07.10.2019;58;4;
Netherlands;NPB Padelcompetitie;WO;Marian;Macco;04.11.2018;55;;-3
Netherlands;NPB Padelcompetitie;WO;Marian;Macco;11.11.2019;71;16;
Netherlands;NPB Padelcompetitie;WO;Yvonne;Groenendijk;03.09.2018;14;14;
Netherlands;NPB Padelcompetitie;WO;Yvonne;Groenendijk;08.04.2019;22;8;
Netherlands;NPB Padelcompetitie;WO;Yvonne;Groenendijk;15.04.2019;26;4;
Netherlands;NPB Padelcompetitie;WO;Yvonne;Groenendijk;22.04.2019;32;6;
Netherlands;NPB Padelcompetitie;WO;Yvonne;Groenendijk;13.05.2019;38;6;
Netherlands;NPB Padelcompetitie;WO;Yvonne;Groenendijk;22.07.2019;44;6;
Netherlands;NPB Padelcompetitie;WO;Yvonne;Groenendijk;16.09.2019;50;6;
Netherlands;NPB Padelcompetitie;WO;Yvonne;Groenendijk;02.09.2019;50;14;-14
Netherlands;NPB Padelcompetitie;WO;Yvonne;Groenendijk;23.09.2019;52;2;
Netherlands;NPB Padelcompetitie;WO;Yvonne;Groenendijk;30.09.2019;60;8;
Netherlands;NPB Padelcompetitie;WO;Yvonne;Groenendijk;14.10.2019;64;4;
Netherlands;NPB Padelcompetitie;WO;Yvonne;Groenendijk;21.10.2019;70;6;
Netherlands;NPB Padelcompetitie;WO;Susanne;Munting;25.02.2019;36;36;
Netherlands;NPB Padelcompetitie;WO;Susanne;Munting;08.04.2019;42;6;
Netherlands;NPB Padelcompetitie;WO;Susanne;Munting;15.04.2019;58;16;
Netherlands;NPB Padelcompetitie;WO;Susanne;Munting;22.04.2019;69;11;
Netherlands;NPB Padelcompetitie;WO;Pauke;Plochg-Kaija;01.04.2019;36;36;
Netherlands;NPB Padelcompetitie;WO;Pauke;Plochg-Kaija;08.04.2019;38;2;
Netherlands;NPB Padelcompetitie;WO;Pauke;Plochg-Kaija;15.04.2019;42;4;
Netherlands;NPB Padelcompetitie;WO;Pauke;Plochg-Kaija;22.04.2019;44;2;
Netherlands;NPB Padelcompetitie;WO;Pauke;Plochg-Kaija;20.05.2019;46;2;
Netherlands;NPB Padelcompetitie;WO;Pauke;Plochg-Kaija;27.05.2019;48;2;
Netherlands;NPB Padelcompetitie;WO;Pauke;Plochg-Kaija;03.06.2019;52;4;
Netherlands;NPB Padelcompetitie;WO;Pauke;Plochg-Kaija;15.07.2019;57;6;
Netherlands;NPB Padelcompetitie;WO;Pauke;Plochg-Kaija;16.09.2019;61;4;
Netherlands;NPB Padelcompetitie;WO;Pauke;Plochg-Kaija;23.09.2019;69;8;
Netherlands;NPB Padelcompetitie;WO;Pauke;Plochg-Kaija;30.09.2019;75;6;
Netherlands;NPB Padelcompetitie;WO;Pauke;Plochg-Kaija;07.10.2019;83;8;
Netherlands;NPB Padelcompetitie;WO;Fen;Rauwerdink;05.08.2019;18;18;
Netherlands;NPB Padelcompetitie;WO;Fen;Rauwerdink;02.09.2019;25;7;
Netherlands;NPB Padelcompetitie;WO;Fen;Rauwerdink;11.11.2019;65;40;
Netherlands;NPB Padelcompetitie;WO;Sonja;Verlinden;08.04.2019;4;4;
Netherlands;NPB Padelcompetitie;WO;Sonja;Verlinden;15.04.2019;12;8;
Netherlands;NPB Padelcompetitie;WO;Sonja;Verlinden;22.04.2019;16;4;
Netherlands;NPB Padelcompetitie;WO;Sonja;Verlinden;13.05.2019;20;4;
Netherlands;NPB Padelcompetitie;WO;Sonja;Verlinden;20.05.2019;24;4;
Netherlands;NPB Padelcompetitie;WO;Sonja;Verlinden;27.05.2019;30;6;
Netherlands;NPB Padelcompetitie;WO;Sonja;Verlinden;01.07.2019;46;16;
Netherlands;NPB Padelcompetitie;WO;Sonja;Verlinden;16.09.2019;52;6;
Netherlands;NPB Padelcompetitie;WO;Sonja;Verlinden;30.09.2019;58;6;
Netherlands;NPB Padelcompetitie;WO;Sonja;Verlinden;14.10.2019;64;6;
Netherlands;NPB Padelcompetitie;WO;Hester;Witvoet;25.02.2019;60;60;
Netherlands;NPB Padelcompetitie;WO;Maaike;Springorum;03.09.2018;14;14;
Netherlands;NPB Padelcompetitie;WO;Maaike;Springorum;15.04.2019;18;4;
Netherlands;NPB Padelcompetitie;WO;Maaike;Springorum;22.04.2019;22;4;
Netherlands;NPB Padelcompetitie;WO;Maaike;Springorum;13.05.2019;26;4;
Netherlands;NPB Padelcompetitie;WO;Maaike;Springorum;20.05.2019;28;2;
Netherlands;NPB Padelcompetitie;WO;Maaike;Springorum;22.07.2019;34;6;
Netherlands;NPB Padelcompetitie;WO;Maaike;Springorum;02.09.2019;34;14;-14
Netherlands;NPB Padelcompetitie;WO;Maaike;Springorum;23.09.2019;38;4;
Netherlands;NPB Padelcompetitie;WO;Maaike;Springorum;30.09.2019;46;8;
Netherlands;NPB Padelcompetitie;WO;Maaike;Springorum;14.10.2019;50;4;
Netherlands;NPB Padelcompetitie;WO;Maaike;Springorum;21.10.2019;54;4;
Netherlands;NPB Padelcompetitie;WO;Rebecca;Kerseboom;30.12.2019;54;;
Netherlands;NPB Padelcompetitie;WO;Diana;Gutiérrez;16.07.2018;14;14;
Netherlands;NPB Padelcompetitie;WO;Diana;Gutiérrez;22.04.2019;16;2;
Netherlands;NPB Padelcompetitie;WO;Diana;Gutiérrez;06.05.2019;30;14;
Netherlands;NPB Padelcompetitie;WO;Diana;Gutiérrez;13.05.2019;34;4;
Netherlands;NPB Padelcompetitie;WO;Diana;Gutiérrez;20.05.2019;36;2;
Netherlands;NPB Padelcompetitie;WO;Diana;Gutiérrez;27.05.2019;38;2;
Netherlands;NPB Padelcompetitie;WO;Diana;Gutiérrez;03.06.2019;40;2;
Netherlands;NPB Padelcompetitie;WO;Diana;Gutiérrez;15.07.2019;26;;-14
Netherlands;NPB Padelcompetitie;WO;Diana;Gutiérrez;22.07.2019;28;2;
Netherlands;NPB Padelcompetitie;WO;Diana;Gutiérrez;16.09.2019;30;2;
Netherlands;NPB Padelcompetitie;WO;Diana;Gutiérrez;23.09.2019;34;4;
Netherlands;NPB Padelcompetitie;WO;Diana;Gutiérrez;30.09.2019;38;4;
Netherlands;NPB Padelcompetitie;WO;Diana;Gutiérrez;07.10.2019;42;4;
Netherlands;NPB Padelcompetitie;WO;Diana;Gutiérrez;14.10.2019;46;4;
Netherlands;NPB Padelcompetitie;WO;Diana;Gutiérrez;21.10.2019;51;5;
Netherlands;NPB Padelcompetitie;WO;Diana;Gutiérrez;04.11.2019;53;2;
Netherlands;NPB Padelcompetitie;WO;Caroline;Neimeijer;15.04.2019;;2;
Netherlands;NPB Padelcompetitie;WO;Caroline;Neimeijer;22.04.2019;;2;
Netherlands;NPB Padelcompetitie;WO;Caroline;Neimeijer;20.05.2019;;2;
Netherlands;NPB Padelcompetitie;WO;Caroline;Neimeijer;27.05.2019;;2;
Netherlands;NPB Padelcompetitie;WO;Caroline;Neimeijer;03.06.2019;;6;
Netherlands;NPB Padelcompetitie;WO;Caroline;Neimeijer;02.09.2019;;7;
Netherlands;NPB Padelcompetitie;WO;Caroline;Neimeijer;16.09.2019;;6;
Netherlands;NPB Padelcompetitie;WO;Caroline;Neimeijer;23.09.2019;;8;
Netherlands;NPB Padelcompetitie;WO;Caroline;Neimeijer;30.09.2019;;4;
Netherlands;NPB Padelcompetitie;WO;Caroline;Neimeijer;14.10.2019;;8;
Netherlands;NPB Padelcompetitie;WO;Caroline;Neimeijer;21.10.2019;;4;
Netherlands;NPB Padelcompetitie;WO;Caroline;Neimeijer;04.11.2019;;1;
Netherlands;NPB Padelcompetitie;WO;Mara;Malicki;16.07.2018;24;24;
Netherlands;NPB Padelcompetitie;WO;Mara;Malicki;22.04.2019;32;8;
Netherlands;NPB Padelcompetitie;WO;Mara;Malicki;20.07.2019;38;6;
Netherlands;NPB Padelcompetitie;WO;Mara;Malicki;15.07.2019;14;;-24
Netherlands;NPB Padelcompetitie;WO;Mara;Malicki;19.08.2019;38;24;
Netherlands;NPB Padelcompetitie;WO;Mara;Malicki;02.09.2019;52;14;
Netherlands;NPB Padelcompetitie;WO;Sascha;Idema;16.07.2018;14;14;
Netherlands;NPB Padelcompetitie;WO;Sascha;Idema;15.04.2019;16;2;
Netherlands;NPB Padelcompetitie;WO;Sascha;Idema;06.05.2019;30;14;
Netherlands;NPB Padelcompetitie;WO;Sascha;Idema;20.05.2019;33;3;
Netherlands;NPB Padelcompetitie;WO;Sascha;Idema;27.05.2019;35;2;
Netherlands;NPB Padelcompetitie;WO;Sascha;Idema;03.06.2019;37;2;
Netherlands;NPB Padelcompetitie;WO;Sascha;Idema;15.07.2019;23;;-14
Netherlands;NPB Padelcompetitie;WO;Sascha;Idema;22.07.2019;25;2;
Netherlands;NPB Padelcompetitie;WO;Sascha;Idema;16.09.2019;32;7;
Netherlands;NPB Padelcompetitie;WO;Sascha;Idema;30.09.2019;35;3;
Netherlands;NPB Padelcompetitie;WO;Sascha;Idema;07.10.2019;39;4;
Netherlands;NPB Padelcompetitie;WO;Sascha;Idema;14.10.2019;44;5;
Netherlands;NPB Padelcompetitie;WO;Sascha;Idema;21.10.2019;48;4;
Netherlands;NPB Padelcompetitie;WO;Sascha;Idema;04.11.2019;51;3;
Netherlands;NPB Padelcompetitie;WO;Lucie;Jonkman;09.09.2019;24;24;
Netherlands;NPB Padelcompetitie;WO;Lucie;Jonkman;11.11.2019;48;24;
Netherlands;NPB Padelcompetitie;WO;Nathalie;Harder;01.04.2019;10;10;
Netherlands;NPB Padelcompetitie;WO;Nathalie;Harder;08.04.2019;14;4;
Netherlands;NPB Padelcompetitie;WO;Nathalie;Harder;15.04.2019;16;2;
Netherlands;NPB Padelcompetitie;WO;Nathalie;Harder;22.04.2019;17;1;
Netherlands;NPB Padelcompetitie;WO;Nathalie;Harder;27.05.2019;21;4;
Netherlands;NPB Padelcompetitie;WO;Nathalie;Harder;03.05.2019;25;4;
Netherlands;NPB Padelcompetitie;WO;Nathalie;Harder;16.09.2019;29;4;
Netherlands;NPB Padelcompetitie;WO;Nathalie;Harder;23.09.2019;35;6;
Netherlands;NPB Padelcompetitie;WO;Nathalie;Harder;30.09.2019;43;8;
Netherlands;NPB Padelcompetitie;WO;Manon;Wilkes;08.04.2019;2;2;
Netherlands;NPB Padelcompetitie;WO;Manon;Wilkes;15.04.2019;6;4;
Netherlands;NPB Padelcompetitie;WO;Manon;Wilkes;22.04.2019;10;4;
Netherlands;NPB Padelcompetitie;WO;Manon;Wilkes;13.05.2019;14;4;
Netherlands;NPB Padelcompetitie;WO;Manon;Wilkes;20.05.2019;18;4;
Netherlands;NPB Padelcompetitie;WO;Manon;Wilkes;03.06.2019;20;2;
Netherlands;NPB Padelcompetitie;WO;Manon;Wilkes;16.09.2019;26;6;
Netherlands;NPB Padelcompetitie;WO;Manon;Wilkes;23.09.2019;32;6;
Netherlands;NPB Padelcompetitie;WO;Manon;Wilkes;30.09.2019;36;4;
Netherlands;NPB Padelcompetitie;WO;Manon;Wilkes;07.10.2019;40;4;
Netherlands;NPB Padelcompetitie;WO;Manon;Wilkes;11.10.2019;46;6;
Netherlands;NPB Padelcompetitie;WO;Beatriz;Gómez;08.04.2019;11;11;
Netherlands;NPB Padelcompetitie;WO;Beatriz;Gómez;15.04.2019;22;11;
Netherlands;NPB Padelcompetitie;WO;Beatriz;Gómez;13.05.2019;30;8;
Netherlands;NPB Padelcompetitie;WO;Beatriz;Gómez;20.05.2019;46;16;
Netherlands;NPB Padelcompetitie;WO;Evelien;Boerkamp;21.05.2018;7;7;
Netherlands;NPB Padelcompetitie;WO;Evelien;Boerkamp;02.07.2018;14;7;
Netherlands;NPB Padelcompetitie;WO;Evelien;Boerkamp;09.07.2018;28;14;
Netherlands;NPB Padelcompetitie;WO;Evelien;Boerkamp;16.07.2018;35;7;
Netherlands;NPB Padelcompetitie;WO;Evelien;Boerkamp;08.04.2019;39;4;
Netherlands;NPB Padelcompetitie;WO;Evelien;Boerkamp;15.04.2019;43;4;
Netherlands;NPB Padelcompetitie;WO;Evelien;Boerkamp;22.04.2019;47;4;
Netherlands;NPB Padelcompetitie;WO;Evelien;Boerkamp;13.05.2019;49;2;
Netherlands;NPB Padelcompetitie;WO;Evelien;Boerkamp;20.05.2019;46;4;-7
Netherlands;NPB Padelcompetitie;WO;Evelien;Boerkamp;27.05.2019;48;4;
Netherlands;NPB Padelcompetitie;WO;Evelien;Boerkamp;10.06.2019;62;14;
Netherlands;NPB Padelcompetitie;WO;Evelien;Boerkamp;01.07.2019;65;10;-7
Netherlands;NPB Padelcompetitie;WO;Evelien;Boerkamp;08.07.2019;51;;-14
Netherlands;NPB Padelcompetitie;WO;Evelien;Boerkamp;15.07.2019;44;;7
Netherlands;NPB Padelcompetitie;WO;Patricia;Dankert;15.07.2019;14;14;
Netherlands;NPB Padelcompetitie;WO;Patricia;Dankert;19.08.2019;30;16;
Netherlands;NPB Padelcompetitie;WO;Patricia;Dankert;16.09.2019;38;8;
Netherlands;NPB Padelcompetitie;WO;Patricia;Dankert;28.10.2019;46;8;
Netherlands;NPB Padelcompetitie;WO;Annemarie;Doddema;26.11.2018;14;14;
Netherlands;NPB Padelcompetitie;WO;Annemarie;Doddema;08.04.2019;20;6;
Netherlands;NPB Padelcompetitie;WO;Annemarie;Doddema;15.04.2019;28;8;
Netherlands;NPB Padelcompetitie;WO;Annemarie;Doddema;13.05.2019;32;4;
Netherlands;NPB Padelcompetitie;WO;Annemarie;Doddema;20.05.2019;40;8;
Netherlands;NPB Padelcompetitie;WO;Annemarie;Doddema;27.05.2019;46;6;
Netherlands;NPB Padelcompetitie;WO;Annemarie;Doddema;03.06.2019;48;2;
Netherlands;NPB Padelcompetitie;WO;Annemarie;Doddema;11.11.2019;58;10;
Netherlands;NPB Padelcompetitie;WO;Annemarie;Doddema;25.11.2019;44;;-14
Netherlands;NPB Padelcompetitie;WO;Lilian;Boerkamp;21.05.2018;7;7;
Netherlands;NPB Padelcompetitie;WO;Lilian;Boerkamp;02.07.2018;14;7;
Netherlands;NPB Padelcompetitie;WO;Lilian;Boerkamp;09.07.2018;28;14;
Netherlands;NPB Padelcompetitie;WO;Lilian;Boerkamp;16.07.2018;35;7;
Netherlands;NPB Padelcompetitie;WO;Lilian;Boerkamp;08.04.2019;39;4;
Netherlands;NPB Padelcompetitie;WO;Lilian;Boerkamp;15.04.2019;43;4;
Netherlands;NPB Padelcompetitie;WO;Lilian;Boerkamp;22.04.2019;47;4;
Netherlands;NPB Padelcompetitie;WO;Lilian;Boerkamp;13.05.2019;49;2;
Netherlands;NPB Padelcompetitie;WO;Lilian;Boerkamp;20.05.2019;46;4;-7
Netherlands;NPB Padelcompetitie;WO;Lilian;Boerkamp;27.05.2019;48;2;
Netherlands;NPB Padelcompetitie;WO;Lilian;Boerkamp;10.06.2019;62;14;
Netherlands;NPB Padelcompetitie;WO;Lilian;Boerkamp;01.07.2019;65;10;-7
Netherlands;NPB Padelcompetitie;WO;Lilian;Boerkamp;08.07.2019;51;;-14
Netherlands;NPB Padelcompetitie;WO;Lilian;Boerkamp;15.07.2019;44;;7
Netherlands;NPB Padelcompetitie;WO;Wendela;Kok;02.07.2018;7;7;
Netherlands;NPB Padelcompetitie;WO;Wendela;Kok;01.04.2019;17;10;
Netherlands;NPB Padelcompetitie;WO;Wendela;Kok;08.04.2019;21;4;
Netherlands;NPB Padelcompetitie;WO;Wendela;Kok;22.04.2019;25;4;
Netherlands;NPB Padelcompetitie;WO;Wendela;Kok;20.05.2019;27;2;
Netherlands;NPB Padelcompetitie;WO;Wendela;Kok;27.05.2019;31;4;
Netherlands;NPB Padelcompetitie;WO;Wendela;Kok;03.06.2019;35;4;
Netherlands;NPB Padelcompetitie;WO;Wendela;Kok;01.07.2018;28;;-7
Netherlands;NPB Padelcompetitie;WO;Wendela;Kok;16.09.2019;34;6;
Netherlands;NPB Padelcompetitie;WO;Wendela;Kok;23.09.2019;40;6;
Netherlands;NPB Padelcompetitie;WO;Caren;van der Harst;09.07.2018;14;14;
Netherlands;NPB Padelcompetitie;WO;Caren;van der Harst;08.07.2019;0;;-14
Netherlands;NPB Padelcompetitie;WO;Caren;van der Harst;15.07.2019;14;14;
Netherlands;NPB Padelcompetitie;WO;Caren;van der Harst;19.08.2019;30;16;
Netherlands;NPB Padelcompetitie;WO;Caren;van der Harst;07.10.2019;38;8;
Netherlands;NPB Padelcompetitie;WO;Caren;van der Harst;21.10.2019;44;6;
Netherlands;NPB Padelcompetitie;WO;Loes;Meijer;20.05.2019;8;8;
Netherlands;NPB Padelcompetitie;WO;Loes;Meijer;15.07.2019;22;14;
Netherlands;NPB Padelcompetitie;WO;Loes;Meijer;09.09.2019;36;14;
Netherlands;NPB Padelcompetitie;WO;Loes;Meijer;09.09.2019;36;14;
Netherlands;NPB Padelcompetitie;WO;Loes;Meijer;11.11.2019;42;6;
Netherlands;NPB Padelcompetitie;WO;Edith;Ten Cate;22.04.2019;6;6;
Netherlands;NPB Padelcompetitie;WO;Edith;Ten Cate;13.05.2019;10;4;
Netherlands;NPB Padelcompetitie;WO;Edith;Ten Cate;20.04.2019;18;8;
Netherlands;NPB Padelcompetitie;WO;Edith;Ten Cate;27.04.2019;22;4;
Netherlands;NPB Padelcompetitie;WO;Edith;Ten Cate;07.10.2019;28;6;
Netherlands;NPB Padelcompetitie;WO;Edith;Ten Cate;11.11.2019;42;14;
Netherlands;NPB Padelcompetitie;WO;Susanne;Arts;08.04.2019;8;8;
Netherlands;NPB Padelcompetitie;WO;Susanne;Arts;13.05.2019;16;8;
Netherlands;NPB Padelcompetitie;WO;Susanne;Arts;10.06.2019;40;24;
Netherlands;NPB Padelcompetitie;WO;Mirjam;Haenen;01.07.2019;40;40;
Netherlands;NPB Padelcompetitie;WO;Merel;van Houten;11.11.2019;40;40;
Netherlands;NPB Padelcompetitie;WO;Esther;Scholma;08.04.2019;2;2;
Netherlands;NPB Padelcompetitie;WO;Esther;Scholma;15.04.2019;4;2;
Netherlands;NPB Padelcompetitie;WO;Esther;Scholma;22.04.2019;10;6;
Netherlands;NPB Padelcompetitie;WO;Esther;Scholma;13.05.2019;11;1;
Netherlands;NPB Padelcompetitie;WO;Esther;Scholma;20.05.2019;14;3;
Netherlands;NPB Padelcompetitie;WO;Esther;Scholma;27.05.2019;22;8;
Netherlands;NPB Padelcompetitie;WO;Esther;Scholma;03.06.2019;27;5;
Netherlands;NPB Padelcompetitie;WO;Esther;Scholma;17.06.2019;28;1;
Netherlands;NPB Padelcompetitie;WO;Esther;Scholma;16.09.2019;30;2;
Netherlands;NPB Padelcompetitie;WO;Esther;Scholma;23.09.2019;32;2;
Netherlands;NPB Padelcompetitie;WO;Esther;Scholma;30.09.2019;36;4;
Netherlands;NPB Padelcompetitie;WO;Esther;Scholma;07.10.2019;40;4;
Netherlands;NPB Padelcompetitie;WO;Esther;Scholma;14.10.2019;42;2;
Netherlands;NPB Padelcompetitie;WO;Denise;Geurtsen;16.07.2018;24;24;
Netherlands;NPB Padelcompetitie;WO;Denise;Geurtsen;15.04.2019;28;4;
Netherlands;NPB Padelcompetitie;WO;Denise;Geurtsen;22.04.2019;36;8;
Netherlands;NPB Padelcompetitie;WO;Denise;Geurtsen;13.05.2019;40;4;
Netherlands;NPB Padelcompetitie;WO;Denise;Geurtsen;20.05.2019;44;4;
Netherlands;NPB Padelcompetitie;WO;Denise;Geurtsen;15.07.2019;20;;-24
Netherlands;NPB Padelcompetitie;WO;Denise;Geurtsen;20.08.2019;44;24;
Netherlands;NPB Padelcompetitie;WO;Denise;Geurtsen;02.09.2019;58;14;
Netherlands;NPB Padelcompetitie;WO;Ane;Rebolledo;26.11.2018;40;40;
Netherlands;NPB Padelcompetitie;WO;Ane;Rebolledo;08.04.2019;46;6;
Netherlands;NPB Padelcompetitie;WO;Ane;Rebolledo;13.05.2019;52;6;
Netherlands;NPB Padelcompetitie;WO;Ane;Rebolledo;27.05.2019;58;6;
Netherlands;NPB Padelcompetitie;WO;Ane;Rebolledo;03.06.2019;62;4;
Netherlands;NPB Padelcompetitie;WO;Ane;Rebolledo;15.07.2019;78;16;
Netherlands;NPB Padelcompetitie;WO;Ane;Rebolledo;25.11.2019;38;;-40
Netherlands;NPB Padelcompetitie;WO;Carly;Sieval;13.08.2018;18;18;
Netherlands;NPB Padelcompetitie;WO;Carly;Sieval;13.08.2018;36;36;-18
Netherlands;NPB Padelcompetitie;WO;Jose;Kocken;12.08.2019;36;36;
Netherlands;NPB Padelcompetitie;WO;María Teresa;Benito Planas;12.08.2019;36;36;
Netherlands;NPB Padelcompetitie;WO;Angelique;Rogaar;08.04.2019;3;3;
Netherlands;NPB Padelcompetitie;WO;Angelique;Rogaar;15.04.2019;6;3;
Netherlands;NPB Padelcompetitie;WO;Angelique;Rogaar;22.04.2019;8;2;
Netherlands;NPB Padelcompetitie;WO;Angelique;Rogaar;13.05.2019;12;4;
Netherlands;NPB Padelcompetitie;WO;Angelique;Rogaar;20.05.2019;16;4;
Netherlands;NPB Padelcompetitie;WO;Angelique;Rogaar;03.06.2019;18;2;
Netherlands;NPB Padelcompetitie;WO;Angelique;Rogaar;16.09.2019;22;4;
Netherlands;NPB Padelcompetitie;WO;Angelique;Rogaar;23.09.2019;26;4;
Netherlands;NPB Padelcompetitie;WO;Angelique;Rogaar;07.10.2019;30;4;
Netherlands;NPB Padelcompetitie;WO;Angelique;Rogaar;14.10.2019;34;4;
Netherlands;NPB Padelcompetitie;WO;Carmen;Zijl;05.11.2018;3;3;
Netherlands;NPB Padelcompetitie;WO;Carmen;Zijl;08.04.2019;5;2;
Netherlands;NPB Padelcompetitie;WO;Carmen;Zijl;13.05.2019;13;8;
Netherlands;NPB Padelcompetitie;WO;Carmen;Zijl;15.07.2019;27;14;
Netherlands;NPB Padelcompetitie;WO;Carmen;Zijl;16.09.2019;31;4;
Netherlands;NPB Padelcompetitie;WO;Carmen;Zijl;11.11.2019;37;6;
Netherlands;NPB Padelcompetitie;WO;Mylène;van 't Hart;08.04.2019;2;2;
Netherlands;NPB Padelcompetitie;WO;Mylène;van 't Hart;13.05.2019;6;4;
Netherlands;NPB Padelcompetitie;WO;Mylène;van 't Hart;20.05.2019;8;2;
Netherlands;NPB Padelcompetitie;WO;Mylène;van 't Hart;27.05.2019;10;2;
Netherlands;NPB Padelcompetitie;WO;Mylène;van 't Hart;03.06.2019;14;4;
Netherlands;NPB Padelcompetitie;WO;Mylène;van 't Hart;23.09.2019;20;6;
Netherlands;NPB Padelcompetitie;WO;Mylène;van 't Hart;30.09.2019;24;4;
Netherlands;NPB Padelcompetitie;WO;Mylène;van 't Hart;14.10.2019;32;8;
Netherlands;NPB Padelcompetitie;WO;Mylène;van 't Hart;21.10.2019;34;2;
Netherlands;NPB Padelcompetitie;WO;Rinke;van den Berg;15.04.2019;6;6;
Netherlands;NPB Padelcompetitie;WO;Rinke;van den Berg;22.04.2019;12;6;
Netherlands;NPB Padelcompetitie;WO;Rinke;van den Berg;13.05.2019;23;11;
Netherlands;NPB Padelcompetitie;WO;Rinke;van den Berg;20.05.2019;34;11;
Netherlands;NPB Padelcompetitie;WO;Heidi;van Leest;03.09.2018;7;7;
Netherlands;NPB Padelcompetitie;WO;Heidi;van Leest;08.04.2019;9;2;
Netherlands;NPB Padelcompetitie;WO;Heidi;van Leest;15.04.2019;11;2;
Netherlands;NPB Padelcompetitie;WO;Heidi;van Leest;22.04.2019;13;2;
Netherlands;NPB Padelcompetitie;WO;Heidi;van Leest;20.05.2019;15;2;
Netherlands;NPB Padelcompetitie;WO;Heidi;van Leest;27.05.2019;17;2;
Netherlands;NPB Padelcompetitie;WO;Heidi;van Leest;17.08.2019;23;6;
Netherlands;NPB Padelcompetitie;WO;Heidi;van Leest;02.09.2019;21;5;-7
Netherlands;NPB Padelcompetitie;WO;Heidi;van Leest;16.09.2019;23;2;
Netherlands;NPB Padelcompetitie;WO;Heidi;van Leest;29.09.2019;25;2;
Netherlands;NPB Padelcompetitie;WO;Heidi;van Leest;07.10.2019;27;2;
Netherlands;NPB Padelcompetitie;WO;Heidi;van Leest;21.10.2019;29;2;
Netherlands;NPB Padelcompetitie;WO;Marjolein;Pronk;15.04.2019;8;8;
Netherlands;NPB Padelcompetitie;WO;Marjolein;Pronk;22.04.2019;14;6;
Netherlands;NPB Padelcompetitie;WO;Marjolein;Pronk;27.05.2019;18;4;
Netherlands;NPB Padelcompetitie;WO;Marjolein;Pronk;03.06.2019;26;8;
Netherlands;NPB Padelcompetitie;WO;Annemiek;van Munster;16.07.2018;14;14;
Netherlands;NPB Padelcompetitie;WO;Annemiek;van Munster;08.04.2019;18;4;
Netherlands;NPB Padelcompetitie;WO;Annemiek;van Munster;15.04.2019;24;6;
Netherlands;NPB Padelcompetitie;WO;Annemiek;van Munster;13.05.2019;30;6;
Netherlands;NPB Padelcompetitie;WO;Annemiek;van Munster;20.05.2019;34;4;
Netherlands;NPB Padelcompetitie;WO;Annemiek;van Munster;27.05.2019;40;6;
Netherlands;NPB Padelcompetitie;WO;Annemiek;van Munster;15.07.2019;26;;-14
Netherlands;NPB Padelcompetitie;WO;Annemiek;van Munster;23.09.2019;30;4;
Netherlands;NPB Padelcompetitie;WO;Melanique;van Maanen;02.07.2018;14;14;
Netherlands;NPB Padelcompetitie;WO;Melanique;van Maanen;01.07.2019;0;;-14
Netherlands;NPB Padelcompetitie;WO;Melanique;van Maanen;05.08.2019;18;18;
Netherlands;NPB Padelcompetitie;WO;Melanique;van Maanen;11.11.2019;32;14;
Netherlands;NPB Padelcompetitie;WO;Lourdes;Pérez Sorroche;22.04.2019;11;11;
Netherlands;NPB Padelcompetitie;WO;Lourdes;Pérez Sorroche;16.09.2019;22;11;
Netherlands;NPB Padelcompetitie;WO;Lourdes;Pérez Sorroche;07.10.2019;30;8;
Netherlands;NPB Padelcompetitie;WO;Herma;Florissen;08.04.2019;6;6;
Netherlands;NPB Padelcompetitie;WO;Herma;Florissen;15.04.2019;12;6;
Netherlands;NPB Padelcompetitie;WO;Herma;Florissen;13.05.2019;14;2;
Netherlands;NPB Padelcompetitie;WO;Herma;Florissen;16.09.2019;20;6;
Netherlands;NPB Padelcompetitie;WO;Herma;Florissen;23.09.2019;26;6;
Netherlands;NPB Padelcompetitie;WO;Petra;van den Brink;02.04.2018;7;7;
Netherlands;NPB Padelcompetitie;WO;Petra;van den Brink;28.05.2018;9;2;
Netherlands;NPB Padelcompetitie;WO;Petra;van den Brink;04.06.2018;45;36;
Netherlands;NPB Padelcompetitie;WO;Petra;van den Brink;01.04.2019;54;16;-7
Netherlands;NPB Padelcompetitie;WO;Petra;van den Brink;27.05.2019;52;;-2
Netherlands;NPB Padelcompetitie;WO;Petra;van den Brink;03.06.2019;16;-36;
Netherlands;NPB Padelcompetitie;WO;Petra;van den Brink;17.06.2019;24;8;
Netherlands;NPB Padelcompetitie;WO;Petra;van den Brink;15.07.2019;30;6;
Netherlands;NPB Padelcompetitie;WO;Eva;Sans;20.05.2019;4;4;
Netherlands;NPB Padelcompetitie;WO;Eva;Sans;27.05.2019;12;8;
Netherlands;NPB Padelcompetitie;WO;Eva;Sans;16.09.2019;18;6;
Netherlands;NPB Padelcompetitie;WO;Eva;Sans;30.09.2019;24;6;
Netherlands;NPB Padelcompetitie;WO;Eva;Sans;07.10.2019;30;6;
Netherlands;NPB Padelcompetitie;WO;Leonie;de Jong;08.04.2019;4;4;
Netherlands;NPB Padelcompetitie;WO;Leonie;de Jong;22.04.2019;8;4;
Netherlands;NPB Padelcompetitie;WO;Leonie;de Jong;13.05.2019;10;2;
Netherlands;NPB Padelcompetitie;WO;Leonie;de Jong;20.05.2019;12;2;
Netherlands;NPB Padelcompetitie;WO;Leonie;de Jong;27.05.2019;16;4;
Netherlands;NPB Padelcompetitie;WO;Leonie;de Jong;10.06.2019;30;14;
Netherlands;NPB Padelcompetitie;WO;Nina;Louter;22.04.2019;8;8;
Netherlands;NPB Padelcompetitie;WO;Nina;Louter;27.05.2019;16;8;
Netherlands;NPB Padelcompetitie;WO;Nina;Louter;03.06.2019;24;8;
Netherlands;NPB Padelcompetitie;WO;Evaline;Coenen;15.04.2019;6;6;
Netherlands;NPB Padelcompetitie;WO;Evaline;Coenen;22.04.2019;10;4;
Netherlands;NPB Padelcompetitie;WO;Evaline;Coenen;16.09.2019;14;4;
Netherlands;NPB Padelcompetitie;WO;Evaline;Coenen;07.10.2019;22;8;
Netherlands;NPB Padelcompetitie;WO;Evaline;Coenen;21.10.2019;30;8;
Netherlands;NPB Padelcompetitie;WO;Heleen;Jägers;15.05.2018;14;14;
Netherlands;NPB Padelcompetitie;WO;Heleen;Jägers;22.05.2018;28;14;
Netherlands;NPB Padelcompetitie;WO;Heleen;Jägers;09.09.2018;100;72;
Netherlands;NPB Padelcompetitie;WO;Heleen;Jägers;08.04.2019;106;6;
Netherlands;NPB Padelcompetitie;WO;Heleen;Jägers;15.04.2019;114;8;
Netherlands;NPB Padelcompetitie;WO;Heleen;Jägers;13.05.2019;106;6;-14
Netherlands;NPB Padelcompetitie;WO;Heleen;Jägers;20.05.2019;96;4;-14
Netherlands;NPB Padelcompetitie;WO;Heleen;Jägers;03.06.2019;100;4;
Netherlands;NPB Padelcompetitie;WO;Heleen;Jägers;08.09.2019;28;;-72
Netherlands;NPB Padelcompetitie;WO;Ann;Mtz Lzo;08.04.2019;6;6;
Netherlands;NPB Padelcompetitie;WO;Ann;Mtz Lzo;15.04.2019;10;4;
Netherlands;NPB Padelcompetitie;WO;Ann;Mtz Lzo;13.05.2019;12;2;
Netherlands;NPB Padelcompetitie;WO;Ann;Mtz Lzo;20.05.2019;16;4;
Netherlands;NPB Padelcompetitie;WO;Ann;Mtz Lzo;27.05.2019;24;8;
Netherlands;NPB Padelcompetitie;WO;Ann;Mtz Lzo;17.06.2019;28;4;
Netherlands;NPB Padelcompetitie;WO;Suzanne;Pottegieter;22.04.2019;2;2;
Netherlands;NPB Padelcompetitie;WO;Suzanne;Pottegieter;13.05.2019;6;4;
Netherlands;NPB Padelcompetitie;WO;Suzanne;Pottegieter;20.05.2019;8;2;
Netherlands;NPB Padelcompetitie;WO;Suzanne;Pottegieter;27.05.2019;10;2;
Netherlands;NPB Padelcompetitie;WO;Suzanne;Pottegieter;12.08.2019;28;18;
Netherlands;NPB Padelcompetitie;WO;Linda;Menkhorst;12.08.2019;18;18;
Netherlands;NPB Padelcompetitie;WO;Linda;Menkhorst;12.08.2019;28;10;
Netherlands;NPB Padelcompetitie;WO;Eva;Straatsma;08.04.2019;4;4;
Netherlands;NPB Padelcompetitie;WO;Eva;Straatsma;15.04.2019;8;4;
Netherlands;NPB Padelcompetitie;WO;Eva;Straatsma;22.04.2019;16;8;
Netherlands;NPB Padelcompetitie;WO;Eva;Straatsma;13.05.2019;20;4;
Netherlands;NPB Padelcompetitie;WO;Eva;Straatsma;278.05.2019;26;6;
Netherlands;NPB Padelcompetitie;WO;Salena;Dekens;26.11.2018;14;14;
Netherlands;NPB Padelcompetitie;WO;Salena;Dekens;08.04.2019;18;4;
Netherlands;NPB Padelcompetitie;WO;Salena;Dekens;13.05.2019;22;4;
Netherlands;NPB Padelcompetitie;WO;Salena;Dekens;20.05.2019;26;4;
Netherlands;NPB Padelcompetitie;WO;Salena;Dekens;27.05.2019;30;4;
Netherlands;NPB Padelcompetitie;WO;Salena;Dekens;11.11.2019;40;10;
Netherlands;NPB Padelcompetitie;WO;Salena;Dekens;25.11.2019;26;;-14
Netherlands;NPB Padelcompetitie;WO;Anne;Ooms;16.09.2019;6;6;
Netherlands;NPB Padelcompetitie;WO;Anne;Ooms;07.10.2019;9;3;
Netherlands;NPB Padelcompetitie;WO;Anne;Ooms;14.10.2019;20;11;
Netherlands;NPB Padelcompetitie;WO;Anne;Ooms;21.10.2019;26;6;
Netherlands;NPB Padelcompetitie;WO;Sandra;Buiskool;08.04.2019;3;3;
Netherlands;NPB Padelcompetitie;WO;Sandra;Buiskool;15.04.2019;5;2;
Netherlands;NPB Padelcompetitie;WO;Sandra;Buiskool;22.04.2019;7;2;
Netherlands;NPB Padelcompetitie;WO;Sandra;Buiskool;13.05.2019;8;1;
Netherlands;NPB Padelcompetitie;WO;Sandra;Buiskool;16.09.2019;12;4;
Netherlands;NPB Padelcompetitie;WO;Sandra;Buiskool;23.09.2019;16;4;
Netherlands;NPB Padelcompetitie;WO;Sandra;Buiskool;30.09.2019;18;2;
Netherlands;NPB Padelcompetitie;WO;Sandra;Buiskool;07.10.2019;24;6;
Netherlands;NPB Padelcompetitie;WO;Sandra;Buiskool;14.10.2019;26;2;
Netherlands;NPB Padelcompetitie;WO;Silvia;Teselink;08.04.2019;4;4;
Netherlands;NPB Padelcompetitie;WO;Silvia;Teselink;15.04.2019;8;4;
Netherlands;NPB Padelcompetitie;WO;Silvia;Teselink;22.04.2019;12;4;
Netherlands;NPB Padelcompetitie;WO;Silvia;Teselink;13.05.2019;16;4;
Netherlands;NPB Padelcompetitie;WO;Silvia;Teselink;20.05.2019;20;4;
Netherlands;NPB Padelcompetitie;WO;Silvia;Teselink;03.06.2019;26;4;
Netherlands;NPB Padelcompetitie;WO;Hylke;Heeres;23.09.2019;11;11;
Netherlands;NPB Padelcompetitie;WO;Hylke;Heeres;07.10.2019;22;11;
Netherlands;NPB Padelcompetitie;WO;Hylke;Heeres;14.10.2019;25;3;
Netherlands;NPB Padelcompetitie;WO;Bianca;Steentjes;03.09.2018;7;7;
Netherlands;NPB Padelcompetitie;WO;Bianca;Steentjes;08.04.2019;10;3;
Netherlands;NPB Padelcompetitie;WO;Bianca;Steentjes;15.04.2019;13;3;
Netherlands;NPB Padelcompetitie;WO;Bianca;Steentjes;20.05.2019;15;2;
Netherlands;NPB Padelcompetitie;WO;Bianca;Steentjes;27.05.2019;17;2;
Netherlands;NPB Padelcompetitie;WO;Bianca;Steentjes;03.06.2019;21;4;
Netherlands;NPB Padelcompetitie;WO;Bianca;Steentjes;02.09.2019;15;5;-7
Netherlands;NPB Padelcompetitie;WO;Bianca;Steentjes;16.09.2019;17;2;
Netherlands;NPB Padelcompetitie;WO;Bianca;Steentjes;30.09.2019;25;4;
Netherlands;NPB Padelcompetitie;WO;Ingrid;van de Boel;22.07.2019;1;1;
Netherlands;NPB Padelcompetitie;WO;Ingrid;van de Boel;16.09.2019;4;3;
Netherlands;NPB Padelcompetitie;WO;Ingrid;van de Boel;23.09.2019;8;4;
Netherlands;NPB Padelcompetitie;WO;Ingrid;van de Boel;30.09.2019;14;6;
Netherlands;NPB Padelcompetitie;WO;Ingrid;van de Boel;14.10.2019;17;3;
Netherlands;NPB Padelcompetitie;WO;Ingrid;van de Boel;21.10.2019;22;5;
Netherlands;NPB Padelcompetitie;WO;Ingrid;van de Boel;04.11.2019;25;3;
Netherlands;NPB Padelcompetitie;WO;Marjo;Gruisen;16.09.2019;8;8;
Netherlands;NPB Padelcompetitie;WO;Marjo;Gruisen;23.09.2019;16;8;
Netherlands;NPB Padelcompetitie;WO;Marjo;Gruisen;07.10.2019;20;4;
Netherlands;NPB Padelcompetitie;WO;Marjo;Gruisen;28.10.2019;24;4;
Netherlands;NPB Padelcompetitie;WO;Christel;van Kampen;02.07.2018;7;7;
Netherlands;NPB Padelcompetitie;WO;Christel;van Kampen;06.05.2019;31;24;
Netherlands;NPB Padelcompetitie;WO;Christel;van Kampen;01.07.2019;24;-7;
Netherlands;NPB Padelcompetitie;WO;Luna;Gelsumino;07.05.2019;24;24;
Netherlands;NPB Padelcompetitie;WO;Johanna;Piek;26.11.2018;24;24;
Netherlands;NPB Padelcompetitie;WO;Johanna;Piek;08.04.2019;28;4;
Netherlands;NPB Padelcompetitie;WO;Johanna;Piek;15.04.2019;32;4;
Netherlands;NPB Padelcompetitie;WO;Johanna;Piek;22.04.2019;36;4;
Netherlands;NPB Padelcompetitie;WO;Johanna;Piek;13.05.2019;40;4;
Netherlands;NPB Padelcompetitie;WO;Johanna;Piek;20.05.2019;44;4;
Netherlands;NPB Padelcompetitie;WO;Johanna;Piek;28.12.2019;48;4;
Netherlands;NPB Padelcompetitie;WO;Johanna;Piek;25.11.2019;48;24;-24
Netherlands;NPB Padelcompetitie;WO;Nathalie;Isken;08.04.2019;6;6;
Netherlands;NPB Padelcompetitie;WO;Nathalie;Isken;06.05.2019;12;6;
Netherlands;NPB Padelcompetitie;WO;Nathalie;Isken;03.06.2019;16;4;
Netherlands;NPB Padelcompetitie;WO;Nathalie;Isken;20.05.2019;24;8;
Netherlands;NPB Padelcompetitie;WO;Marjorie;Maduro;16.09.2019;4;4;
Netherlands;NPB Padelcompetitie;WO;Marjorie;Maduro;23.09.02019;6;2;
Netherlands;NPB Padelcompetitie;WO;Marjorie;Maduro;07.10.2019;8;2;
Netherlands;NPB Padelcompetitie;WO;Marjorie;Maduro;14.10.2019;15;7;
Netherlands;NPB Padelcompetitie;WO;Marjorie;Maduro;21.10.2019;22;7;
Netherlands;NPB Padelcompetitie;WO;Tessa;Nikkelen;08.04.2019;8;8;
Netherlands;NPB Padelcompetitie;WO;Tessa;Nikkelen;27.05.2019;14;6;
Netherlands;NPB Padelcompetitie;WO;Tessa;Nikkelen;23.09.2019;20;6;
Netherlands;NPB Padelcompetitie;WO;Ingeborg;Brager-Kuys;21.05.2018;7;7;
Netherlands;NPB Padelcompetitie;WO;Ingeborg;Brager-Kuys;15.04.2019;9;2;
Netherlands;NPB Padelcompetitie;WO;Ingeborg;Brager-Kuys;22.04.2019;10;1;
Netherlands;NPB Padelcompetitie;WO;Ingeborg;Brager-Kuys;13.05.2019;11;1;
Netherlands;NPB Padelcompetitie;WO;Ingeborg;Brager-Kuys;20.05.2019;6;2;-7
Netherlands;NPB Padelcompetitie;WO;Ingeborg;Brager-Kuys;27.05.2019;9;3;
Netherlands;NPB Padelcompetitie;WO;Ingeborg;Brager-Kuys;10.06.2019;23;14;
Netherlands;NPB Padelcompetitie;WO;Carola;Den Hollander;08.04.2019;6;6;
Netherlands;NPB Padelcompetitie;WO;Carola;Den Hollander;15.04.2019;10;4;
Netherlands;NPB Padelcompetitie;WO;Carola;Den Hollander;13.05.2019;14;4;
Netherlands;NPB Padelcompetitie;WO;Carola;Den Hollander;20.05.2019;18;4;
Netherlands;NPB Padelcompetitie;WO;Carola;Den Hollander;27.05.2019;22;4;
Netherlands;NPB Padelcompetitie;WO;Constance;Feyen;15.04.2019;2;2;
Netherlands;NPB Padelcompetitie;WO;Constance;Feyen;13.05.2019;6;4;
Netherlands;NPB Padelcompetitie;WO;Constance;Feyen;20.05.2019;10;4;
Netherlands;NPB Padelcompetitie;WO;Constance;Feyen;03.06.2019;11;1;
Netherlands;NPB Padelcompetitie;WO;Constance;Feyen;16.09.2019;15;4;
Netherlands;NPB Padelcompetitie;WO;Constance;Feyen;23.09.2019;17;2;
Netherlands;NPB Padelcompetitie;WO;Constance;Feyen;30.09.2019;19;2;
Netherlands;NPB Padelcompetitie;WO;Constance;Feyen;14.10.2019;21;2;
Netherlands;NPB Padelcompetitie;WO;Antoinet;Bolster;10.09.2018;36;36;
Netherlands;NPB Padelcompetitie;WO;Antoinet;Bolster;15.04.2019;40;4;
Netherlands;NPB Padelcompetitie;WO;Antoinet;Bolster;22.04.2019;44;4;
Netherlands;NPB Padelcompetitie;WO;Antoinet;Bolster;13.05.2019;48;4;
Netherlands;NPB Padelcompetitie;WO;Antoinet;Bolster;20.05.2019;56;8;
Netherlands;NPB Padelcompetitie;WO;Antoinet;Bolster;09.09.2019;20;0;-36
Netherlands;NPB Padelcompetitie;WO;Paula;Schreuder;08.04.2019;4;4;
Netherlands;NPB Padelcompetitie;WO;Paula;Schreuder;15.04.2019;8;4;
Netherlands;NPB Padelcompetitie;WO;Paula;Schreuder;22.04.2019;12;4;
Netherlands;NPB Padelcompetitie;WO;Paula;Schreuder;13.05.2019;16;4;
Netherlands;NPB Padelcompetitie;WO;Paula;Schreuder;03.06.2019;20;4;
Netherlands;NPB Padelcompetitie;WO;Blanca;Ruiz-Echarri;15.04.2019;4;4;
Netherlands;NPB Padelcompetitie;WO;Blanca;Ruiz-Echarri;13.05.2019;8;4;
Netherlands;NPB Padelcompetitie;WO;Blanca;Ruiz-Echarri;20.05.2019;12;12;
Netherlands;NPB Padelcompetitie;WO;Willemijn;Marsma;08.04.2019;6;6;
Netherlands;NPB Padelcompetitie;WO;Willemijn;Marsma;22.04.2019;14;8;
Netherlands;NPB Padelcompetitie;WO;Willemijn;Marsma;13.05.2019;16;2;
Netherlands;NPB Padelcompetitie;WO;Willemijn;Marsma;27.05.2019;20;4;
Netherlands;NPB Padelcompetitie;WO;Anke;Peerdeman;13.05.2019;8;8;
Netherlands;NPB Padelcompetitie;WO;Miranda;Berbee;16.09.2019;8;8;
Netherlands;NPB Padelcompetitie;WO;Miranda;Berbee;23.09.2019;14;6;
Netherlands;NPB Padelcompetitie;WO;Miranda;Berbee;14.10.2019;20;6;
Netherlands;NPB Padelcompetitie;WO;Anita;Koelewijn;19.02.2018;14;14;
Netherlands;NPB Padelcompetitie;WO;Anita;Koelewijn;16.04.2018;28;14;
Netherlands;NPB Padelcompetitie;WO;Anita;Koelewijn;30.07.2018;52;24;
Netherlands;NPB Padelcompetitie;WO;Anita;Koelewijn;03.09.2018;88;36;
Netherlands;NPB Padelcompetitie;WO;Anita;Koelewijn;28.01.2019;124;36;
Netherlands;NPB Padelcompetitie;WO;Anita;Koelewijn;18.02.2019;110;;-14
Netherlands;NPB Padelcompetitie;WO;Anita;Koelewijn;15.04.2019;96;;-14
Netherlands;NPB Padelcompetitie;WO;Anita;Koelewijn;29.07.2019;72;;-24
Netherlands;NPB Padelcompetitie;WO;Anita;Koelewijn;02.09.2019;36;;-36
Netherlands;NPB Padelcompetitie;WO;Anita;Koelewijn;27.01.2020;0;;-36
Netherlands;NPB Padelcompetitie;WO;Foka;van der Spoel;26.11.2018;24;24;
Netherlands;NPB Padelcompetitie;WO;Foka;van der Spoel;15.04.2019;28;4;
Netherlands;NPB Padelcompetitie;WO;Foka;van der Spoel;22.04.2019;34;6;
Netherlands;NPB Padelcompetitie;WO;Foka;van der Spoel;13.05.2019;38;4;
Netherlands;NPB Padelcompetitie;WO;Foka;van der Spoel;27.05.2019;42;4;
Netherlands;NPB Padelcompetitie;WO;Foka;van der Spoel;25.11.2019;18;;-24
Netherlands;NPB Padelcompetitie;WO;Clem;Wildenberg;08.04.2019;2;2;
Netherlands;NPB Padelcompetitie;WO;Clem;Wildenberg;15.04.2019;4;2;
Netherlands;NPB Padelcompetitie;WO;Clem;Wildenberg;20.05.2019;7;3;
Netherlands;NPB Padelcompetitie;WO;Clem;Wildenberg;27.05.2019;8;1;
Netherlands;NPB Padelcompetitie;WO;Clem;Wildenberg;03.06.2019;12;4;
Netherlands;NPB Padelcompetitie;WO;Clem;Wildenberg;30.09.2019;14;2;
Netherlands;NPB Padelcompetitie;WO;Clem;Wildenberg;07.10.2019;18;4;
Netherlands;NPB Padelcompetitie;WO;Puck;Bernard;05.08.2019;18;18;
Netherlands;NPB Padelcompetitie;WO;Carolien;Dijkhorst;23.09.2019;4;4;
Netherlands;NPB Padelcompetitie;WO;Carolien;Dijkhorst;30.09.2019;8;4;
Netherlands;NPB Padelcompetitie;WO;Carolien;Dijkhorst;07.10.2019;12;4;
Netherlands;NPB Padelcompetitie;WO;Carolien;Dijkhorst;15.10.2019;16;4;
Netherlands;NPB Padelcompetitie;WO;Carolien;Dijkhorst;22.10.2019;18;2;
Netherlands;NPB Padelcompetitie;WO;Martine;Janzen;27.05.2019;4;4;
Netherlands;NPB Padelcompetitie;WO;Martine;Janzen;03.06.2019;6;2;
Netherlands;NPB Padelcompetitie;WO;Martine;Janzen;26.08.2019;12;6;
Netherlands;NPB Padelcompetitie;WO;Martine;Janzen;30.09.2019;15;3;
Netherlands;NPB Padelcompetitie;WO;Martine;Janzen;07.10.2019;19;4;
Netherlands;NPB Padelcompetitie;WO;Martine;Janzen;14.10.2019;23;4;
Netherlands;NPB Padelcompetitie;WO;Sonsoles;Alonso Martínez;26.11.2018;40;40;
Netherlands;NPB Padelcompetitie;WO;Sonsoles;Alonso Martínez;15.07.2019;56;16;
Netherlands;NPB Padelcompetitie;WO;Sonsoles;Alonso Martínez;25.11.2019;16;;-40
Netherlands;NPB Padelcompetitie;WO;Virginia;Canelada;02.07.2018;14;14;
Netherlands;NPB Padelcompetitie;WO;Virginia;Canelada;30.07.2018;54;40;
Netherlands;NPB Padelcompetitie;WO;Virginia;Canelada;01.07.2019;40;;-14
Netherlands;NPB Padelcompetitie;WO;Virginia;Canelada;22.07.2019;46;16;
Netherlands;NPB Padelcompetitie;WO;Virginia;Canelada;29.07.2019;16;;-40
Netherlands;NPB Padelcompetitie;WO;Lizzy;van Stein;23.04.2018;7;7;
Netherlands;NPB Padelcompetitie;WO;Lizzy;van Stein;22.04.2019;0;;-7
Netherlands;NPB Padelcompetitie;WO;Lizzy;van Stein;23.09.2019;4;4;
Netherlands;NPB Padelcompetitie;WO;Lizzy;van Stein;07.10.2019;8;4;
Netherlands;NPB Padelcompetitie;WO;Lizzy;van Stein;14.10.2019;13;5;
Netherlands;NPB Padelcompetitie;WO;Natalia;Ldt;16.09.2019;2;2;
Netherlands;NPB Padelcompetitie;WO;Natalia;Ldt;07.10.2019;6;4;
Netherlands;NPB Padelcompetitie;WO;Natalia;Ldt;21.10.2019;10;4;
Netherlands;NPB Padelcompetitie;WO;Natalia;Ldt;28.10.2019;12;2;
Netherlands;NPB Padelcompetitie;WO;Annemarein;Mol;03.09.2018;3;3;
Netherlands;NPB Padelcompetitie;WO;Annemarein;Mol;08.04.2019;6;3;
Netherlands;NPB Padelcompetitie;WO;Annemarein;Mol;22.04.2019;8;2;
Netherlands;NPB Padelcompetitie;WO;Annemarein;Mol;20.05.2019;10;2;
Netherlands;NPB Padelcompetitie;WO;Annemarein;Mol;03.06.2019;13;3;
Netherlands;NPB Padelcompetitie;WO;Annemarein;Mol;02.09.2019;10;0;-3
Netherlands;NPB Padelcompetitie;WO;Annemarein;Mol;16.09.2019;12;2;
Netherlands;NPB Padelcompetitie;WO;Annemarein;Mol;14.10.2019;16;4;
Netherlands;NPB Padelcompetitie;WO;Naomi;de Kwaadsteniet;27.08.2018;14;14;
Netherlands;NPB Padelcompetitie;WO;Naomi;de Kwaadsteniet;26.08.2019;16;16;-14
Netherlands;NPB Padelcompetitie;WO;Inês;Pinheiro;22.04.2019;2;2;
Netherlands;NPB Padelcompetitie;WO;Inês;Pinheiro;27.05.2019;4;2;
Netherlands;NPB Padelcompetitie;WO;Inês;Pinheiro;03.06.2019;6;2;
Netherlands;NPB Padelcompetitie;WO;Inês;Pinheiro;16.09.2019;10;4;
Netherlands;NPB Padelcompetitie;WO;Inês;Pinheiro;30.09.2019;14;4;
Netherlands;NPB Padelcompetitie;WO;Suzanne;Deul;27.08.2018;14;14;
Netherlands;NPB Padelcompetitie;WO;Suzanne;Deul;26.08.2019;16;16;-14
Netherlands;NPB Padelcompetitie;WO;Yvon;Hoogendijk;08.04.2019;2;2;
Netherlands;NPB Padelcompetitie;WO;Yvon;Hoogendijk;22.04.2019;4;2;
Netherlands;NPB Padelcompetitie;WO;Yvon;Hoogendijk;13.05.2019;6;2;
Netherlands;NPB Padelcompetitie;WO;Yvon;Hoogendijk;27.05.2019;8;2;
Netherlands;NPB Padelcompetitie;WO;Yvon;Hoogendijk;03.06.2019;10;2;
Netherlands;NPB Padelcompetitie;WO;Yvon;Hoogendijk;16.09.2019;11;1;
Netherlands;NPB Padelcompetitie;WO;Yvon;Hoogendijk;30.09.2019;12;1;
Netherlands;NPB Padelcompetitie;WO;Yvon;Hoogendijk;14.10.2019;14;2;
Netherlands;NPB Padelcompetitie;WO;Yvon;Hoogendijk;21.10.2019;16;2;
Netherlands;NPB Padelcompetitie;WO;Jacqueline;Veninga;08.04.2019;4;4;
Netherlands;NPB Padelcompetitie;WO;Jacqueline;Veninga;23.09.2019;8;4;
Netherlands;NPB Padelcompetitie;WO;Jacqueline;Veninga;07.10.2019;16;8;
Netherlands;NPB Padelcompetitie;WO;E.;Heinneman;08.04.2019;4;4;
Netherlands;NPB Padelcompetitie;WO;E.;Heinneman;20.05.2019;12;8;
Netherlands;NPB Padelcompetitie;WO;E.;Heinneman;03.06.2019;16;4;
Netherlands;NPB Padelcompetitie;WO;Mónica;Borratxero;16.09.2019;4;4;
Netherlands;NPB Padelcompetitie;WO;Mónica;Borratxero;23.09.2019;8;4;
Netherlands;NPB Padelcompetitie;WO;Mónica;Borratxero;21.10.2019;12;4;
Netherlands;NPB Padelcompetitie;WO;Ellis;van Wageningen;14.10.2019;4;4;
Netherlands;NPB Padelcompetitie;WO;Ellis;van Wageningen;30.09.2019;8;4;
Netherlands;NPB Padelcompetitie;WO;Ellis;van Wageningen;23.09.2019;12;4;
Netherlands;NPB Padelcompetitie;WO;Ellis;van Wageningen;16.09.2019;16;4;
Netherlands;NPB Padelcompetitie;WO;Iris;Zeilstra;11.11.2019;16;16;
Netherlands;NPB Padelcompetitie;WO;Leonoor;Ahrens;15.04.2019;3;3;
Netherlands;NPB Padelcompetitie;WO;Leonoor;Ahrens;22.04.2019;5;2;
Netherlands;NPB Padelcompetitie;WO;Leonoor;Ahrens;13.05.2019;8;3;
Netherlands;NPB Padelcompetitie;WO;Leonoor;Ahrens;22.07.2019;10;2;
Netherlands;NPB Padelcompetitie;WO;Leonoor;Ahrens;02.09.2019;17;7;
Netherlands;NPB Padelcompetitie;WO;Leonoor;Ahrens;16.09.2019;21;4;
Netherlands;NPB Padelcompetitie;WO;Leonoor;Ahrens;30.09.2019;23;2;
Netherlands;NPB Padelcompetitie;WO;Leonoor;Ahrens;14.10.2019;28;5;
Netherlands;NPB Padelcompetitie;WO;Leonoor;Ahrens;04.11.2019;29;1;
Netherlands;NPB Padelcompetitie;WO;Elena;Prieto Mudarra;23.04.2018;14;14;
Netherlands;NPB Padelcompetitie;WO;Elena;Prieto Mudarra;22.04.2019;0;;-14
Netherlands;NPB Padelcompetitie;WO;Elena;Prieto Mudarra;06.05.2019;14;14;
Netherlands;NPB Padelcompetitie;WO;Carolien;Meijboom;08.04.2019;2;2;
Netherlands;NPB Padelcompetitie;WO;Carolien;Meijboom;13.05.2019;4;2;
Netherlands;NPB Padelcompetitie;WO;Carolien;Meijboom;20.05.2019;6;2;
Netherlands;NPB Padelcompetitie;WO;Carolien;Meijboom;27.05.2019;8;2;
Netherlands;NPB Padelcompetitie;WO;Carolien;Meijboom;23.09.2019;10;2;
Netherlands;NPB Padelcompetitie;WO;Carolien;Meijboom;07.10.2019;12;2;
Netherlands;NPB Padelcompetitie;WO;Carolien;Meijboom;14.10.2019;14;2;
Netherlands;NPB Padelcompetitie;WO;Monique;Heuven;22.04.2019;3;3;
Netherlands;NPB Padelcompetitie;WO;Monique;Heuven;27.05.2019;4;1;
Netherlands;NPB Padelcompetitie;WO;Monique;Heuven;03.06.2019;6;2;
Netherlands;NPB Padelcompetitie;WO;Monique;Heuven;15.07.2019;12;6;
Netherlands;NPB Padelcompetitie;WO;Monique;Heuven;14.10.2019;14;2;
Netherlands;NPB Padelcompetitie;WO;Debby;Dekker;08.04.2019;4;4;
Netherlands;NPB Padelcompetitie;WO;Debby;Dekker;15.04.2019;8;4;
Netherlands;NPB Padelcompetitie;WO;Debby;Dekker;20.05.2019;14;6;
Netherlands;NPB Padelcompetitie;WO;Jeanette;Meijers;08.04.2019;4;4;
Netherlands;NPB Padelcompetitie;WO;Jeanette;Meijers;15.04.2019;10;6;
Netherlands;NPB Padelcompetitie;WO;Jeanette;Meijers;22.04.2019;14;4;
Netherlands;NPB Padelcompetitie;WO;Maaike;Buskermolen;06.05.2019;14;14;
Netherlands;NPB Padelcompetitie;WO;Kristy;Kuik;19.08.2019;14;14;
Netherlands;NPB Padelcompetitie;WO;Krista;de Jong;19.08.2019;14;14;
Netherlands;NPB Padelcompetitie;WO;Serena;Droog;07.01.2018;1;1;
Netherlands;NPB Padelcompetitie;WO;Serena;Droog;07.01.2019;0;;-1
Netherlands;NPB Padelcompetitie;WO;Serena;Droog;09.06.2019;12;12;
Netherlands;NPB Padelcompetitie;WO;Saskia;Huitink;15.04.2019;3;3;
Netherlands;NPB Padelcompetitie;WO;Saskia;Huitink;22.04.2019;9;6;
Netherlands;NPB Padelcompetitie;WO;Saskia;Huitink;13.05.2019;12;3;
Netherlands;NPB Padelcompetitie;WO;Kelly;Spang;02.07.2018;7;7;
Netherlands;NPB Padelcompetitie;WO;Kelly;Spang;08.04.2019;11;4;
Netherlands;NPB Padelcompetitie;WO;Kelly;Spang;15.04.2019;13;2;
Netherlands;NPB Padelcompetitie;WO;Kelly;Spang;22.04.2019;16;3;
Netherlands;NPB Padelcompetitie;WO;Kelly;Spang;27.05.2019;19;3;
Netherlands;NPB Padelcompetitie;WO;Kelly;Spang;01.07.2019;12;;-7
Netherlands;NPB Padelcompetitie;WO;Michaela;Schigt;21.05.2018;4;4;
Netherlands;NPB Padelcompetitie;WO;Michaela;Schigt;08.04.2019;7;3;
Netherlands;NPB Padelcompetitie;WO;Michaela;Schigt;15.04.2019;9;2;
Netherlands;NPB Padelcompetitie;WO;Michaela;Schigt;13.05.2019;11;2;
Netherlands;NPB Padelcompetitie;WO;Michaela;Schigt;20.05.2019;9;2;-4
Netherlands;NPB Padelcompetitie;WO;Michaela;Schigt;27.05.2019;12;3;
Netherlands;NPB Padelcompetitie;WO;Jolanda;Broekhof;08.04.2019;2;2;
Netherlands;NPB Padelcompetitie;WO;Jolanda;Broekhof;15.04.2019;4;2;
Netherlands;NPB Padelcompetitie;WO;Jolanda;Broekhof;20.05.2019;6;2;
Netherlands;NPB Padelcompetitie;WO;Jolanda;Broekhof;03.06.2019;8;1;
Netherlands;NPB Padelcompetitie;WO;Jolanda;Broekhof;23.09.2019;9;2;
Netherlands;NPB Padelcompetitie;WO;Jolanda;Broekhof;30.09.2019;11;2;
Netherlands;NPB Padelcompetitie;WO;Jacqueline;van Wijk;30.09.2019;4;4;
Netherlands;NPB Padelcompetitie;WO;Jacqueline;van Wijk;07.10.2019;10;6;
Netherlands;NPB Padelcompetitie;WO;Cindy;Bondewel;08.04.2019;2;2;
Netherlands;NPB Padelcompetitie;WO;Cindy;Bondewel;15.04.2019;6;4;
Netherlands;NPB Padelcompetitie;WO;Cindy;Bondewel;20.05.2019;10;4;
Netherlands;NPB Padelcompetitie;WO;Lieske;Stevens;21.05.2018;7;7;
Netherlands;NPB Padelcompetitie;WO;Lieske;Stevens;08.04.2019;10;3;
Netherlands;NPB Padelcompetitie;WO;Lieske;Stevens;22.04.2019;12;2;
Netherlands;NPB Padelcompetitie;WO;Lieske;Stevens;13.05.2019;15;3;
Netherlands;NPB Padelcompetitie;WO;Lieske;Stevens;20.05.2019;10;2;-7
Netherlands;NPB Padelcompetitie;WO;Ingrid;Hofman;08.04.2019;4;4;
Netherlands;NPB Padelcompetitie;WO;Ingrid;Hofman;15.04.2019;6;2;
Netherlands;NPB Padelcompetitie;WO;Ingrid;Hofman;13.05.2019;8;2;
Netherlands;NPB Padelcompetitie;WO;Ingrid;Hofman;27.04.2019;10;2;
Netherlands;NPB Padelcompetitie;WO;Gonny;Schoonhoven;26.08.2019;12;12;
Netherlands;NPB Padelcompetitie;WO;Monique;Leerentveld;02.09.2019;3;3;
Netherlands;NPB Padelcompetitie;WO;Monique;Leerentveld;11.11.2019;9;6;
Netherlands;NPB Padelcompetitie;WO;Gabrielle;Peters-Frijns;23.09.2019;2;2;
Netherlands;NPB Padelcompetitie;WO;Gabrielle;Peters-Frijns;14.10.2019;5;3;
Netherlands;NPB Padelcompetitie;WO;Gabrielle;Peters-Frijns;28.10.2019;9;4;
Netherlands;NPB Padelcompetitie;WO;Birgit;Overmars;15.04.2019;2;2;
Netherlands;NPB Padelcompetitie;WO;Birgit;Overmars;22.04.2019;3;1;
Netherlands;NPB Padelcompetitie;WO;Birgit;Overmars;20.05.2019;5;2;
Netherlands;NPB Padelcompetitie;WO;Birgit;Overmars;03.06.2019;7;2;
Netherlands;NPB Padelcompetitie;WO;Sybranda;van Es;30.09.2019;4;4;
Netherlands;NPB Padelcompetitie;WO;Sybranda;van Es;21.10.2019;8;4;
Netherlands;NPB Padelcompetitie;MO;Mauke;Pool;13.05.2019;4;4;
Netherlands;NPB Padelcompetitie;MO;Mauke;Pool;20.05.2019;8;4;
Netherlands;NPB Padelcompetitie;WO;Stephanie;Claus;23.09.2019;4;4;
Netherlands;NPB Padelcompetitie;WO;Stephanie;Claus;07.10.2019;6;2;
Netherlands;NPB Padelcompetitie;WO;Stephanie;Claus;14.10.2019;8;2;
Netherlands;NPB Padelcompetitie;WO;Carolien;Sterkman;13.05.2019;8;8;
Netherlands;NPB Padelcompetitie;WO;Mariska;Janssen;23.09.2019;4;4;
Netherlands;NPB Padelcompetitie;WO;Mariska;Janssen;07.10.2019;6;2;
Netherlands;NPB Padelcompetitie;WO;Mariska;Janssen;14.10.2019;8;2;
Netherlands;NPB Padelcompetitie;WO;Inge;Gillis;16.09.2019;3;3;
Netherlands;NPB Padelcompetitie;WO;Inge;Gillis;14.10.2019;5;2;
Netherlands;NPB Padelcompetitie;WO;Inge;Gillis;21.10.2019;8;3;
Netherlands;NPB Padelcompetitie;WO;Chelsey;Hendriks;11.11.2019;8;8;
Netherlands;NPB Padelcompetitie;WO;Mariët;Timmerhuis;10.06.2019;7;7;
Netherlands;NPB Padelcompetitie;WO;Britt;du Pree;02.09.2019;7;7;
Netherlands;NPB Padelcompetitie;WO;Elsa;Sietsma;02.09.2019;7;7;
Netherlands;NPB Padelcompetitie;WO;Mariska;Hendriks;02.09.2019;7;7;
Netherlands;NPB Padelcompetitie;WO;Thea;Douma;20.05.2019;2;2;
Netherlands;NPB Padelcompetitie;WO;Thea;Douma;16.09.2019;4;2;
Netherlands;NPB Padelcompetitie;WO;Thea;Douma;23.09.2019;6;2;
Netherlands;NPB Padelcompetitie;WO;Norma;Voos;15.04.2019;2;2;
Netherlands;NPB Padelcompetitie;WO;Norma;Voos;22.04.2019;3;1;
Netherlands;NPB Padelcompetitie;WO;Norma;Voos;03.06.2019;5;2;
Netherlands;NPB Padelcompetitie;WO;Krista;Gronsveld;19.08.2019;4;4;
Netherlands;NPB Padelcompetitie;WO;Lenette;van Blooijs;08.04.2019;2;2;
Netherlands;NPB Padelcompetitie;WO;Lenette;van Blooijs;16.09.2019;4;2;
Netherlands;NPB Padelcompetitie;WO;Lenette;van Blooijs;23.09.2019;6;2;
Netherlands;NPB Padelcompetitie;WO;Lenette;van Blooijs;14.10.2019;8;2;
Netherlands;NPB Padelcompetitie;WO;Marieke;Bosman;16.09.2019;2;2;
Netherlands;NPB Padelcompetitie;WO;Marieke;Bosman;07.10.2019;4;2;
Netherlands;NPB Padelcompetitie;WO;Marieke;Bosman;14.10.2019;6;2;
Netherlands;NPB Padelcompetitie;WO;Gonneke;Hamers;23.09.2019;2;2;
Netherlands;NPB Padelcompetitie;WO;Gonneke;Hamers;30.09.2019;4;2;
Netherlands;NPB Padelcompetitie;WO;Gonneke;Hamers;21.10.2019;6;2;
Netherlands;NPB Padelcompetitie;WO;Hanka;van den Berk;07.10.2019;4;4;
Netherlands;NPB Padelcompetitie;WO;Hanka;van den Berk;21.10.2019;6;2;
Netherlands;NPB Padelcompetitie;WO;Marion;Post;07.10.2019;6;6;
Netherlands;NPB Padelcompetitie;WO;Angelique;de Vries;22.04.2019;2;2;
Netherlands;NPB Padelcompetitie;WO;Angelique;de Vries;20.05.2019;5;3;
Netherlands;NPB Padelcompetitie;WO;Inge;Bannink;23.09.2019;3;3;
Netherlands;NPB Padelcompetitie;WO;Inge;Bannink;21.10.2019;5;2;
Netherlands;NPB Padelcompetitie;WO;Vera;van Weerdt;07.10.2019;4;4;
Netherlands;NPB Padelcompetitie;WO;Elselien;Zelle;20.05.2019;4;4;
Netherlands;NPB Padelcompetitie;WO;Diana;van der Wielen;07.01.2019;0;0;
Netherlands;NPB Padelcompetitie;WO;Willy;Mars;08.04.2019;2;2;
Netherlands;NPB Padelcompetitie;WO;Willy;Mars;22.04.2019;4;2;
Netherlands;NPB Padelcompetitie;WO;Willy;Mars;16.09.2019;5;1;
Netherlands;NPB Padelcompetitie;WO;Willy;Mars;23.09.2019;7;2;
Netherlands;NPB Padelcompetitie;WO;Willy;Mars;21.10.2019;10;3;
Netherlands;NPB Padelcompetitie;WO;Jolanda;Wakkerman;27.05.2019;4;4;
Netherlands;NPB Padelcompetitie;WO;Sheila;Rasink;16.09.2019;4;4;
Netherlands;NPB Padelcompetitie;WO;Diana;Weisz;30.09.2019;2;2;
Netherlands;NPB Padelcompetitie;WO;Diana;Weisz;07.10.2019;4;2;
Netherlands;NPB Padelcompetitie;WO;Yvonne;Bel;07.10.2019;2;2;
Netherlands;NPB Padelcompetitie;WO;Yvonne;Bel;14.10.2019;4;2;
Netherlands;NPB Padelcompetitie;WO;Gea;van der Sman;07.01.2019;0;0;
Netherlands;NPB Padelcompetitie;WO;Adriënne;Brouwers;23.09.2019;3;3;
Netherlands;NPB Padelcompetitie;WO;Angela;Ottenhof;02.09.2019;3;3;
Netherlands;NPB Padelcompetitie;WO;Annette;Kieser;14.10.2019;2;2;
Netherlands;NPB Padelcompetitie;WO;Annette;Kieser;21.10.2019;3;1;
