International;World Padel Tour;MO;01.01.2019;Carlos Daniel;Sanyo Gutiérrez;12120;;
International;World Padel Tour;MO;24.03.2019;Carlos Daniel;Sanyo Gutiérrez;13820;1700;
International;World Padel Tour;MO;25.03.2019;Carlos Daniel;Sanyo Gutiérrez;12120;;-1700
International;World Padel Tour;MO;08.04.2019;Carlos Daniel;Sanyo Gutiérrez;11940;;-180
International;World Padel Tour;MO;14.04.2019;Carlos Daniel;Sanyo Gutiérrez;12940;1000;
International;World Padel Tour;MO;28.04.2019;Carlos Daniel;Sanyo Gutiérrez;13030;90;
International;World Padel Tour;MO;29.04.2019;Carlos Daniel;Sanyo Gutiérrez;12030;;-1000
International;World Padel Tour;MO;12.05.2019;Carlos Daniel;Sanyo Gutiérrez;13030;1000;
International;World Padel Tour;MO;26.05.2019;Carlos Daniel;Sanyo Gutiérrez;13630;600;
International;World Padel Tour;MO;27.05.2019;Carlos Daniel;Sanyo Gutiérrez;12630;;-1000
International;World Padel Tour;MO;09.06.2019;Carlos Daniel;Sanyo Gutiérrez;13240;610;
International;World Padel Tour;MO;23.06.2019;Carlos Daniel;Sanyo Gutiérrez;13550;310;
International;World Padel Tour;MO;24.06.2019;Carlos Daniel;Sanyo Gutiérrez;12950;;-600
International;World Padel Tour;MO;30.06.2019;Carlos Daniel;Sanyo Gutiérrez;13040;90;
International;World Padel Tour;MO;08.07.2019;Carlos Daniel;Sanyo Gutiérrez;12020;;-1020
International;World Padel Tour;MO;14.07.2019;Carlos Daniel;Sanyo Gutiérrez;12110;90;
International;World Padel Tour;MO;29.07.2019;Carlos Daniel;Sanyo Gutiérrez;11930;;-180
International;World Padel Tour;MO;11.08.2019;Carlos Daniel;Sanyo Gutiérrez;12110;180;
International;World Padel Tour;MO;12.08.2019;Carlos Daniel;Sanyo Gutiérrez;11110;;-1000
International;World Padel Tour;MO;26.08.2019;Carlos Daniel;Sanyo Gutiérrez;10110;;-1000
International;World Padel Tour;MO;08.09.2019;Carlos Daniel;Sanyo Gutiérrez;11130;1020;
International;World Padel Tour;MO;09.09.2019;Carlos Daniel;Sanyo Gutiérrez;10950;;-180
International;World Padel Tour;MO;23.09.2019;Carlos Daniel;Sanyo Gutiérrez;11560;610;
International;World Padel Tour;MO;13.10.2019;Carlos Daniel;Sanyo Gutiérrez;12560;1000;
International;World Padel Tour;MO;14.10.2019;Carlos Daniel;Sanyo Gutiérrez;11960;;-600
International;World Padel Tour;MO;20.10.2019;Carlos Daniel;Sanyo Gutiérrez;12030;70;
International;World Padel Tour;MO;28.10.2019;Carlos Daniel;Sanyo Gutiérrez;11850;;-180
International;World Padel Tour;MO;11.11.2019;Carlos Daniel;Sanyo Gutiérrez;10150;;-1700
International;World Padel Tour;MO;17.11.2019;Carlos Daniel;Sanyo Gutiérrez;10330;180;
International;World Padel Tour;MO;24.11.2019;Carlos Daniel;Sanyo Gutiérrez;10420;90;
International;World Padel Tour;MO;25.11.2019;Carlos Daniel;Sanyo Gutiérrez;9420;;-1000
International;World Padel Tour;MO;01.12.2019;Carlos Daniel;Sanyo Gutiérrez;10420;1000;
International;World Padel Tour;MO;16.12.2019;Carlos Daniel;Sanyo Gutiérrez;9640;;-780
International;World Padel Tour;MO;22.12.2019;Carlos Daniel;Sanyo Gutiérrez;10110;470;
International;World Padel Tour;MO;08.03.2020;Carlos Daniel;Sanyo Gutiérrez;10720;610;
International;World Padel Tour;MO;23.03.2020;Carlos Daniel;Sanyo Gutiérrez;9020;;-1700
International;World Padel Tour;MO;01.01.2019;Adrián;Allemandi;2180;;
International;World Padel Tour;MO;24.03.2019;Adrián;Allemandi;2530;350;
International;World Padel Tour;MO;25.03.2019;Adrián;Allemandi;2380;;-150
International;World Padel Tour;MO;08.04.2019;Adrián;Allemandi;2340;;-40
International;World Padel Tour;MO;14.04.2019;Adrián;Allemandi;2380;40;
International;World Padel Tour;MO;28.04.2019;Adrián;Allemandi;2495;115;
International;World Padel Tour;MO;29.04.2019;Adrián;Allemandi;2455;;-40
International;World Padel Tour;MO;12.05.2019;Adrián;Allemandi;2660;205;
International;World Padel Tour;MO;26.05.2019;Adrián;Allemandi;2750;90;
International;World Padel Tour;MO;27.05.2019;Adrián;Allemandi;2710;;-40
International;World Padel Tour;MO;03.06.2019;Adrián;Allemandi;2685;;-25
International;World Padel Tour;MO;09.06.2019;Adrián;Allemandi;3035;350;
International;World Padel Tour;MO;10.06.2019;Adrián;Allemandi;3010;;-25
International;World Padel Tour;MO;23.06.2019;Adrián;Allemandi;3080;70;
International;World Padel Tour;MO;24.06.2019;Adrián;Allemandi;3040;;-40
International;World Padel Tour;MO;30.06.2019;Adrián;Allemandi;3220;180;
International;World Padel Tour;MO;08.07.2019;Adrián;Allemandi;3070;;-150
International;World Padel Tour;MO;14.07.2019;Adrián;Allemandi;3670;600;
International;World Padel Tour;MO;15.07.2019;Adrián;Allemandi;3595;;-75
International;World Padel Tour;MO;29.07.2019;Adrián;Allemandi;3555;;-40
International;World Padel Tour;MO;11.08.2019;Adrián;Allemandi;3595;40;
International;World Padel Tour;MO;12.08.2019;Adrián;Allemandi;3555;;-40
International;World Padel Tour;MO;26.08.2019;Adrián;Allemandi;3515;;-40
International;World Padel Tour;MO;08.09.2019;Adrián;Allemandi;3825;310;
International;World Padel Tour;MO;09.09.2019;Adrián;Allemandi;3785;;-40
International;World Padel Tour;MO;23.09.2019;Adrián;Allemandi;4095;310;
International;World Padel Tour;MO;07.10.2019;Adrián;Allemandi;4070;;-25
International;World Padel Tour;MO;13.10.2019;Adrián;Allemandi;4110;40;
International;World Padel Tour;MO;14.10.2019;Adrián;Allemandi;4070;;-40
International;World Padel Tour;MO;20.10.2019;Adrián;Allemandi;4140;70;
International;World Padel Tour;MO;28.10.2019;Adrián;Allemandi;4050;;-90
International;World Padel Tour;MO;11.11.2019;Adrián;Allemandi;2950;;-1100
International;World Padel Tour;MO;17.11.2019;Adrián;Allemandi;3310;360;
International;World Padel Tour;MO;24.11.2019;Adrián;Allemandi;3350;40;
International;World Padel Tour;MO;25.11.2019;Adrián;Allemandi;3170;;-180
International;World Padel Tour;MO;01.12.2019;Adrián;Allemandi;3210;40;
International;World Padel Tour;MO;08.03.2020;Adrián;Allemandi;3568;358;
International;World Padel Tour;MO;23.03.2020;Adrián;Allemandi;3218;;-350
International;World Padel Tour;MO;01.01.2019;Fernando;Belasteguín;6060;;
International;World Padel Tour;MO;24.03.2019;Fernando;Belasteguín;6670;610;
International;World Padel Tour;MO;25.03.2019;Fernando;Belasteguín;6060;;-610
International;World Padel Tour;MO;08.04.2019;Fernando;Belasteguín;5060;;-1000
International;World Padel Tour;MO;14.04.2019;Fernando;Belasteguín;5420;360;
International;World Padel Tour;MO;28.04.2019;Fernando;Belasteguín;6020;600;
International;World Padel Tour;MO;12.05.2019;Fernando;Belasteguín;6380;360;
International;World Padel Tour;MO;26.05.2019;Fernando;Belasteguín;6740;360;
International;World Padel Tour;MO;27.05.2019;Fernando;Belasteguín;6560;;-180
International;World Padel Tour;MO;09.06.2019;Fernando;Belasteguín;7580;1020;
International;World Padel Tour;MO;24.06.2019;Fernando;Belasteguín;7490;;-90
International;World Padel Tour;MO;08.07.2019;Fernando;Belasteguín;5790;;-1700
International;World Padel Tour;MO;29.07.2019;Fernando;Belasteguín;4790;;-1000
International;World Padel Tour;MO;11.08.2019;Fernando;Belasteguín;4905;115;
International;World Padel Tour;MO;12.08.2019;Fernando;Belasteguín;4725;;-180
International;World Padel Tour;MO;08.09.2019;Fernando;Belasteguín;6585;1860;
International;World Padel Tour;MO;23.09.2019;Fernando;Belasteguín;7195;610;
International;World Padel Tour;MO;13.10.2019;Fernando;Belasteguín;7555;360;
International;World Padel Tour;MO;20.10.2019;Fernando;Belasteguín;7625;70;
International;World Padel Tour;MO;17.11.2019;Fernando;Belasteguín;7985;360;
International;World Padel Tour;MO;24.11.2019;Fernando;Belasteguín;8345;360;
International;World Padel Tour;MO;01.12.2019;Fernando;Belasteguín;8435;90;
International;World Padel Tour;MO;16.12.2019;Fernando;Belasteguín;7135;;-1300
International;World Padel Tour;MO;22.12.2019;Fernando;Belasteguín;7915;780;
International;World Padel Tour;MO;08.03.2020;Fernando;Belasteguín;8225;310;
International;World Padel Tour;MO;23.03.2020;Fernando;Belasteguín;7615;;-610
International;World Padel Tour;MO;01.01.2019;Juan Cruz;Belluati López;4125;;
International;World Padel Tour;MO;24.03.2019;Juan Cruz;Belluati López;3105;;-1020
International;World Padel Tour;MO;24.03.2019;Juan Cruz;Belluati López;3175;70;
International;World Padel Tour;MO;08.04.2019;Juan Cruz;Belluati López;2995;;-180
International;World Padel Tour;MO;14.04.2019;Juan Cruz;Belluati López;3200;205;
International;World Padel Tour;MO;28.04.2019;Juan Cruz;Belluati López;3380;180;
International;World Padel Tour;MO;29.04.2019;Juan Cruz;Belluati López;3200;;-180
International;World Padel Tour;MO;12.05.2019;Juan Cruz;Belluati López;3290;90;
International;World Padel Tour;MO;26.05.2019;Juan Cruz;Belluati López;3330;40;
International;World Padel Tour;MO;27.05.2019;Juan Cruz;Belluati López;3290;;-40
International;World Padel Tour;MO;09.06.2019;Juan Cruz;Belluati López;3440;150;
International;World Padel Tour;MO;23.06.2019;Juan Cruz;Belluati López;3590;150;
International;World Padel Tour;MO;24.06.2019;Juan Cruz;Belluati López;3230;;-360
International;World Padel Tour;MO;30.06.2019;Juan Cruz;Belluati López;3320;90;
International;World Padel Tour;MO;08.07.2019;Juan Cruz;Belluati López;3250;;-70
International;World Padel Tour;MO;14.07.2019;Juan Cruz;Belluati López;3290;40;
International;World Padel Tour;MO;29.07.2019;Juan Cruz;Belluati López;2930;;-360
International;World Padel Tour;MO;11.08.2019;Juan Cruz;Belluati López;3135;205;
International;World Padel Tour;MO;12.08.2019;Juan Cruz;Belluati López;2535;;-600
International;World Padel Tour;MO;26.08.2019;Juan Cruz;Belluati López;2355;;-180
International;World Padel Tour;MO;08.09.2019;Juan Cruz;Belluati López;3005;650;
International;World Padel Tour;MO;09.09.2019;Juan Cruz;Belluati López;2825;;-180
International;World Padel Tour;MO;23.09.2019;Juan Cruz;Belluati López;2755;;-70
International;World Padel Tour;MO;23.09.2019;Juan Cruz;Belluati López;2825;70;
International;World Padel Tour;MO;14.10.2019;Juan Cruz;Belluati López;2645;;-180
International;World Padel Tour;MO;20.10.2019;Juan Cruz;Belluati López;2715;70;
International;World Padel Tour;MO;27.10.2019;Juan Cruz;Belluati López;2790;75;
International;World Padel Tour;MO;28.10.2019;Juan Cruz;Belluati López;2700;;-90
International;World Padel Tour;MO;11.11.2019;Juan Cruz;Belluati López;2390;;-310
International;World Padel Tour;MO;17.11.2019;Juan Cruz;Belluati López;2430;40;
International;World Padel Tour;MO;24.11.2019;Juan Cruz;Belluati López;2520;90;
International;World Padel Tour;MO;25.11.2019;Juan Cruz;Belluati López;2450;;-70
International;World Padel Tour;MO;01.12.2019;Juan Cruz;Belluati López;2540;90;
International;World Padel Tour;MO;16.12.2019;Juan Cruz;Belluati López;2305;;-235
International;World Padel Tour;MO;08.03.2020;Juan Cruz;Belluati López;2375;70;
International;World Padel Tour;MO;23.03.2020;Juan Cruz;Belluati López;2305;;-70
International;World Padel Tour;MO;01.01.2019;Uri;Botello Cohen;3315;;
International;World Padel Tour;MO;24.03.2019;Uri;Botello Cohen;3625;310;
International;World Padel Tour;MO;25.03.2019;Uri;Botello Cohen;3315;;-310
International;World Padel Tour;MO;08.04.2019;Uri;Botello Cohen;3225;;-90
International;World Padel Tour;MO;14.04.2019;Uri;Botello Cohen;3315;90;
International;World Padel Tour;MO;28.04.2019;Uri;Botello Cohen;3405;90;
International;World Padel Tour;MO;29.04.2019;Uri;Botello Cohen;3315;;-90
International;World Padel Tour;MO;12.05.2019;Uri;Botello Cohen;3405;90;
International;World Padel Tour;MO;26.05.2019;Uri;Botello Cohen;3585;180;
International;World Padel Tour;MO;27.05.2019;Uri;Botello Cohen;3380;;-205
International;World Padel Tour;MO;03.06.2019;Uri;Botello Cohen;3305;;-75
International;World Padel Tour;MO;09.06.2019;Uri;Botello Cohen;3615;310;
International;World Padel Tour;MO;10.06.2019;Uri;Botello Cohen;3495;;-120
International;World Padel Tour;MO;23.06.2019;Uri;Botello Cohen;4105;610;
International;World Padel Tour;MO;24.06.2019;Uri;Botello Cohen;4065;;-40
International;World Padel Tour;MO;30.06.2019;Uri;Botello Cohen;4425;360;
International;World Padel Tour;MO;01.07.2019;Uri;Botello Cohen;4305;;-120
International;World Padel Tour;MO;08.07.2019;Uri;Botello Cohen;4235;;-70
International;World Padel Tour;MO;14.07.2019;Uri;Botello Cohen;4325;90;
International;World Padel Tour;MO;29.07.2019;Uri;Botello Cohen;4235;;-90
International;World Padel Tour;MO;11.08.2019;Uri;Botello Cohen;4415;180;
International;World Padel Tour;MO;12.08.2019;Uri;Botello Cohen;4055;;-360
International;World Padel Tour;MO;26.08.2019;Uri;Botello Cohen;3875;;-180
International;World Padel Tour;MO;08.09.2019;Uri;Botello Cohen;4485;610;
International;World Padel Tour;MO;09.09.2019;Uri;Botello Cohen;4395;;-90
International;World Padel Tour;MO;23.09.2019;Uri;Botello Cohen;4545;150;
International;World Padel Tour;MO;13.10.2019;Uri;Botello Cohen;5145;600;
International;World Padel Tour;MO;14.10.2019;Uri;Botello Cohen;4965;;-180
International;World Padel Tour;MO;20.10.2019;Uri;Botello Cohen;5035;70;
International;World Padel Tour;MO;28.10.2019;Uri;Botello Cohen;4675;;-360
International;World Padel Tour;MO;11.11.2019;Uri;Botello Cohen;4065;;-610
International;World Padel Tour;MO;17.11.2019;Uri;Botello Cohen;4245;180;
International;World Padel Tour;MO;24.11.2019;Uri;Botello Cohen;4845;600;
International;World Padel Tour;MO;25.11.2019;Uri;Botello Cohen;4755;;-90
International;World Padel Tour;MO;01.12.2019;Uri;Botello Cohen;4935;180;
International;World Padel Tour;MO;16.12.2019;Uri;Botello Cohen;4700;;-235
International;World Padel Tour;MO;22.12.2019;Uri;Botello Cohen;4935;235;
International;World Padel Tour;MO;08.03.2020;Uri;Botello Cohen;5245;310;
International;World Padel Tour;MO;23.03.2020;Uri;Botello Cohen;4935;;-310
International;World Padel Tour;MO;01.01.2019;Luciano;Capra;2650;;
International;World Padel Tour;MO;24.03.2019;Luciano;Capra;2960;310;
International;World Padel Tour;MO;25.03.2019;Luciano;Capra;2785;;-175
International;World Padel Tour;MO;08.04.2019;Luciano;Capra;2745;;-40
International;World Padel Tour;MO;14.04.2019;Luciano;Capra;2835;90;
International;World Padel Tour;MO;28.04.2019;Luciano;Capra;2875;40;
International;World Padel Tour;MO;29.04.2019;Luciano;Capra;2695;;-180
International;World Padel Tour;MO;12.05.2019;Luciano;Capra;2875;180;
International;World Padel Tour;MO;26.05.2019;Luciano;Capra;3055;180;
International;World Padel Tour;MO;27.05.2019;Luciano;Capra;2875;;-180
International;World Padel Tour;MO;09.06.2019;Luciano;Capra;3185;310;
International;World Padel Tour;MO;23.06.2019;Luciano;Capra;3495;310;
International;World Padel Tour;MO;24.06.2019;Luciano;Capra;3315;;-180
International;World Padel Tour;MO;30.06.2019;Luciano;Capra;3495;180;
International;World Padel Tour;MO;08.07.2019;Luciano;Capra;3185;;-310
International;World Padel Tour;MO;14.07.2019;Luciano;Capra;3365;180;
International;World Padel Tour;MO;29.07.2019;Luciano;Capra;3275;;-90
International;World Padel Tour;MO;11.08.2019;Luciano;Capra;3365;90;
International;World Padel Tour;MO;12.08.2019;Luciano;Capra;3325;;-40
International;World Padel Tour;MO;08.09.2019;Luciano;Capra;3475;150;
International;World Padel Tour;MO;09.09.2019;Luciano;Capra;2825;;-650
International;World Padel Tour;MO;15.09.2019;Luciano;Capra;2860;35;
International;World Padel Tour;MO;23.09.2019;Luciano;Capra;2790;;-70
International;World Padel Tour;MO;23.09.2019;Luciano;Capra;2860;70;
International;World Padel Tour;MO;06.10.2019;Luciano;Capra;2980;120;
International;World Padel Tour;MO;07.10.2019;Luciano;Capra;2945;;-35
International;World Padel Tour;MO;13.10.2019;Luciano;Capra;2985;40;
International;World Padel Tour;MO;14.10.2019;Luciano;Capra;2805;;-180
International;World Padel Tour;MO;20.10.2019;Luciano;Capra;2875;70;
International;World Padel Tour;MO;21.10.2019;Luciano;Capra;2800;;-75
International;World Padel Tour;MO;27.10.2019;Luciano;Capra;2825;25;
International;World Padel Tour;MO;28.10.2019;Luciano;Capra;2735;;-90
International;World Padel Tour;MO;11.11.2019;Luciano;Capra;2585;;-150
International;World Padel Tour;MO;17.11.2019;Luciano;Capra;2675;90;
International;World Padel Tour;MO;18.11.2019;Luciano;Capra;2650;;-25
International;World Padel Tour;MO;24.11.2019;Luciano;Capra;2690;40;
International;World Padel Tour;MO;25.11.2019;Luciano;Capra;2510;;-180
International;World Padel Tour;MO;01.12.2019;Luciano;Capra;2715;205;
International;World Padel Tour;MO;08.03.2020;Luciano;Capra;2785;70;
International;World Padel Tour;MO;23.03.2020;Luciano;Capra;2475;;-310
International;World Padel Tour;MO;01.01.2019;Federico;Chingotto;1700;;
International;World Padel Tour;MO;24.03.2019;Federico;Chingotto;1850;150;
International;World Padel Tour;MO;25.03.2019;Federico;Chingotto;1700;;-150
International;World Padel Tour;MO;08.04.2019;Federico;Chingotto;1610;;-90
International;World Padel Tour;MO;14.04.2019;Federico;Chingotto;1995;385;
International;World Padel Tour;MO;28.04.2019;Federico;Chingotto;2380;385;
International;World Padel Tour;MO;29.04.2019;Federico;Chingotto;2290;;-90
International;World Padel Tour;MO;12.05.2019;Federico;Chingotto;2380;90;
International;World Padel Tour;MO;26.05.2019;Federico;Chingotto;2585;205;
International;World Padel Tour;MO;27.05.2019;Federico;Chingotto;2545;;-40
International;World Padel Tour;MO;09.06.2019;Federico;Chingotto;2695;150;
International;World Padel Tour;MO;23.06.2019;Federico;Chingotto;3045;350;
International;World Padel Tour;MO;30.06.2019;Federico;Chingotto;3225;180;
International;World Padel Tour;MO;08.07.2019;Federico;Chingotto;3155;;-70
International;World Padel Tour;MO;14.07.2019;Federico;Chingotto;3360;205;
International;World Padel Tour;MO;15.07.2019;Federico;Chingotto;3310;;-50
International;World Padel Tour;MO;29.07.2019;Federico;Chingotto;3270;;-40
International;World Padel Tour;MO;11.08.2019;Federico;Chingotto;3360;90;
International;World Padel Tour;MO;26.08.2019;Federico;Chingotto;3320;;-40
International;World Padel Tour;MO;08.09.2019;Federico;Chingotto;3390;70;
International;World Padel Tour;MO;09.09.2019;Federico;Chingotto;3300;;-90
International;World Padel Tour;MO;15.09.2019;Federico;Chingotto;3325;25;
International;World Padel Tour;MO;23.09.2019;Federico;Chingotto;3255;;-70
International;World Padel Tour;MO;23.09.2019;Federico;Chingotto;4355;1100;
International;World Padel Tour;MO;07.10.2019;Federico;Chingotto;4313;;-42
International;World Padel Tour;MO;13.10.2019;Federico;Chingotto;4493;180;
International;World Padel Tour;MO;14.10.2019;Federico;Chingotto;4378;;-115
International;World Padel Tour;MO;20.10.2019;Federico;Chingotto;4448;70;
International;World Padel Tour;MO;21.10.2019;Federico;Chingotto;4307;;-141
International;World Padel Tour;MO;28.10.2019;Federico;Chingotto;4242;;-65
International;World Padel Tour;MO;11.11.2019;Federico;Chingotto;4172;;-70
International;World Padel Tour;MO;17.11.2019;Federico;Chingotto;4352;180;
International;World Padel Tour;MO;18.11.2019;Federico;Chingotto;4225;;-127
International;World Padel Tour;MO;24.11.2019;Federico;Chingotto;4405;180;
International;World Padel Tour;MO;25.11.2019;Federico;Chingotto;3995;;-410
International;World Padel Tour;MO;01.12.2019;Federico;Chingotto;4085;90;
International;World Padel Tour;MO;22.12.2019;Federico;Chingotto;4320;235;
International;World Padel Tour;MO;08.03.2020;Federico;Chingotto;4390;70;
International;World Padel Tour;MO;23.03.2020;Federico;Chingotto;4240;;-150
International;World Padel Tour;MO;01.01.2019;Matías;Díaz Sangiorgio;6050;;
International;World Padel Tour;MO;24.03.2019;Matías;Díaz Sangiorgio;6120;70;
International;World Padel Tour;MO;25.03.2019;Matías;Díaz Sangiorgio;5510;;-610
International;World Padel Tour;MO;08.04.2019;Matías;Díaz Sangiorgio;5150;;-360
International;World Padel Tour;MO;28.04.2019;Matías;Díaz Sangiorgio;5330;180;
International;World Padel Tour;MO;29.04.2019;Matías;Díaz Sangiorgio;4970;;-360
International;World Padel Tour;MO;12.05.2019;Matías;Díaz Sangiorgio;5330;360;
International;World Padel Tour;MO;26.05.2019;Matías;Díaz Sangiorgio;5690;360;
International;World Padel Tour;MO;27.05.2019;Matías;Díaz Sangiorgio;5650;;-40
International;World Padel Tour;MO;09.06.2019;Matías;Díaz Sangiorgio;6260;610;
International;World Padel Tour;MO;23.06.2019;Matías;Díaz Sangiorgio;6410;150;
International;World Padel Tour;MO;24.06.2019;Matías;Díaz Sangiorgio;5410;;-1000
International;World Padel Tour;MO;30.06.2019;Matías;Díaz Sangiorgio;6010;600;
International;World Padel Tour;MO;08.07.2019;Matías;Díaz Sangiorgio;5400;;-610
International;World Padel Tour;MO;14.07.2019;Matías;Díaz Sangiorgio;5440;40;
International;World Padel Tour;MO;29.07.2019;Matías;Díaz Sangiorgio;5080;;-360
International;World Padel Tour;MO;11.08.2019;Matías;Díaz Sangiorgio;5170;90;
International;World Padel Tour;MO;12.08.2019;Matías;Díaz Sangiorgio;4810;;-360
International;World Padel Tour;MO;26.08.2019;Matías;Díaz Sangiorgio;4450;;-360
International;World Padel Tour;MO;08.09.2019;Matías;Díaz Sangiorgio;4760;310;
International;World Padel Tour;MO;09.09.2019;Matías;Díaz Sangiorgio;3760;;-1000
International;World Padel Tour;MO;23.09.2019;Matías;Díaz Sangiorgio;4070;310;
International;World Padel Tour;MO;13.10.2019;Matías;Díaz Sangiorgio;4430;360;
International;World Padel Tour;MO;14.10.2019;Matías;Díaz Sangiorgio;4250;;-180
International;World Padel Tour;MO;20.10.2019;Matías;Díaz Sangiorgio;4320;70;
International;World Padel Tour;MO;28.10.2019;Matías;Díaz Sangiorgio;4140;;-180
International;World Padel Tour;MO;11.11.2019;Matías;Díaz Sangiorgio;4070;;-70
International;World Padel Tour;MO;17.11.2019;Matías;Díaz Sangiorgio;5070;1000;
International;World Padel Tour;MO;24.11.2019;Matías;Díaz Sangiorgio;5250;180;
International;World Padel Tour;MO;25.11.2019;Matías;Díaz Sangiorgio;5160;;-90
International;World Padel Tour;MO;01.12.2019;Matías;Díaz Sangiorgio;5340;180;
International;World Padel Tour;MO;16.12.2019;Matías;Díaz Sangiorgio;4870;;-470
International;World Padel Tour;MO;22.12.2019;Matías;Díaz Sangiorgio;5105;235;
International;World Padel Tour;MO;08.03.2020;Matías;Díaz Sangiorgio;5715;610;
International;World Padel Tour;MO;23.03.2020;Matías;Díaz Sangiorgio;5645;;-70
International;World Padel Tour;MO;01.01.2019;Alejandro;Galán Romo;6050;;
International;World Padel Tour;MO;24.03.2019;Alejandro;Galán Romo;6660;610;
International;World Padel Tour;MO;25.03.2019;Alejandro;Galán Romo;6050;;-610
International;World Padel Tour;MO;08.04.2019;Alejandro;Galán Romo;5690;;-360
International;World Padel Tour;MO;14.04.2019;Alejandro;Galán Romo;5780;90;
International;World Padel Tour;MO;28.04.2019;Alejandro;Galán Romo;5870;90;
International;World Padel Tour;MO;29.04.2019;Alejandro;Galán Romo;5510;;-360
International;World Padel Tour;MO;12.05.2019;Alejandro;Galán Romo;5690;180;
International;World Padel Tour;MO;26.05.2019;Alejandro;Galán Romo;5870;180;
International;World Padel Tour;MO;27.05.2019;Alejandro;Galán Romo;5830;;-40
International;World Padel Tour;MO;09.06.2019;Alejandro;Galán Romo;7530;1700;
International;World Padel Tour;MO;23.06.2019;Alejandro;Galán Romo;8550;1020;
International;World Padel Tour;MO;24.06.2019;Alejandro;Galán Romo;7550;;-1000
International;World Padel Tour;MO;30.06.2019;Alejandro;Galán Romo;7910;360;
International;World Padel Tour;MO;08.07.2019;Alejandro;Galán Romo;7300;;-610
International;World Padel Tour;MO;14.07.2019;Alejandro;Galán Romo;8300;1000;
International;World Padel Tour;MO;29.07.2019;Alejandro;Galán Romo;7940;;-360
International;World Padel Tour;MO;11.08.2019;Alejandro;Galán Romo;8940;1000;
International;World Padel Tour;MO;12.08.2019;Alejandro;Galán Romo;8580;;-360
International;World Padel Tour;MO;26.08.2019;Alejandro;Galán Romo;8220;;-360
International;World Padel Tour;MO;08.09.2019;Alejandro;Galán Romo;8530;310;
International;World Padel Tour;MO;09.09.2019;Alejandro;Galán Romo;7530;;-1000
International;World Padel Tour;MO;23.09.2019;Alejandro;Galán Romo;9230;1700;
International;World Padel Tour;MO;13.10.2019;Alejandro;Galán Romo;9410;180;
International;World Padel Tour;MO;14.10.2019;Alejandro;Galán Romo;9230;;-180
International;World Padel Tour;MO;20.10.2019;Alejandro;Galán Romo;9300;70;
International;World Padel Tour;MO;28.10.2019;Alejandro;Galán Romo;9120;;-180
International;World Padel Tour;MO;11.11.2019;Alejandro;Galán Romo;9050;;-70
International;World Padel Tour;MO;17.11.2019;Alejandro;Galán Romo;9230;180;
International;World Padel Tour;MO;24.11.2019;Alejandro;Galán Romo;9590;360;
International;World Padel Tour;MO;25.11.2019;Alejandro;Galán Romo;9500;;-90
International;World Padel Tour;MO;01.12.2019;Alejandro;Galán Romo;9860;360;
International;World Padel Tour;MO;16.12.2019;Alejandro;Galán Romo;9390;;-470
International;World Padel Tour;MO;22.12.2019;Alejandro;Galán Romo;10690;1300;
International;World Padel Tour;MO;08.03.2020;Alejandro;Galán Romo;11710;1020;
International;World Padel Tour;MO;23.03.2020;Alejandro;Galán Romo;11100;;-610
International;World Padel Tour;MO;01.01.2019;Javier;Garrido Gómez;1092;;
International;World Padel Tour;MO;24.03.2019;Javier;Garrido Gómez;1130;38;
International;World Padel Tour;MO;25.03.2019;Javier;Garrido Gómez;1020;;-110
International;World Padel Tour;MO;08.04.2019;Javier;Garrido Gómez;955;;-65
International;World Padel Tour;MO;14.04.2019;Javier;Garrido Gómez;967;12;
International;World Padel Tour;MO;28.04.2019;Javier;Garrido Gómez;1352;385;
International;World Padel Tour;MO;29.04.2019;Javier;Garrido Gómez;1332;;-20
International;World Padel Tour;MO;12.05.2019;Javier;Garrido Gómez;1397;65;
International;World Padel Tour;MO;26.05.2019;Javier;Garrido Gómez;1512;115;
International;World Padel Tour;MO;27.05.2019;Javier;Garrido Gómez;1447;;-65
International;World Padel Tour;MO;03.06.2019;Javier;Garrido Gómez;1412;;-35
International;World Padel Tour;MO;09.06.2019;Javier;Garrido Gómez;1432;20;
International;World Padel Tour;MO;10.06.2019;Javier;Garrido Gómez;1407;;-25
International;World Padel Tour;MO;23.06.2019;Javier;Garrido Gómez;1557;150;
International;World Padel Tour;MO;24.06.2019;Javier;Garrido Gómez;1517;;-40
International;World Padel Tour;MO;30.06.2019;Javier;Garrido Gómez;1607;90;
International;World Padel Tour;MO;08.07.2019;Javier;Garrido Gómez;1457;;-150
International;World Padel Tour;MO;14.07.2019;Javier;Garrido Gómez;1662;205;
International;World Padel Tour;MO;15.07.2019;Javier;Garrido Gómez;1587;;-75
International;World Padel Tour;MO;29.07.2019;Javier;Garrido Gómez;1547;;-40
International;World Padel Tour;MO;11.08.2019;Javier;Garrido Gómez;1637;90;
International;World Padel Tour;MO;12.08.2019;Javier;Garrido Gómez;1597;;-40
International;World Padel Tour;MO;26.08.2019;Javier;Garrido Gómez;1557;;-40
International;World Padel Tour;MO;08.09.2019;Javier;Garrido Gómez;1627;70;
International;World Padel Tour;MO;09.09.2019;Javier;Garrido Gómez;1587;;-40
International;World Padel Tour;MO;15.09.2019;Javier;Garrido Gómez;1612;25;
International;World Padel Tour;MO;23.09.2019;Javier;Garrido Gómez;1762;150;
International;World Padel Tour;MO;06.10.2019;Javier;Garrido Gómez;1774;12;
International;World Padel Tour;MO;13.10.2019;Javier;Garrido Gómez;1864;90;
International;World Padel Tour;MO;14.10.2019;Javier;Garrido Gómez;1824;;-40
International;World Padel Tour;MO;20.10.2019;Javier;Garrido Gómez;1894;70;
International;World Padel Tour;MO;21.10.2019;Javier;Garrido Gómez;1859;;-35
International;World Padel Tour;MO;27.10.2019;Javier;Garrido Gómez;1909;50;
International;World Padel Tour;MO;28.10.2019;Javier;Garrido Gómez;1869;;-40
International;World Padel Tour;MO;11.11.2019;Javier;Garrido Gómez;1719;;-150
International;World Padel Tour;MO;17.11.2019;Javier;Garrido Gómez;1809;90;
International;World Padel Tour;MO;18.11.2019;Javier;Garrido Gómez;1797;;-12
International;World Padel Tour;MO;24.11.2019;Javier;Garrido Gómez;2002;205;
International;World Padel Tour;MO;25.11.2019;Javier;Garrido Gómez;1932;;-70
International;World Padel Tour;MO;01.12.2019;Javier;Garrido Gómez;2022;90;
International;World Padel Tour;MO;08.03.2020;Javier;Garrido Gómez;2092;70;
International;World Padel Tour;MO;23.03.2020;Javier;Garrido Gómez;2054;;-38
International;World Padel Tour;MO;01.01.2019;Agustín;Gómez Silingo;2376;;
International;World Padel Tour;MO;24.03.2019;Agustín;Gómez Silingo;2726;350;
International;World Padel Tour;MO;08.04.2019;Agustín;Gómez Silingo;2636;;-90
International;World Padel Tour;MO;14.04.2019;Agustín;Gómez Silingo;2676;40;
International;World Padel Tour;MO;28.04.2019;Agustín;Gómez Silingo;2791;115;
International;World Padel Tour;MO;29.04.2019;Agustín;Gómez Silingo;2701;;-90
International;World Padel Tour;MO;12.05.2019;Agustín;Gómez Silingo;2906;205;
International;World Padel Tour;MO;26.05.2019;Agustín;Gómez Silingo;2996;90;
International;World Padel Tour;MO;27.05.2019;Agustín;Gómez Silingo;2956;;-40
International;World Padel Tour;MO;03.06.2019;Agustín;Gómez Silingo;2944;;-12
International;World Padel Tour;MO;09.06.2019;Agustín;Gómez Silingo;3294;350;
International;World Padel Tour;MO;10.06.2019;Agustín;Gómez Silingo;3282;;-12
International;World Padel Tour;MO;23.06.2019;Agustín;Gómez Silingo;3352;70;
International;World Padel Tour;MO;24.06.2019;Agustín;Gómez Silingo;3312;;-40
International;World Padel Tour;MO;30.06.2019;Agustín;Gómez Silingo;3492;180;
International;World Padel Tour;MO;01.07.2019;Agustín;Gómez Silingo;3417;;-75
International;World Padel Tour;MO;08.07.2019;Agustín;Gómez Silingo;3107;;-310
International;World Padel Tour;MO;14.07.2019;Agustín;Gómez Silingo;3707;600;
International;World Padel Tour;MO;15.07.2019;Agustín;Gómez Silingo;3695;;-12
International;World Padel Tour;MO;29.07.2019;Agustín;Gómez Silingo;3655;;-40
International;World Padel Tour;MO;11.08.2019;Agustín;Gómez Silingo;3695;40;
International;World Padel Tour;MO;12.08.2019;Agustín;Gómez Silingo;3605;;-90
International;World Padel Tour;MO;26.08.2019;Agustín;Gómez Silingo;3515;;-90
International;World Padel Tour;MO;08.09.2019;Agustín;Gómez Silingo;3825;310;
International;World Padel Tour;MO;09.09.2019;Agustín;Gómez Silingo;3785;;-40
International;World Padel Tour;MO;23.09.2019;Agustín;Gómez Silingo;4095;310;
International;World Padel Tour;MO;07.10.2019;Agustín;Gómez Silingo;4070;;-25
International;World Padel Tour;MO;13.10.2019;Agustín;Gómez Silingo;4110;40;
International;World Padel Tour;MO;14.10.2019;Agustín;Gómez Silingo;4070;;-40
International;World Padel Tour;MO;20.10.2019;Agustín;Gómez Silingo;4140;70;
International;World Padel Tour;MO;28.10.2019;Agustín;Gómez Silingo;4050;;-90
International;World Padel Tour;MO;11.11.2019;Agustín;Gómez Silingo;2950;;-1100
International;World Padel Tour;MO;17.11.2019;Agustín;Gómez Silingo;3310;360;
International;World Padel Tour;MO;24.11.2019;Agustín;Gómez Silingo;3350;40;
International;World Padel Tour;MO;25.11.2019;Agustín;Gómez Silingo;3170;;-180
International;World Padel Tour;MO;01.12.2019;Agustín;Gómez Silingo;3210;40;
International;World Padel Tour;MO;22.12.2019;Agustín;Gómez Silingo;3445;235;
International;World Padel Tour;MO;08.03.2020;Agustín;Gómez Silingo;3515;70;
International;World Padel Tour;MO;23.03.2020;Agustín;Gómez Silingo;3165;;-350
International;World Padel Tour;MO;01.01.2019;Juan;Lebrón Chincoa;4920;;
International;World Padel Tour;MO;24.03.2019;Juan;Lebrón Chincoa;5940;1020;
International;World Padel Tour;MO;25.03.2019;Juan;Lebrón Chincoa;4920;;-1020
International;World Padel Tour;MO;08.04.2019;Juan;Lebrón Chincoa;4740;;-180
International;World Padel Tour;MO;14.04.2019;Juan;Lebrón Chincoa;5340;600;
International;World Padel Tour;MO;28.04.2019;Juan;Lebrón Chincoa;6340;1000;
International;World Padel Tour;MO;29.04.2019;Juan;Lebrón Chincoa;6160;;-180
International;World Padel Tour;MO;12.05.2019;Juan;Lebrón Chincoa;6760;600;
International;World Padel Tour;MO;26.05.2019;Juan;Lebrón Chincoa;7760;1000;
International;World Padel Tour;MO;27.05.2019;Juan;Lebrón Chincoa;7720;;-40
International;World Padel Tour;MO;09.06.2019;Juan;Lebrón Chincoa;8030;310;
International;World Padel Tour;MO;23.06.2019;Juan;Lebrón Chincoa;9730;1700;
International;World Padel Tour;MO;24.06.2019;Juan;Lebrón Chincoa;9370;;-360
International;World Padel Tour;MO;30.06.2019;Juan;Lebrón Chincoa;10370;1000;
International;World Padel Tour;MO;08.07.2019;Juan;Lebrón Chincoa;10300;;-70
International;World Padel Tour;MO;14.07.2019;Juan;Lebrón Chincoa;10660;360;
International;World Padel Tour;MO;29.07.2019;Juan;Lebrón Chincoa;10300;;-360
International;World Padel Tour;MO;11.08.2019;Juan;Lebrón Chincoa;10660;360;
International;World Padel Tour;MO;12.08.2019;Juan;Lebrón Chincoa;10060;;-600
International;World Padel Tour;MO;26.08.2019;Juan;Lebrón Chincoa;9880;;-180
International;World Padel Tour;MO;08.09.2019;Juan;Lebrón Chincoa;10030;150;
International;World Padel Tour;MO;09.09.2019;Juan;Lebrón Chincoa;9850;;-180
International;World Padel Tour;MO;23.09.2019;Juan;Lebrón Chincoa;9780;;-70
International;World Padel Tour;MO;23.09.2019;Juan;Lebrón Chincoa;10090;310;
International;World Padel Tour;MO;13.10.2019;Juan;Lebrón Chincoa;10270;180;
International;World Padel Tour;MO;14.10.2019;Juan;Lebrón Chincoa;9910;;-360
International;World Padel Tour;MO;20.10.2019;Juan;Lebrón Chincoa;9980;70;
International;World Padel Tour;MO;28.10.2019;Juan;Lebrón Chincoa;9800;;-180
International;World Padel Tour;MO;11.11.2019;Juan;Lebrón Chincoa;9490;;-310
International;World Padel Tour;MO;17.11.2019;Juan;Lebrón Chincoa;10090;600;
International;World Padel Tour;MO;24.11.2019;Juan;Lebrón Chincoa;11090;1000;
International;World Padel Tour;MO;25.11.2019;Juan;Lebrón Chincoa;10730;;-360
International;World Padel Tour;MO;01.12.2019;Juan;Lebrón Chincoa;11330;600;
International;World Padel Tour;MO;16.12.2019;Juan;Lebrón Chincoa;10860;;-470
International;World Padel Tour;MO;22.12.2019;Juan;Lebrón Chincoa;11330;470;
International;World Padel Tour;MO;08.03.2020;Juan;Lebrón Chincoa;12350;1020;
International;World Padel Tour;MO;23.03.2020;Juan;Lebrón Chincoa;11330;;-1020
International;World Padel Tour;MO;01.01.2019;Pablo;Lima;8020;;
International;World Padel Tour;MO;24.03.2019;Pablo;Lima;8630;610;
International;World Padel Tour;MO;25.03.2019;Pablo;Lima;8020;;-610
International;World Padel Tour;MO;08.04.2019;Pablo;Lima;7020;;-1000
International;World Padel Tour;MO;14.04.2019;Pablo;Lima;7380;360;
International;World Padel Tour;MO;28.04.2019;Pablo;Lima;7980;600;
International;World Padel Tour;MO;12.05.2019;Pablo;Lima;8340;360;
International;World Padel Tour;MO;26.05.2019;Pablo;Lima;8700;360;
International;World Padel Tour;MO;27.05.2019;Pablo;Lima;8520;;-180
International;World Padel Tour;MO;09.06.2019;Pablo;Lima;9540;1020;
International;World Padel Tour;MO;24.06.2019;Pablo;Lima;9450;;-90
International;World Padel Tour;MO;08.07.2019;Pablo;Lima;7750;;-1700
International;World Padel Tour;MO;14.07.2019;Pablo;Lima;8750;1000;
International;World Padel Tour;MO;29.07.2019;Pablo;Lima;7750;;-1000
International;World Padel Tour;MO;11.08.2019;Pablo;Lima;8750;1000;
International;World Padel Tour;MO;12.08.2019;Pablo;Lima;8570;;-180
International;World Padel Tour;MO;26.08.2019;Pablo;Lima;8390;;-180
International;World Padel Tour;MO;08.09.2019;Pablo;Lima;8700;310;
International;World Padel Tour;MO;09.09.2019;Pablo;Lima;8520;;-180
International;World Padel Tour;MO;23.09.2019;Pablo;Lima;10220;1700;
International;World Padel Tour;MO;13.10.2019;Pablo;Lima;10400;180;
International;World Padel Tour;MO;20.10.2019;Pablo;Lima;10470;70;
International;World Padel Tour;MO;28.10.2019;Pablo;Lima;9470;;-1000
International;World Padel Tour;MO;17.11.2019;Pablo;Lima;9650;180;
International;World Padel Tour;MO;24.11.2019;Pablo;Lima;10010;360;
International;World Padel Tour;MO;25.11.2019;Pablo;Lima;9410;;-600
International;World Padel Tour;MO;01.12.2019;Pablo;Lima;9770;360;
International;World Padel Tour;MO;16.12.2019;Pablo;Lima;8470;;-1300
International;World Padel Tour;MO;22.12.2019;Pablo;Lima;9770;1300;
International;World Padel Tour;MO;08.03.2020;Pablo;Lima;11470;1700;
International;World Padel Tour;MO;23.03.2020;Pablo;Lima;10860;;-610
International;World Padel Tour;MO;01.01.2019;Juan;Mieres Petruf;4125;;
International;World Padel Tour;MO;24.03.2019;Juan;Mieres Petruf;4735;610;
International;World Padel Tour;MO;25.03.2019;Juan;Mieres Petruf;4585;;-150
International;World Padel Tour;MO;08.04.2019;Juan;Mieres Petruf;4405;;-180
International;World Padel Tour;MO;14.04.2019;Juan;Mieres Petruf;4495;90;
International;World Padel Tour;MO;28.04.2019;Juan;Mieres Petruf;4585;90;
International;World Padel Tour;MO;29.04.2019;Juan;Mieres Petruf;4405;;-180
International;World Padel Tour;MO;12.05.2019;Juan;Mieres Petruf;4585;180;
International;World Padel Tour;MO;26.05.2019;Juan;Mieres Petruf;4765;180;
International;World Padel Tour;MO;27.05.2019;Juan;Mieres Petruf;4405;;-360
International;World Padel Tour;MO;09.06.2019;Juan;Mieres Petruf;6105;1700;
International;World Padel Tour;MO;23.06.2019;Juan;Mieres Petruf;7125;1020;
International;World Padel Tour;MO;24.06.2019;Juan;Mieres Petruf;6765;;-360
International;World Padel Tour;MO;30.06.2019;Juan;Mieres Petruf;7125;360;
International;World Padel Tour;MO;08.07.2019;Juan;Mieres Petruf;6815;;-310
International;World Padel Tour;MO;14.07.2019;Juan;Mieres Petruf;6905;90;
International;World Padel Tour;MO;29.07.2019;Juan;Mieres Petruf;6725;;-180
International;World Padel Tour;MO;11.08.2019;Juan;Mieres Petruf;6815;90;
International;World Padel Tour;MO;12.08.2019;Juan;Mieres Petruf;6635;;-180
International;World Padel Tour;MO;26.08.2019;Juan;Mieres Petruf;6455;;-180
International;World Padel Tour;MO;08.09.2019;Juan;Mieres Petruf;6525;70;
International;World Padel Tour;MO;09.09.2019;Juan;Mieres Petruf;6165;;-360
International;World Padel Tour;MO;23.09.2019;Juan;Mieres Petruf;6315;150;
International;World Padel Tour;MO;14.10.2019;Juan;Mieres Petruf;5955;;-360
International;World Padel Tour;MO;20.10.2019;Juan;Mieres Petruf;6025;70;
International;World Padel Tour;MO;28.10.2019;Juan;Mieres Petruf;5425;;-600
International;World Padel Tour;MO;11.11.2019;Juan;Mieres Petruf;5115;;-310
International;World Padel Tour;MO;17.11.2019;Juan;Mieres Petruf;5155;40;
International;World Padel Tour;MO;24.11.2019;Juan;Mieres Petruf;5195;40;
International;World Padel Tour;MO;25.11.2019;Juan;Mieres Petruf;5015;;-180
International;World Padel Tour;MO;01.12.2019;Juan;Mieres Petruf;5055;40;
International;World Padel Tour;MO;16.12.2019;Juan;Mieres Petruf;4820;;-235
International;World Padel Tour;MO;22.12.2019;Juan;Mieres Petruf;5055;235;
International;World Padel Tour;MO;08.03.2020;Juan;Mieres Petruf;5125;70;
International;World Padel Tour;MO;23.03.2020;Juan;Mieres Petruf;4515;;-610
International;World Padel Tour;MO;01.01.2019;Ramiro;Moyano;2790;;
International;World Padel Tour;MO;24.03.2019;Ramiro;Moyano;2860;70;
International;World Padel Tour;MO;25.03.2019;Ramiro;Moyano;2685;;-175
International;World Padel Tour;MO;08.04.2019;Ramiro;Moyano;2645;;-40
International;World Padel Tour;MO;14.04.2019;Ramiro;Moyano;2825;180;
International;World Padel Tour;MO;28.04.2019;Ramiro;Moyano;2865;40;
International;World Padel Tour;MO;29.04.2019;Ramiro;Moyano;2685;;-180
International;World Padel Tour;MO;12.05.2019;Ramiro;Moyano;2865;180;
International;World Padel Tour;MO;26.05.2019;Ramiro;Moyano;2955;90;
International;World Padel Tour;MO;27.05.2019;Ramiro;Moyano;2775;;-180
International;World Padel Tour;MO;03.06.2019;Ramiro;Moyano;2725;;-50
International;World Padel Tour;MO;09.06.2019;Ramiro;Moyano;2795;70;
International;World Padel Tour;MO;23.06.2019;Ramiro;Moyano;2945;150;
International;World Padel Tour;MO;24.06.2019;Ramiro;Moyano;2765;;-180
International;World Padel Tour;MO;30.06.2019;Ramiro;Moyano;2805;40;
International;World Padel Tour;MO;08.07.2019;Ramiro;Moyano;2495;;-310
International;World Padel Tour;MO;14.07.2019;Ramiro;Moyano;2535;40;
International;World Padel Tour;MO;29.07.2019;Ramiro;Moyano;2445;;-90
International;World Padel Tour;MO;11.08.2019;Ramiro;Moyano;2650;205;
International;World Padel Tour;MO;12.08.2019;Ramiro;Moyano;2610;;-40
International;World Padel Tour;MO;26.08.2019;Ramiro;Moyano;2520;;-90
International;World Padel Tour;MO;08.09.2019;Ramiro;Moyano;3170;650;
International;World Padel Tour;MO;09.09.2019;Ramiro;Moyano;2520;;-650
International;World Padel Tour;MO;23.09.2019;Ramiro;Moyano;2450;;-70
International;World Padel Tour;MO;23.09.2019;Ramiro;Moyano;2520;70;
International;World Padel Tour;MO;07.10.2019;Ramiro;Moyano;2485;;-35
International;World Padel Tour;MO;14.10.2019;Ramiro;Moyano;2305;;-180
International;World Padel Tour;MO;20.10.2019;Ramiro;Moyano;2375;70;
International;World Padel Tour;MO;21.10.2019;Ramiro;Moyano;2300;;-75
International;World Padel Tour;MO;27.10.2019;Ramiro;Moyano;2375;75;
International;World Padel Tour;MO;28.10.2019;Ramiro;Moyano;2285;;-90
International;World Padel Tour;MO;11.11.2019;Ramiro;Moyano;2135;;-150
International;World Padel Tour;MO;17.11.2019;Ramiro;Moyano;2175;40;
International;World Padel Tour;MO;18.11.2019;Ramiro;Moyano;2150;;-25
International;World Padel Tour;MO;24.11.2019;Ramiro;Moyano;2240;90;
International;World Padel Tour;MO;25.11.2019;Ramiro;Moyano;2060;;-180
International;World Padel Tour;MO;01.12.2019;Ramiro;Moyano;2150;90;
International;World Padel Tour;MO;08.03.2020;Ramiro;Moyano;2220;70;
International;World Padel Tour;MO;23.03.2020;Ramiro;Moyano;2150;;-70
International;World Padel Tour;MO;01.01.2019;Francisco;Navarro Compán;6425;;
International;World Padel Tour;MO;24.03.2019;Francisco;Navarro Compán;7445;1020;
International;World Padel Tour;MO;25.03.2019;Francisco;Navarro Compán;7135;;-310
International;World Padel Tour;MO;08.04.2019;Francisco;Navarro Compán;6775;;-360
International;World Padel Tour;MO;14.04.2019;Francisco;Navarro Compán;7375;600;
International;World Padel Tour;MO;28.04.2019;Francisco;Navarro Compán;8375;1000;
International;World Padel Tour;MO;29.04.2019;Francisco;Navarro Compán;7775;;-600
International;World Padel Tour;MO;12.05.2019;Francisco;Navarro Compán;8375;600;
International;World Padel Tour;MO;26.05.2019;Francisco;Navarro Compán;9375;1000;
International;World Padel Tour;MO;27.05.2019;Francisco;Navarro Compán;8775;;-600
International;World Padel Tour;MO;09.06.2019;Francisco;Navarro Compán;9085;310;
International;World Padel Tour;MO;23.06.2019;Francisco;Navarro Compán;10785;1700;
International;World Padel Tour;MO;24.06.2019;Francisco;Navarro Compán;10605;;-180
International;World Padel Tour;MO;30.06.2019;Francisco;Navarro Compán;11605;1000;
International;World Padel Tour;MO;08.07.2019;Francisco;Navarro Compán;10995;;-610
International;World Padel Tour;MO;14.07.2019;Francisco;Navarro Compán;11355;360;
International;World Padel Tour;MO;29.07.2019;Francisco;Navarro Compán;10755;;-600
International;World Padel Tour;MO;11.08.2019;Francisco;Navarro Compán;11115;360;
International;World Padel Tour;MO;12.08.2019;Francisco;Navarro Compán;10935;;-180
International;World Padel Tour;MO;26.08.2019;Francisco;Navarro Compán;10575;;-360
International;World Padel Tour;MO;08.09.2019;Francisco;Navarro Compán;10725;150;
International;World Padel Tour;MO;09.09.2019;Francisco;Navarro Compán;10545;;-180
International;World Padel Tour;MO;23.09.2019;Francisco;Navarro Compán;10855;310;
International;World Padel Tour;MO;13.10.2019;Francisco;Navarro Compán;11035;180;
International;World Padel Tour;MO;20.10.2019;Francisco;Navarro Compán;11105;70;
International;World Padel Tour;MO;28.10.2019;Francisco;Navarro Compán;10105;;-1000
International;World Padel Tour;MO;11.11.2019;Francisco;Navarro Compán;9495;;-610
International;World Padel Tour;MO;17.11.2019;Francisco;Navarro Compán;10095;600;
International;World Padel Tour;MO;24.11.2019;Francisco;Navarro Compán;11095;1000;
International;World Padel Tour;MO;25.11.2019;Francisco;Navarro Compán;10495;;-600
International;World Padel Tour;MO;01.12.2019;Francisco;Navarro Compán;11095;600;
International;World Padel Tour;MO;16.12.2019;Francisco;Navarro Compán;10860;;-235
International;World Padel Tour;MO;22.12.2019;Francisco;Navarro Compán;11330;470;
International;World Padel Tour;MO;08.03.2020;Francisco;Navarro Compán;13030;1700;
International;World Padel Tour;MO;23.03.2020;Francisco;Navarro Compán;12010;;-1020
International;World Padel Tour;MO;01.01.2019;Jorge;Nieto Ruiz;1250;;
International;World Padel Tour;MO;24.03.2019;Jorge;Nieto Ruiz;1320;70;
International;World Padel Tour;MO;25.03.2019;Jorge;Nieto Ruiz;1302;;-18
International;World Padel Tour;MO;14.04.2019;Jorge;Nieto Ruiz;1342;40;
International;World Padel Tour;MO;28.04.2019;Jorge;Nieto Ruiz;1432;90;
International;World Padel Tour;MO;29.04.2019;Jorge;Nieto Ruiz;1424;;-8
International;World Padel Tour;MO;12.05.2019;Jorge;Nieto Ruiz;1514;90;
International;World Padel Tour;MO;26.05.2019;Jorge;Nieto Ruiz;1604;90;
International;World Padel Tour;MO;27.05.2019;Jorge;Nieto Ruiz;1589;;-15
International;World Padel Tour;MO;03.06.2019;Jorge;Nieto Ruiz;1532;;-57
International;World Padel Tour;MO;09.06.2019;Jorge;Nieto Ruiz;1602;70;
International;World Padel Tour;MO;23.06.2019;Jorge;Nieto Ruiz;1672;70;
International;World Padel Tour;MO;24.06.2019;Jorge;Nieto Ruiz;1664;;-8
International;World Padel Tour;MO;30.06.2019;Jorge;Nieto Ruiz;1704;40;
International;World Padel Tour;MO;01.07.2019;Jorge;Nieto Ruiz;1662;;-42
International;World Padel Tour;MO;08.07.2019;Jorge;Nieto Ruiz;1472;;-190
International;World Padel Tour;MO;14.07.2019;Jorge;Nieto Ruiz;1512;40;
International;World Padel Tour;MO;29.07.2019;Jorge;Nieto Ruiz;1482;;-30
International;World Padel Tour;MO;11.08.2019;Jorge;Nieto Ruiz;2107;625;
International;World Padel Tour;MO;12.08.2019;Jorge;Nieto Ruiz;2097;;-10
International;World Padel Tour;MO;26.08.2019;Jorge;Nieto Ruiz;1982;;-115
International;World Padel Tour;MO;08.09.2019;Jorge;Nieto Ruiz;2172;190;
International;World Padel Tour;MO;09.09.2019;Jorge;Nieto Ruiz;2057;;-115
International;World Padel Tour;MO;15.09.2019;Jorge;Nieto Ruiz;2107;50;
International;World Padel Tour;MO;23.09.2019;Jorge;Nieto Ruiz;1997;;-110
International;World Padel Tour;MO;23.09.2019;Jorge;Nieto Ruiz;2067;70;
International;World Padel Tour;MO;13.10.2019;Jorge;Nieto Ruiz;2247;180;
International;World Padel Tour;MO;14.10.2019;Jorge;Nieto Ruiz;2157;;-90
International;World Padel Tour;MO;20.10.2019;Jorge;Nieto Ruiz;2227;70;
International;World Padel Tour;MO;21.10.2019;Jorge;Nieto Ruiz;2137;;-90
International;World Padel Tour;MO;27.10.2019;Jorge;Nieto Ruiz;2257;120;
International;World Padel Tour;MO;28.10.2019;Jorge;Nieto Ruiz;2217;;-40
International;World Padel Tour;MO;11.11.2019;Jorge;Nieto Ruiz;2027;;-190
International;World Padel Tour;MO;17.11.2019;Jorge;Nieto Ruiz;2067;40;
International;World Padel Tour;MO;18.11.2019;Jorge;Nieto Ruiz;2035;;-32
International;World Padel Tour;MO;24.11.2019;Jorge;Nieto Ruiz;2125;90;
International;World Padel Tour;MO;25.11.2019;Jorge;Nieto Ruiz;2035;;-90
International;World Padel Tour;MO;01.12.2019;Jorge;Nieto Ruiz;2125;90;
International;World Padel Tour;MO;08.03.2020;Jorge;Nieto Ruiz;2275;150;
International;World Padel Tour;MO;23.03.2020;Jorge;Nieto Ruiz;2205;;-70
International;World Padel Tour;MO;01.01.2019;Javier;Rico Dasi;1275;;
International;World Padel Tour;MO;24.03.2019;Javier;Rico Dasi;1345;70;
International;World Padel Tour;MO;25.03.2019;Javier;Rico Dasi;1327;;-18
International;World Padel Tour;MO;14.04.2019;Javier;Rico Dasi;1367;40;
International;World Padel Tour;MO;28.04.2019;Javier;Rico Dasi;1457;90;
International;World Padel Tour;MO;29.04.2019;Javier;Rico Dasi;1449;;-8
International;World Padel Tour;MO;12.05.2019;Javier;Rico Dasi;1539;90;
International;World Padel Tour;MO;26.05.2019;Javier;Rico Dasi;1629;90;
International;World Padel Tour;MO;27.05.2019;Javier;Rico Dasi;1614;;-15
International;World Padel Tour;MO;03.06.2019;Javier;Rico Dasi;1557;;-57
International;World Padel Tour;MO;09.06.2019;Javier;Rico Dasi;1627;70;
International;World Padel Tour;MO;23.06.2019;Javier;Rico Dasi;1697;70;
International;World Padel Tour;MO;24.06.2019;Javier;Rico Dasi;1689;;-8
International;World Padel Tour;MO;30.06.2019;Javier;Rico Dasi;1729;40;
International;World Padel Tour;MO;01.07.2019;Javier;Rico Dasi;1687;;-42
International;World Padel Tour;MO;08.07.2019;Javier;Rico Dasi;1497;;-190
International;World Padel Tour;MO;14.07.2019;Javier;Rico Dasi;1537;40;
International;World Padel Tour;MO;15.07.2019;Javier;Rico Dasi;1512;;-25
International;World Padel Tour;MO;29.07.2019;Javier;Rico Dasi;1482;;-30
International;World Padel Tour;MO;11.08.2019;Javier;Rico Dasi;2107;625;
International;World Padel Tour;MO;12.08.2019;Javier;Rico Dasi;2097;;-10
International;World Padel Tour;MO;26.08.2019;Javier;Rico Dasi;1982;;-115
International;World Padel Tour;MO;08.09.2019;Javier;Rico Dasi;2172;190;
International;World Padel Tour;MO;09.09.2019;Javier;Rico Dasi;2057;;-115
International;World Padel Tour;MO;15.09.2019;Javier;Rico Dasi;2107;50;
International;World Padel Tour;MO;23.09.2019;Javier;Rico Dasi;1997;;-110
International;World Padel Tour;MO;23.09.2019;Javier;Rico Dasi;2067;70;
International;World Padel Tour;MO;06.10.2019;Javier;Rico Dasi;2117;50;
International;World Padel Tour;MO;13.10.2019;Javier;Rico Dasi;2297;180;
International;World Padel Tour;MO;14.10.2019;Javier;Rico Dasi;2207;;-90
International;World Padel Tour;MO;20.10.2019;Javier;Rico Dasi;2277;70;
International;World Padel Tour;MO;21.10.2019;Javier;Rico Dasi;2187;;-90
International;World Padel Tour;MO;27.10.2019;Javier;Rico Dasi;2307;120;
International;World Padel Tour;MO;28.10.2019;Javier;Rico Dasi;2267;;-40
International;World Padel Tour;MO;11.11.2019;Javier;Rico Dasi;2077;;-190
International;World Padel Tour;MO;17.11.2019;Javier;Rico Dasi;2117;40;
International;World Padel Tour;MO;18.11.2019;Javier;Rico Dasi;2085;;-32
International;World Padel Tour;MO;24.11.2019;Javier;Rico Dasi;2175;90;
International;World Padel Tour;MO;25.11.2019;Javier;Rico Dasi;2085;;-90
International;World Padel Tour;MO;01.12.2019;Javier;Rico Dasi;2175;90;
International;World Padel Tour;MO;08.03.2020;Javier;Rico Dasi;2325;150;
International;World Padel Tour;MO;23.03.2020;Javier;Rico Dasi;2255;;-70
International;World Padel Tour;MO;01.01.2019;Javier;Ruiz González;3315;;
International;World Padel Tour;MO;24.03.2019;Javier;Ruiz González;3625;310;
International;World Padel Tour;MO;25.03.2019;Javier;Ruiz González;3315;;-310
International;World Padel Tour;MO;08.04.2019;Javier;Ruiz González;3225;;-90
International;World Padel Tour;MO;14.04.2019;Javier;Ruiz González;3315;90;
International;World Padel Tour;MO;28.04.2019;Javier;Ruiz González;3405;90;
International;World Padel Tour;MO;29.04.2019;Javier;Ruiz González;3315;;-90
International;World Padel Tour;MO;12.05.2019;Javier;Ruiz González;3405;90;
International;World Padel Tour;MO;26.05.2019;Javier;Ruiz González;3585;180;
International;World Padel Tour;MO;27.05.2019;Javier;Ruiz González;3380;;-205
International;World Padel Tour;MO;03.06.2019;Javier;Ruiz González;3305;;-75
International;World Padel Tour;MO;09.06.2019;Javier;Ruiz González;3615;310;
International;World Padel Tour;MO;10.06.2019;Javier;Ruiz González;3495;;-120
International;World Padel Tour;MO;23.06.2019;Javier;Ruiz González;4105;610;
International;World Padel Tour;MO;24.06.2019;Javier;Ruiz González;4065;;-40
International;World Padel Tour;MO;30.06.2019;Javier;Ruiz González;4425;360;
International;World Padel Tour;MO;01.07.2019;Javier;Ruiz González;4305;;-120
International;World Padel Tour;MO;08.07.2019;Javier;Ruiz González;4235;;-70
International;World Padel Tour;MO;14.07.2019;Javier;Ruiz González;4325;90;
International;World Padel Tour;MO;29.07.2019;Javier;Ruiz González;4235;;-90
International;World Padel Tour;MO;11.08.2019;Javier;Ruiz González;4415;180;
International;World Padel Tour;MO;12.08.2019;Javier;Ruiz González;4055;;-360
International;World Padel Tour;MO;26.08.2019;Javier;Ruiz González;3875;;-180
International;World Padel Tour;MO;08.09.2019;Javier;Ruiz González;4485;610;
International;World Padel Tour;MO;09.09.2019;Javier;Ruiz González;4395;;-90
International;World Padel Tour;MO;23.09.2019;Javier;Ruiz González;4545;150;
International;World Padel Tour;MO;13.10.2019;Javier;Ruiz González;5145;600;
International;World Padel Tour;MO;14.10.2019;Javier;Ruiz González;4965;;-180
International;World Padel Tour;MO;20.10.2019;Javier;Ruiz González;5035;70;
International;World Padel Tour;MO;28.10.2019;Javier;Ruiz González;4675;;-360
International;World Padel Tour;MO;11.11.2019;Javier;Ruiz González;4065;;-610
International;World Padel Tour;MO;17.11.2019;Javier;Ruiz González;4245;180;
International;World Padel Tour;MO;24.11.2019;Javier;Ruiz González;4845;600;
International;World Padel Tour;MO;25.11.2019;Javier;Ruiz González;4755;;-90
International;World Padel Tour;MO;01.12.2019;Javier;Ruiz González;4935;180;
International;World Padel Tour;MO;16.12.2019;Javier;Ruiz González;4700;;-235
International;World Padel Tour;MO;22.12.2019;Javier;Ruiz González;4935;235;
International;World Padel Tour;MO;08.03.2020;Javier;Ruiz González;5245;310;
International;World Padel Tour;MO;23.03.2020;Javier;Ruiz González;4935;;-310
International;World Padel Tour;MO;01.01.2019;Alejandro;Ruiz Granados;1294;;
International;World Padel Tour;MO;24.03.2019;Alejandro;Ruiz Granados;1444;150;
International;World Padel Tour;MO;14.04.2019;Alejandro;Ruiz Granados;1484;40;
International;World Padel Tour;MO;28.04.2019;Alejandro;Ruiz Granados;1689;205;
International;World Padel Tour;MO;29.04.2019;Alejandro;Ruiz Granados;1599;;-90
International;World Padel Tour;MO;12.05.2019;Alejandro;Ruiz Granados;1639;40;
International;World Padel Tour;MO;26.05.2019;Alejandro;Ruiz Granados;1729;90;
International;World Padel Tour;MO;27.05.2019;Alejandro;Ruiz Granados;1689;;-40
International;World Padel Tour;MO;03.06.2019;Alejandro;Ruiz Granados;1677;;-12
International;World Padel Tour;MO;09.06.2019;Alejandro;Ruiz Granados;1827;150;
International;World Padel Tour;MO;10.06.2019;Alejandro;Ruiz Granados;1815;;-12
International;World Padel Tour;MO;23.06.2019;Alejandro;Ruiz Granados;2505;690;
International;World Padel Tour;MO;24.06.2019;Alejandro;Ruiz Granados;2465;;-40
International;World Padel Tour;MO;30.06.2019;Alejandro;Ruiz Granados;2505;40;
International;World Padel Tour;MO;01.07.2019;Alejandro;Ruiz Granados;2430;;-75
International;World Padel Tour;MO;08.07.2019;Alejandro;Ruiz Granados;2120;;-310
International;World Padel Tour;MO;14.07.2019;Alejandro;Ruiz Granados;2160;40;
International;World Padel Tour;MO;29.07.2019;Alejandro;Ruiz Granados;2120;;-40
International;World Padel Tour;MO;11.08.2019;Alejandro;Ruiz Granados;2505;385;
International;World Padel Tour;MO;12.08.2019;Alejandro;Ruiz Granados;2415;;-90
International;World Padel Tour;MO;26.08.2019;Alejandro;Ruiz Granados;2325;;-90
International;World Padel Tour;MO;08.09.2019;Alejandro;Ruiz Granados;2475;150;
International;World Padel Tour;MO;09.09.2019;Alejandro;Ruiz Granados;2435;;-40
International;World Padel Tour;MO;15.09.2019;Alejandro;Ruiz Granados;2510;75;
International;World Padel Tour;MO;23.09.2019;Alejandro;Ruiz Granados;2860;350;
International;World Padel Tour;MO;06.10.2019;Alejandro;Ruiz Granados;2935;75;
International;World Padel Tour;MO;13.10.2019;Alejandro;Ruiz Granados;3025;90;
International;World Padel Tour;MO;14.10.2019;Alejandro;Ruiz Granados;2985;;-40
International;World Padel Tour;MO;20.10.2019;Alejandro;Ruiz Granados;3055;70;
International;World Padel Tour;MO;21.10.2019;Alejandro;Ruiz Granados;3020;;-35
International;World Padel Tour;MO;27.10.2019;Alejandro;Ruiz Granados;3055;35;
International;World Padel Tour;MO;28.10.2019;Alejandro;Ruiz Granados;3015;;-40
International;World Padel Tour;MO;11.11.2019;Alejandro;Ruiz Granados;2865;;-150
International;World Padel Tour;MO;17.11.2019;Alejandro;Ruiz Granados;2905;40;
International;World Padel Tour;MO;18.11.2019;Alejandro;Ruiz Granados;2830;;-75
International;World Padel Tour;MO;24.11.2019;Alejandro;Ruiz Granados;2870;40;
International;World Padel Tour;MO;25.11.2019;Alejandro;Ruiz Granados;2755;;-115
International;World Padel Tour;MO;01.12.2019;Alejandro;Ruiz Granados;3165;410;
International;World Padel Tour;MO;08.03.2020;Alejandro;Ruiz Granados;3235;70;
International;World Padel Tour;MO;23.03.2020;Alejandro;Ruiz Granados;3085;;-150
International;World Padel Tour;MO;01.01.2019;Maximiliano;Sánchez;12120;;
International;World Padel Tour;MO;24.03.2019;Maximiliano;Sánchez;13820;1700;
International;World Padel Tour;MO;25.03.2019;Maximiliano;Sánchez;12120;;-1700
International;World Padel Tour;MO;08.04.2019;Maximiliano;Sánchez;11940;;-180
International;World Padel Tour;MO;14.04.2019;Maximiliano;Sánchez;12940;1000;
International;World Padel Tour;MO;28.04.2019;Maximiliano;Sánchez;13030;90;
International;World Padel Tour;MO;29.04.2019;Maximiliano;Sánchez;12030;;-1000
International;World Padel Tour;MO;12.05.2019;Maximiliano;Sánchez;13030;1000;
International;World Padel Tour;MO;26.05.2019;Maximiliano;Sánchez;13630;600;
International;World Padel Tour;MO;27.05.2019;Maximiliano;Sánchez;12630;;-1000
International;World Padel Tour;MO;09.06.2019;Maximiliano;Sánchez;13240;610;
International;World Padel Tour;MO;23.06.2019;Maximiliano;Sánchez;13550;310;
International;World Padel Tour;MO;24.06.2019;Maximiliano;Sánchez;12950;;-600
International;World Padel Tour;MO;30.06.2019;Maximiliano;Sánchez;13040;90;
International;World Padel Tour;MO;08.07.2019;Maximiliano;Sánchez;12020;;-1020
International;World Padel Tour;MO;14.07.2019;Maximiliano;Sánchez;12110;90;
International;World Padel Tour;MO;29.07.2019;Maximiliano;Sánchez;11930;;-180
International;World Padel Tour;MO;11.08.2019;Maximiliano;Sánchez;12110;180;
International;World Padel Tour;MO;12.08.2019;Maximiliano;Sánchez;11110;;-1000
International;World Padel Tour;MO;26.08.2019;Maximiliano;Sánchez;10110;;-1000
International;World Padel Tour;MO;08.09.2019;Maximiliano;Sánchez;11130;1020;
International;World Padel Tour;MO;09.09.2019;Maximiliano;Sánchez;10950;;-180
International;World Padel Tour;MO;23.09.2019;Maximiliano;Sánchez;11560;610;
International;World Padel Tour;MO;13.10.2019;Maximiliano;Sánchez;12560;1000;
International;World Padel Tour;MO;14.10.2019;Maximiliano;Sánchez;11960;;-600
International;World Padel Tour;MO;20.10.2019;Maximiliano;Sánchez;12030;70;
International;World Padel Tour;MO;28.10.2019;Maximiliano;Sánchez;11850;;-180
International;World Padel Tour;MO;11.11.2019;Maximiliano;Sánchez;10150;;-1700
International;World Padel Tour;MO;17.11.2019;Maximiliano;Sánchez;10330;180;
International;World Padel Tour;MO;24.11.2019;Maximiliano;Sánchez;10420;90;
International;World Padel Tour;MO;25.11.2019;Maximiliano;Sánchez;9420;;-1000
International;World Padel Tour;MO;01.12.2019;Maximiliano;Sánchez;10420;1000;
International;World Padel Tour;MO;16.12.2019;Maximiliano;Sánchez;9640;;-780
International;World Padel Tour;MO;22.12.2019;Maximiliano;Sánchez;10110;470;
International;World Padel Tour;MO;08.03.2020;Maximiliano;Sánchez;10720;610;
International;World Padel Tour;MO;23.03.2020;Maximiliano;Sánchez;9020;;-1700
International;World Padel Tour;MO;01.01.2019;Martín;Sánchez Piñeiro;1514;;
International;World Padel Tour;MO;24.03.2019;Martín;Sánchez Piñeiro;1664;150;
International;World Padel Tour;MO;25.03.2019;Martín;Sánchez Piñeiro;1594;;-70
International;World Padel Tour;MO;08.04.2019;Martín;Sánchez Piñeiro;1504;;-90
International;World Padel Tour;MO;14.04.2019;Martín;Sánchez Piñeiro;1544;40;
International;World Padel Tour;MO;28.04.2019;Martín;Sánchez Piñeiro;1749;205;
International;World Padel Tour;MO;29.04.2019;Martín;Sánchez Piñeiro;1659;;-90
International;World Padel Tour;MO;12.05.2019;Martín;Sánchez Piñeiro;1699;40;
International;World Padel Tour;MO;26.05.2019;Martín;Sánchez Piñeiro;1789;90;
International;World Padel Tour;MO;27.05.2019;Martín;Sánchez Piñeiro;1749;;-40
International;World Padel Tour;MO;03.06.2019;Martín;Sánchez Piñeiro;1737;;-12
International;World Padel Tour;MO;09.06.2019;Martín;Sánchez Piñeiro;1887;150;
International;World Padel Tour;MO;10.06.2019;Martín;Sánchez Piñeiro;1852;;-35
International;World Padel Tour;MO;23.06.2019;Martín;Sánchez Piñeiro;2542;690;
International;World Padel Tour;MO;24.06.2019;Martín;Sánchez Piñeiro;2452;;-90
International;World Padel Tour;MO;30.06.2019;Martín;Sánchez Piñeiro;2492;40;
International;World Padel Tour;MO;08.07.2019;Martín;Sánchez Piñeiro;2342;;-150
International;World Padel Tour;MO;14.07.2019;Martín;Sánchez Piñeiro;2382;40;
International;World Padel Tour;MO;15.07.2019;Martín;Sánchez Piñeiro;2357;;-25
International;World Padel Tour;MO;29.07.2019;Martín;Sánchez Piñeiro;2317;;-40
International;World Padel Tour;MO;11.08.2019;Martín;Sánchez Piñeiro;2702;385;
International;World Padel Tour;MO;12.08.2019;Martín;Sánchez Piñeiro;2612;;-90
International;World Padel Tour;MO;26.08.2019;Martín;Sánchez Piñeiro;2572;;-40
International;World Padel Tour;MO;08.09.2019;Martín;Sánchez Piñeiro;2722;150;
International;World Padel Tour;MO;09.09.2019;Martín;Sánchez Piñeiro;2682;;-40
International;World Padel Tour;MO;15.09.2019;Martín;Sánchez Piñeiro;2757;75;
International;World Padel Tour;MO;23.09.2019;Martín;Sánchez Piñeiro;2687;;-70
International;World Padel Tour;MO;23.09.2019;Martín;Sánchez Piñeiro;3037;350;
International;World Padel Tour;MO;06.10.2019;Martín;Sánchez Piñeiro;3112;75;
International;World Padel Tour;MO;13.10.2019;Martín;Sánchez Piñeiro;3202;90;
International;World Padel Tour;MO;14.10.2019;Martín;Sánchez Piñeiro;3162;;-40
International;World Padel Tour;MO;20.10.2019;Martín;Sánchez Piñeiro;3232;70;
International;World Padel Tour;MO;21.10.2019;Martín;Sánchez Piñeiro;3192;;-40
International;World Padel Tour;MO;27.10.2019;Martín;Sánchez Piñeiro;3227;35;
International;World Padel Tour;MO;28.10.2019;Martín;Sánchez Piñeiro;3137;;-90
International;World Padel Tour;MO;11.11.2019;Martín;Sánchez Piñeiro;2787;;-350
International;World Padel Tour;MO;17.11.2019;Martín;Sánchez Piñeiro;2827;40;
International;World Padel Tour;MO;18.11.2019;Martín;Sánchez Piñeiro;2785;;-42
International;World Padel Tour;MO;24.11.2019;Martín;Sánchez Piñeiro;2825;40;
International;World Padel Tour;MO;25.11.2019;Martín;Sánchez Piñeiro;2755;;-70
International;World Padel Tour;MO;01.12.2019;Martín;Sánchez Piñeiro;3165;410;
International;World Padel Tour;MO;08.03.2020;Martín;Sánchez Piñeiro;3235;70;
International;World Padel Tour;MO;23.03.2020;Martín;Sánchez Piñeiro;3085;;-150
International;World Padel Tour;MO;01.01.2019;Franco;Stupaczuk;4775;;
International;World Padel Tour;MO;24.03.2019;Franco;Stupaczuk;4845;70;
International;World Padel Tour;MO;25.03.2019;Franco;Stupaczuk;4775;;-70
International;World Padel Tour;MO;08.04.2019;Franco;Stupaczuk;4175;;-600
International;World Padel Tour;MO;14.04.2019;Franco;Stupaczuk;4380;205;
International;World Padel Tour;MO;28.04.2019;Franco;Stupaczuk;4560;180;
International;World Padel Tour;MO;29.04.2019;Franco;Stupaczuk;4380;;-180
International;World Padel Tour;MO;12.05.2019;Franco;Stupaczuk;4740;360;
International;World Padel Tour;MO;26.05.2019;Franco;Stupaczuk;5100;360;
International;World Padel Tour;MO;27.05.2019;Franco;Stupaczuk;4740;;-360
International;World Padel Tour;MO;09.06.2019;Franco;Stupaczuk;5350;610;
International;World Padel Tour;MO;23.06.2019;Franco;Stupaczuk;5500;150;
International;World Padel Tour;MO;24.06.2019;Franco;Stupaczuk;5410;;-90
International;World Padel Tour;MO;30.06.2019;Franco;Stupaczuk;6010;600;
International;World Padel Tour;MO;08.07.2019;Franco;Stupaczuk;5700;;-310
International;World Padel Tour;MO;14.07.2019;Franco;Stupaczuk;5740;40;
International;World Padel Tour;MO;29.07.2019;Franco;Stupaczuk;5560;;-180
International;World Padel Tour;MO;11.08.2019;Franco;Stupaczuk;5650;90;
International;World Padel Tour;MO;12.08.2019;Franco;Stupaczuk;5470;;-180
International;World Padel Tour;MO;26.08.2019;Franco;Stupaczuk;4870;;-600
International;World Padel Tour;MO;08.09.2019;Franco;Stupaczuk;5180;310;
International;World Padel Tour;MO;09.09.2019;Franco;Stupaczuk;4820;;-360
International;World Padel Tour;MO;23.09.2019;Franco;Stupaczuk;5130;310;
International;World Padel Tour;MO;13.10.2019;Franco;Stupaczuk;5490;360;
International;World Padel Tour;MO;14.10.2019;Franco;Stupaczuk;4490;;-1000
International;World Padel Tour;MO;20.10.2019;Franco;Stupaczuk;4560;70;
International;World Padel Tour;MO;28.10.2019;Franco;Stupaczuk;4200;;-360
International;World Padel Tour;MO;11.11.2019;Franco;Stupaczuk;4130;;-70
International;World Padel Tour;MO;17.11.2019;Franco;Stupaczuk;5130;1000;
International;World Padel Tour;MO;24.11.2019;Franco;Stupaczuk;5310;180;
International;World Padel Tour;MO;25.11.2019;Franco;Stupaczuk;5130;;-180
International;World Padel Tour;MO;01.12.2019;Franco;Stupaczuk;5310;180;
International;World Padel Tour;MO;16.12.2019;Franco;Stupaczuk;5075;;-235
International;World Padel Tour;MO;22.12.2019;Franco;Stupaczuk;5310;235;
International;World Padel Tour;MO;08.03.2020;Franco;Stupaczuk;5920;610;
International;World Padel Tour;MO;23.03.2020;Franco;Stupaczuk;5850;;-70
International;World Padel Tour;MO;01.01.2019;Agustín;Tapia;871;;
International;World Padel Tour;MO;24.03.2019;Agustín;Tapia;1021;150;
International;World Padel Tour;MO;25.03.2019;Agustín;Tapia;711;;-310
International;World Padel Tour;MO;08.04.2019;Agustín;Tapia;621;;-90
International;World Padel Tour;MO;14.04.2019;Agustín;Tapia;801;180;
International;World Padel Tour;MO;29.04.2019;Agustín;Tapia;761;;-40
International;World Padel Tour;MO;12.05.2019;Agustín;Tapia;801;40;
International;World Padel Tour;MO;26.05.2019;Agustín;Tapia;891;90;
International;World Padel Tour;MO;27.05.2019;Agustín;Tapia;801;;-90
International;World Padel Tour;MO;03.06.2019;Agustín;Tapia;789;;-12
International;World Padel Tour;MO;10.06.2019;Agustín;Tapia;754;;-35
International;World Padel Tour;MO;23.06.2019;Agustín;Tapia;824;70;
International;World Padel Tour;MO;24.06.2019;Agustín;Tapia;784;;-40
International;World Padel Tour;MO;30.06.2019;Agustín;Tapia;849;65;
International;World Padel Tour;MO;08.07.2019;Agustín;Tapia;779;;-70
International;World Padel Tour;MO;14.07.2019;Agustín;Tapia;1189;410;
International;World Padel Tour;MO;15.07.2019;Agustín;Tapia;1177;;-12
International;World Padel Tour;MO;11.08.2019;Agustín;Tapia;1292;115;
International;World Padel Tour;MO;08.09.2019;Agustín;Tapia;3152;1860;
International;World Padel Tour;MO;23.09.2019;Agustín;Tapia;3762;610;
International;World Padel Tour;MO;13.10.2019;Agustín;Tapia;4122;360;
International;World Padel Tour;MO;20.10.2019;Agustín;Tapia;4192;70;
International;World Padel Tour;MO;17.11.2019;Agustín;Tapia;4552;360;
International;World Padel Tour;MO;18.11.2019;Agustín;Tapia;4495;;-57
International;World Padel Tour;MO;24.11.2019;Agustín;Tapia;4855;360;
International;World Padel Tour;MO;25.11.2019;Agustín;Tapia;4740;;-115
International;World Padel Tour;MO;01.12.2019;Agustín;Tapia;4830;90;
International;World Padel Tour;MO;22.12.2019;Agustín;Tapia;5610;780;
International;World Padel Tour;MO;08.03.2020;Agustín;Tapia;5920;310;
International;World Padel Tour;MO;23.03.2020;Agustín;Tapia;5770;;-150
International;World Padel Tour;MO;01.01.2019;Juan;Tello;1300;;
International;World Padel Tour;MO;24.03.2019;Juan;Tello;1450;150;
International;World Padel Tour;MO;08.04.2019;Juan;Tello;1360;;-90
International;World Padel Tour;MO;14.04.2019;Juan;Tello;1745;385;
International;World Padel Tour;MO;28.04.2019;Juan;Tello;2130;385;
International;World Padel Tour;MO;29.04.2019;Juan;Tello;2040;;-90
International;World Padel Tour;MO;12.05.2019;Juan;Tello;2130;90;
International;World Padel Tour;MO;26.05.2019;Juan;Tello;2335;205;
International;World Padel Tour;MO;27.05.2019;Juan;Tello;2295;;-40
International;World Padel Tour;MO;09.06.2019;Juan;Tello;2445;150;
International;World Padel Tour;MO;23.06.2019;Juan;Tello;2795;350;
International;World Padel Tour;MO;30.06.2019;Juan;Tello;2975;180;
International;World Padel Tour;MO;14.07.2019;Juan;Tello;3180;205;
International;World Padel Tour;MO;29.07.2019;Juan;Tello;3140;;-40
International;World Padel Tour;MO;11.08.2019;Juan;Tello;3230;90;
International;World Padel Tour;MO;08.09.2019;Juan;Tello;3300;70;
International;World Padel Tour;MO;15.09.2019;Juan;Tello;3325;25;
International;World Padel Tour;MO;23.09.2019;Juan;Tello;3255;;-70
International;World Padel Tour;MO;23.09.2019;Juan;Tello;4355;1100;
International;World Padel Tour;MO;07.10.2019;Juan;Tello;4313;;-42
International;World Padel Tour;MO;13.10.2019;Juan;Tello;4493;180;
International;World Padel Tour;MO;14.10.2019;Juan;Tello;4378;;-115
International;World Padel Tour;MO;20.10.2019;Juan;Tello;4448;70;
International;World Padel Tour;MO;21.10.2019;Juan;Tello;4307;;-141
International;World Padel Tour;MO;28.10.2019;Juan;Tello;4242;;-65
International;World Padel Tour;MO;11.11.2019;Juan;Tello;4172;;-70
International;World Padel Tour;MO;17.11.2019;Juan;Tello;4352;180;
International;World Padel Tour;MO;18.11.2019;Juan;Tello;4225;;-127
International;World Padel Tour;MO;24.11.2019;Juan;Tello;4405;180;
International;World Padel Tour;MO;25.11.2019;Juan;Tello;3995;;-410
International;World Padel Tour;MO;01.12.2019;Juan;Tello;4085;90;
International;World Padel Tour;MO;22.12.2019;Juan;Tello;4320;235;
International;World Padel Tour;MO;08.03.2020;Juan;Tello;4390;70;
International;World Padel Tour;MO;23.03.2020;Juan;Tello;4240;;-150
