GERMANY;Essener Open 2016;GPS-500;MO;31.01.2016;;;PoolA;Gold;3;;;Mordhorst;Andre;Herbert;Justus;Jiménez Monroy;Francisco;Mateu;Miguel;2;6;1;6;2;;;;;;
GERMANY;Essener Open 2016;GPS-500;MO;31.01.2016;;;PoolA;Gold;3;;;Hildebrand;Gunnar;Löhbrink;Tobias;Jiménez Monroy;Francisco;Mateu;Miguel;2;7;6;6;2;;;;;;
GERMANY;Essener Open 2016;GPS-500;MO;31.01.2016;;;PoolA;Gold;3;;;Mordhorst;Andre;Herbert;Justus;Hildebrand;Gunnar;Löhbrink;Tobias;2;6;0;6;2;;;;;;
GERMANY;Essener Open 2016;GPS-500;MO;31.01.2016;;;PoolB;Gold;3;;;Nöllgen;Carsten;Gutiérrez Soria;Ignacio;Kopkau;Andreas;Melgar;Alberto;2;6;3;6;7;7;6;;;;
GERMANY;Essener Open 2016;GPS-500;MO;31.01.2016;;;PoolB;Gold;3;;;Bruijsten;Peter;Boers;Berend;Kopkau;Andreas;Melgar;Alberto;2;6;1;6;4;;;;;;
GERMANY;Essener Open 2016;GPS-500;MO;31.01.2016;;;PoolB;Gold;3;;;Bruijsten;Peter;Boers;Berend;Nöllgen;Carsten;Gutiérrez Soria;Ignacio;2;6;2;6;1;;;;;;
GERMANY;Essener Open 2016;GPS-500;MO;31.01.2016;;;PoolC;Gold;2;;;Nowicki;Darek;Sotiriu;Kristopher;Sanner;Marcel;Özelli;Raphael;2;6;0;6;0;;;;;;
GERMANY;Essener Open 2016;GPS-500;MO;31.01.2016;;;PoolD;Gold;3;;;Lingen;Daniel;Panske;Claudius;Lindmeyer;Johannes;Nowicki;Mischa;2;6;4;6;3;;;;;;
GERMANY;Essener Open 2016;GPS-500;MO;31.01.2016;;;PoolD;Gold;3;;;Greif;Torsten;Böhnke;Christian;Lindmeyer;Johannes;Nowicki;Mischa;2;6;2;3;6;7;6;;;;
GERMANY;Essener Open 2016;GPS-500;MO;31.01.2016;;;PoolD;Gold;3;;;Lingen;Daniel;Panske;Claudius;Greif;Torsten;Böhnke;Christian;2;3;6;4;6;;;;;;
GERMANY;Essener Open 2016;GPS-500;MO;31.01.2016;;;KO2;Gold;2;;;Mordhorst;Andre;Herbert;Justus;Bruijsten;Peter;Boers;Berend;2;6;1;6;3;;;;;;
GERMANY;Essener Open 2016;GPS-500;MO;31.01.2016;;;KO2;Gold;2;;;Nowicki;Darek;Sotiriu;Kristopher;Greif;Torsten;Böhnke;Christian;2;6;2;6;3;;;;;;
GERMANY;Essener Open 2016;GPS-500;MO;31.01.2016;;;POS3;Gold;2;;;Greif;Torsten;Böhnke;Christian;Bruijsten;Peter;Boers;Berend;2;4;6;6;0;6;7;;;;
GERMANY;Essener Open 2016;GPS-500;MO;31.01.2016;;;KO1;Gold;2;;;Nowicki;Darek;Sotiriu;Kristopher;Mordhorst;Andre;Herbert;Justus;2;6;4;6;4;;;;;;
GERMANY;Herner Open 2016;GPS-500;MO;06.03.2016;;;PoolA;Gold;3;;;Nöllgen;Carsten;Mateu;Miguel;Wald;Christian;Nowicki;Mischa;2;2;6;3;6;;;;;;
GERMANY;Herner Open 2016;GPS-500;MO;06.03.2016;;;PoolA;Gold;3;;;Wald;Christian;Nowicki;Mischa;Ekstrand;Johan;Kölling;Tim;2;6;0;6;1;;;;;;
GERMANY;Herner Open 2016;GPS-500;MO;06.03.2016;;;PoolA;Gold;3;;;Nöllgen;Carsten;Mateu;Miguel;Ekstrand;Johan;Kölling;Tim;2;6;2;6;1;;;;;;
GERMANY;Herner Open 2016;GPS-500;MO;06.03.2016;;;PoolB;Gold;3;;;Nowicki;Darek;Panske;Claudius;Lorson;Fabian;Deters;Jannik;2;6;0;6;0;;;;;;
GERMANY;Herner Open 2016;GPS-500;MO;06.03.2016;;;PoolB;Gold;3;;;Lorson;Fabian;Deters;Jannik;Eckert;Marvin;Boxberger;Björn;2;2;6;4;6;;;;;;
GERMANY;Herner Open 2016;GPS-500;MO;06.03.2016;;;PoolB;Gold;3;;;Nowicki;Darek;Panske;Claudius;Eckert;Marvin;Boxberger;Björn;2;6;1;6;2;;;;;;
GERMANY;Herner Open 2016;GPS-500;MO;06.03.2016;;;PoolC;Gold;3;;;Lingen;Daniel;Gutiérrez Soria;Ignacio;Rose;Mike;Werner;Jaroslaw;2;7;5;6;4;;;;;;
GERMANY;Herner Open 2016;GPS-500;MO;06.03.2016;;;PoolC;Gold;3;;;Rose;Mike;Werner;Jaroslaw;Esteban;Rafael;Berenguel del Cerro;Javier;2;6;1;6;1;;;;;;
GERMANY;Herner Open 2016;GPS-500;MO;06.03.2016;;;PoolC;Gold;3;;;Lingen;Daniel;Gutiérrez Soria;Ignacio;Esteban;Rafael;Berenguel del Cerro;Javier;2;6;1;6;1;;;;;;
GERMANY;Herner Open 2016;GPS-500;MO;06.03.2016;;;PoolD;Gold;3;;;Mordhorst;Andre;Grachev;Maxim;Lintermann;Peter;Schulz;Colin;2;6;3;6;2;;;;;;
GERMANY;Herner Open 2016;GPS-500;MO;06.03.2016;;;PoolD;Gold;3;;;Lintermann;Peter;Schulz;Colin;Zeitvogel;Tim;Borna Nizic;Mirko;2;4;6;2;6;;;;;;
GERMANY;Herner Open 2016;GPS-500;MO;06.03.2016;;;PoolD;Gold;3;;;Mordhorst;Andre;Grachev;Maxim;Zeitvogel;Tim;Borna Nizic;Mirko;2;6;1;6;2;;;;;;
GERMANY;Herner Open 2016;GPS-500;MO;06.03.2016;;;KO2;Gold;2;;;Wald;Christian;Nowicki;Mischa;Nowicki;Darek;Panske;Claudius;2;4;6;6;3;2;10;;;;
GERMANY;Herner Open 2016;GPS-500;MO;06.03.2016;;;KO2;Gold;2;;;Lingen;Daniel;Gutiérrez Soria;Ignacio;Mordhorst;Andre;Grachev;Maxim;2;6;7;6;7;;;;;;
GERMANY;Herner Open 2016;GPS-500;MO;06.03.2016;;;KO1;Gold;2;;;Nowicki;Darek;Panske;Claudius;Mordhorst;Andre;Grachev;Maxim;2;5;7;7;5;5;7;;;;
GERMANY;FIP 100 II Berlin Padel Open;GPS-2000;MO;08.05.2016;;;KO16;Gold;2;;;Herbert;Justus;Schmidt;Fabian;Bye;Bye;Bye;Bye;2;6;0;6;0;;;;;;
GERMANY;FIP 100 II Berlin Padel Open;GPS-2000;MO;08.05.2016;;;KO16;Gold;2;;;García Grumbach;Lorenzo;Pieterse;Christiaan;Berenguel del Cerro;Javier;Medrano;Antonio;2;2;6;3;6;;;;;;
GERMANY;FIP 100 II Berlin Padel Open;GPS-2000;MO;08.05.2016;;;KO16;Gold;2;;;Ravelo;Jaime;Menéndez Alonso;Jonathan;Bye;Bye;Bye;Bye;2;6;0;6;0;;;;;;
GERMANY;FIP 100 II Berlin Padel Open;GPS-2000;MO;08.05.2016;;;KO16;Gold;2;;;Schäfer;Germán;Grachev;Maxim;Bye;Bye;Bye;Bye;2;6;0;6;0;;;;;;
GERMANY;FIP 100 II Berlin Padel Open;GPS-2000;MO;08.05.2016;;;KO16;Gold;2;;;Sosna;Klaus;Ibarra;Carlos;Gutiérrez Soria;Mario;Gutiérrez Soria;Ignacio;2;0;6;0;6;;;;;;
GERMANY;FIP 100 II Berlin Padel Open;GPS-2000;MO;08.05.2016;;;KO16;Gold;2;;;Palsson;Andreas;Olsson;Kim;Bye;Bye;Bye;Bye;2;6;0;6;0;;;;;;
GERMANY;FIP 100 II Berlin Padel Open;GPS-2000;MO;08.05.2016;;;KO16;Gold;2;;;Lilja;Andreas;Haugen;Tonny;Stoffers;Ralf;Belmonte;Marcos;2;6;7;6;7;;;;;;
GERMANY;FIP 100 II Berlin Padel Open;GPS-2000;MO;08.05.2016;;;KO16;Gold;2;;;Bruijsten;Peter;Greif;Torsten;Bye;Bye;Bye;Bye;2;6;0;6;0;;;;;;
GERMANY;FIP 100 II Berlin Padel Open;GPS-2000;MO;08.05.2016;;;KO16;Gold;2;;;Mordhorst;Andre;Böhnke;Christian;Bye;Bye;Bye;Bye;2;6;0;6;0;;;;;;
GERMANY;FIP 100 II Berlin Padel Open;GPS-2000;MO;08.05.2016;;;KO16;Gold;2;;;Schaafstall;Benjamin;Esteban;Rafael;Goerke;Christoph;Quesada Hernández;Juan Fernando;2;4;6;6;4;6;4;;;;
GERMANY;FIP 100 II Berlin Padel Open;GPS-2000;MO;08.05.2016;;;KO16;Gold;2;;;Hillbricht;Alexander;Bosselmann;Lars;Bye;Bye;Bye;Bye;2;6;0;6;0;;;;;;
GERMANY;FIP 100 II Berlin Padel Open;GPS-2000;MO;08.05.2016;;;KO16;Gold;2;;;Sotiriu;Kristopher;Ederer;Matthias;Bye;Bye;Bye;Bye;2;6;0;6;0;;;;;;
GERMANY;FIP 100 II Berlin Padel Open;GPS-2000;MO;08.05.2016;;;KO16;Gold;2;;;Lingen;Daniel;Panske;Claudius;Bye;Bye;Bye;Bye;2;6;0;6;0;;;;;;
GERMANY;FIP 100 II Berlin Padel Open;GPS-2000;MO;08.05.2016;;;KO16;Gold;2;;;González Teruel;Roberto;Meléndez Núñez;Gabriel;Bye;Bye;Bye;Bye;2;6;0;6;0;;;;;;
GERMANY;FIP 100 II Berlin Padel Open;GPS-2000;MO;08.05.2016;;;KO16;Gold;2;;;Heininger;Nils;Probst;Felix;Knobloch;Sebastian;Plehm;Michael;2;6;4;6;2;;;;;;
GERMANY;FIP 100 II Berlin Padel Open;GPS-2000;MO;08.05.2016;;;KO16;Gold;2;;;Capitani;Marcelo;González Serrano;Francisco;Bye;Bye;Bye;Bye;2;6;0;6;0;;;;;;
GERMANY;FIP 100 II Berlin Padel Open;GPS-2000;MO;08.05.2016;;;KO8;Gold;2;;;Herbert;Justus;Schmidt;Stefan;Berenguel del Cerro;Javier;Medrano;Antonio;2;6;2;6;1;;;;;;
GERMANY;FIP 100 II Berlin Padel Open;GPS-2000;MO;08.05.2016;;;KO8;Gold;2;;;Ravelo;Jaime;Menéndez Alonso;Jonathan;Schäfer;Germán;Grachev;Maxim;2;0;6;1;6;;;;;;
GERMANY;FIP 100 II Berlin Padel Open;GPS-2000;MO;08.05.2016;;;KO8;Gold;2;;;Gutiérrez Soria;Mario;Gutiérrez Soria;Ignacio;Palsson;Andreas;Olsson;Kim;3;6;3;4;6;6;3;;;;
GERMANY;FIP 100 II Berlin Padel Open;GPS-2000;MO;08.05.2016;;;KO8;Gold;2;;;Stoffers;Ralf;Belmonte;Marcos;Bruijsten;Peter;Greif;Torsten;2;4;6;3;6;;;;;;
GERMANY;FIP 100 II Berlin Padel Open;GPS-2000;MO;08.05.2016;;;KO8;Gold;2;;;Mordhorst;Andre;Böhnke;Christian;Schaafstall;Benjamin;Esteban;Rafael;2;6;0;6;1;;;;;;
GERMANY;FIP 100 II Berlin Padel Open;GPS-2000;MO;08.05.2016;;;KO8;Gold;2;;;Hillbricht;Alexander;Bosselmann;Lars;Sotiriu;Kristopher;Ederer;Matthias;2;1;6;1;6;;;;;;
GERMANY;FIP 100 II Berlin Padel Open;GPS-2000;MO;08.05.2016;;;KO8;Gold;2;;;Lingen;Daniel;Panske;Claudius;González Teruel;Roberto;Meléndez Núñez;Gabriel;2;6;0;6;1;;;;;;
GERMANY;FIP 100 II Berlin Padel Open;GPS-2000;MO;08.05.2016;;;KO8;Gold;2;;;Heininger;Nils;Probst;Felix;Capitani;Marcelo;González Serrano;Francisco;2;5;7;2;6;;;;;;
GERMANY;FIP 100 II Berlin Padel Open;GPS-2000;MO;08.05.2016;;;KO4;Gold;2;;;Herbert;Justus;Schmidt;Stefan;Schäfer;Germán;Grachev;Maxim;2;6;4;2;6;6;7;;;;
GERMANY;FIP 100 II Berlin Padel Open;GPS-2000;MO;08.05.2016;;;KO4;Gold;2;;;Gutiérrez Soria;Mario;Gutiérrez Soria;Ignacio;Bruijsten;Peter;Greif;Torsten;2;1;6;5;7;;;;;;
GERMANY;FIP 100 II Berlin Padel Open;GPS-2000;MO;08.05.2016;;;KO4;Gold;2;;;Mordhorst;Andre;Böhnke;Christian;Sotiriu;Kristopher;Ederer;Matthias;2;0;6;1;6;;;;;;
GERMANY;FIP 100 II Berlin Padel Open;GPS-2000;MO;08.05.2016;;;KO4;Gold;2;;;Lingen;Daniel;Panske;Claudius;Capitani;Marcelo;González Serrano;Francisco;2;6;4;6;4;;;;;;
GERMANY;FIP 100 II Berlin Padel Open;GPS-2000;MO;08.05.2016;;;KO2;Gold;2;;;Schäfer;Germán;Grachev;Maxim;Bruijsten;Peter;Greif;Torsten;2;3;6;7;6;6;3;;;;
GERMANY;FIP 100 II Berlin Padel Open;GPS-2000;MO;08.05.2016;;;KO2;Gold;2;;;Sotiriu;Kristopher;Ederer;Matthias;Lingen;Daniel;Panske;Claudius;2;6;4;6;4;;;;;;
GERMANY;FIP 100 II Berlin Padel Open;GPS-2000;MO;08.05.2016;;;KO1;Gold;2;;;Schäfer;Germán;Grachev;Maxim;Sotiriu;Kristopher;Ederer;Matthias;2;1;6;6;4;6;3;;;;
GERMANY;Berliner Open 2016 - Damen;GPS-WOMEN;WO;08.05.2016;;;PoolA;Gold;5;;;Moreno;Belén;Moreno;Alba;Pulido Serrano;Laura;Rösler;Anita;2;2;6;1;6;;;;;;
GERMANY;Berliner Open 2016 - Damen;GPS-WOMEN;WO;08.05.2016;;;PoolA;Gold;5;;;Moreno;Belén;Moreno;Alba;Ledesma;Paula Lucía;Frowein;Ana;2;1;6;2;6;;;;;;
GERMANY;Berliner Open 2016 - Damen;GPS-WOMEN;WO;08.05.2016;;;PoolA;Gold;5;;;Moreno;Belén;Moreno;Alba;Castillo;Tracy;Langerbein;Caroline;2;0;6;1;6;;;;;;
GERMANY;Berliner Open 2016 - Damen;GPS-WOMEN;WO;08.05.2016;;;PoolA;Gold;5;;;Moreno;Belén;Moreno;Alba;Pielot;Cora;Schmidt;Sabine;2;6;4;7;5;;;;;;
GERMANY;Berliner Open 2016 - Damen;GPS-WOMEN;WO;08.05.2016;;;PoolA;Gold;5;;;Pulido Serrano;Laura;Rösler;Anita;Ledesma;Paula Lucía;Frowein;Ana;2;3;6;4;6;;;;;;
GERMANY;Berliner Open 2016 - Damen;GPS-WOMEN;WO;08.05.2016;;;PoolA;Gold;5;;;Pulido Serrano;Laura;Rösler;Anita;Castillo;Tracy;Langerbein;Caroline;2;0;6;0;6;;;;;;
GERMANY;Berliner Open 2016 - Damen;GPS-WOMEN;WO;08.05.2016;;;PoolA;Gold;5;;;Pulido Serrano;Laura;Rösler;Anita;Pielot;Cora;Schmidt;Sabine;2;6;1;6;2;;;;;;
GERMANY;Berliner Open 2016 - Damen;GPS-WOMEN;WO;08.05.2016;;;PoolA;Gold;5;;;Ledesma;Paula Lucía;Frowein;Ana;Castillo;Tracy;Langerbein;Caroline;2;2;6;2;6;;;;;;
GERMANY;Berliner Open 2016 - Damen;GPS-WOMEN;WO;08.05.2016;;;PoolA;Gold;5;;;Ledesma;Paula Lucía;Frowein;Ana;Pielot;Cora;Schmidt;Sabine;2;6;2;6;1;;;;;;
GERMANY;Berliner Open 2016 - Damen;GPS-WOMEN;WO;08.05.2016;;;PoolA;Gold;5;;;Castillo;Tracy;Langerbein;Caroline;Pielot;Cora;Schmidt;Sabine;2;6;0;6;1;;;;;;
GERMANY;Frankfurter Open 2016;GPS-500;MO;22.05.2016;;;PoolA;Gold;3;;;Lingen;Daniel;Nowicki;Darek;Schulz;Colin;Grosso;Marcelo;2;6;2;6;3;;;;;;
GERMANY;Frankfurter Open 2016;GPS-500;MO;22.05.2016;;;PoolA;Gold;3;;;Lingen;Daniel;Nowicki;Darek;Bermúdez Peña;José;Gallardo;Julio;2;6;2;6;2;;;;;;
GERMANY;Frankfurter Open 2016;GPS-500;MO;22.05.2016;;;PoolA;Gold;3;;;Schulz;Colin;Grosso;Marcelo;Bermúdez Peña;José;Gallardo;Julio;2;6;3;6;4;;;;;;
GERMANY;Frankfurter Open 2016;GPS-500;MO;22.05.2016;;;PoolB;Gold;3;;;Medrano;Antonio;Gutiérrez Soria;Ignacio;Esteban Ramos;Roberto;Gual;Alejandro;2;6;2;6;3;;;;;;
GERMANY;Frankfurter Open 2016;GPS-500;MO;22.05.2016;;;PoolB;Gold;3;;;Medrano;Antonio;Gutiérrez Soria;Ignacio;Salinas;Eduardo;Riquelme;Miguel;2;7;6;6;3;;;;;;
GERMANY;Frankfurter Open 2016;GPS-500;MO;22.05.2016;;;PoolB;Gold;3;;;Esteban Ramos;Roberto;Gual;Alejandro;Salinas;Eduardo;Riquelme;Miguel;2;2;6;3;6;;;;;;
GERMANY;Frankfurter Open 2016;GPS-500;MO;22.05.2016;;;PoolC;Gold;3;;;González Serrano;Francisco;Corral;Francisco;Deters;Jannik;Schaafstall;Benjamin;2;3;6;4;6;;;;;;
GERMANY;Frankfurter Open 2016;GPS-500;MO;22.05.2016;;;PoolC;Gold;3;;;González Serrano;Francisco;Corral;Francisco;Esteban;Rafael;Thavisin;Ben;2;4;6;4;6;;;;;;
GERMANY;Frankfurter Open 2016;GPS-500;MO;22.05.2016;;;PoolC;Gold;3;;;Deters;Jannik;Schaafstall;Benjamin;Esteban;Rafael;Thavisin;Ben;2;7;5;6;2;;;;;;
GERMANY;Frankfurter Open 2016;GPS-500;MO;22.05.2016;;;PoolZ;Gold;6;;;Lingen;Daniel;Nowicki;Darek;Salinas;Eduardo;Riquelme;Miguel;2;6;3;6;2;;;;;;
GERMANY;Frankfurter Open 2016;GPS-500;MO;22.05.2016;;;PoolZ;Gold;6;;;Deters;Jannik;Schaafstall;Benjamin;Lingen;Daniel;Nowicki;Darek;2;2;6;3;6;;;;;;
GERMANY;Frankfurter Open 2016;GPS-500;MO;22.05.2016;;;PoolZ;Gold;6;;;Salinas;Eduardo;Riquelme;Miguel;Deters;Jannik;Schaafstall;Benjamin;2;6;3;3;6;8;10;;;;
GERMANY;Frankfurter Open 2016;GPS-500;MO;22.05.2016;;;PoolZ;Gold;6;;;Schulz;Colin;Grosso;Marcelo;Medrano;Antonio;Gutiérrez Soria;Ignacio;2;2;6;4;6;;;;;;
GERMANY;Frankfurter Open 2016;GPS-500;MO;22.05.2016;;;PoolZ;Gold;6;;;Medrano;Antonio;Gutiérrez Soria;Ignacio;Esteban;Rafael;Thavisin;Ben;2;6;3;6;3;;;;;;
GERMANY;Frankfurter Open 2016;GPS-500;MO;22.05.2016;;;PoolZ;Gold;6;;;Esteban;Rafael;Thavisin;Ben;Schulz;Colin;Grosso;Marcelo;2;2;6;2;6;;;;;;
GERMANY;Frankfurter Open 2016;GPS-500;MO;22.05.2016;;;KO2;Gold;2;;;Lingen;Daniel;Nowicki;Darek;Schulz;Colin;Grosso;Marcelo;2;6;0;6;1;;;;;;
GERMANY;Frankfurter Open 2016;GPS-500;MO;22.05.2016;;;KO2;Gold;2;;;Deters;Jannik;Schaafstall;Benjamin;Medrano;Antonio;Gutiérrez Soria;Ignacio;2;4;6;3;6;;;;;;
GERMANY;Frankfurter Open 2016;GPS-500;MO;22.05.2016;;;POS3;Gold;2;;;Schulz;Colin;Grosso;Marcelo;Deters;Jannik;Schaafstall;Benjamin;2;4;6;2;6;;;;;;
GERMANY;Frankfurter Open 2016;GPS-500;MO;22.05.2016;;;KO1;Gold;2;;;Lingen;Daniel;Nowicki;Darek;Medrano;Antonio;Gutiérrez Soria;Ignacio;2;6;0;6;1;;;;;;
GERMANY;III Münchener Frühlingsturnier 2016 - Herren;GPS-250;MO;05.06.2016;;;PoolA;Gold;3;;;San Frutos Posadas;Isaac;Döppenschmidt;Stefan;Zang;Timo;Vogt;Christofer;2;8;10;;;;;;;;
GERMANY;III Münchener Frühlingsturnier 2016 - Herren;GPS-250;MO;05.06.2016;;;PoolA;Gold;3;;;San Frutos Posadas;Isaac;Döppenschmidt;Stefan;Rohm;Oliver;Schlösser;Philipp;2;9;2;;;;;;;;
GERMANY;III Münchener Frühlingsturnier 2016 - Herren;GPS-250;MO;05.06.2016;;;PoolA;Gold;3;;;Zang;Timo;Vogt;Christofer;Rohm;Oliver;Schlösser;Philipp;2;9;7;;;;;;;;
GERMANY;III Münchener Frühlingsturnier 2016 - Herren;GPS-250;MO;05.06.2016;;;PoolB;Gold;3;;;García;Juan Carlos;Hillebrand;Tom;Jiménez;Ricardo;Palencia;Juan;2;10;8;;;;;;;;
GERMANY;III Münchener Frühlingsturnier 2016 - Herren;GPS-250;MO;05.06.2016;;;PoolB;Gold;3;;;García;Juan Carlos;Hillebrand;Tom;Plitt;David;Schneider;Bernhard;2;7;9;;;;;;;;
GERMANY;III Münchener Frühlingsturnier 2016 - Herren;GPS-250;MO;05.06.2016;;;PoolB;Gold;3;;;Jiménez;Ricardo;Palencia;Juan;Plitt;David;Schneider;Bernhard;2;1;9;;;;;;;;
GERMANY;III Münchener Frühlingsturnier 2016 - Herren;GPS-250;MO;05.06.2016;;;PoolC;Gold;3;;;Ladrón de Guevara López-Sáez;Álvaro;Moraleda;Julio;Karmann;Christoph;Alonso;Álvaro;2;9;3;;;;;;;;
GERMANY;III Münchener Frühlingsturnier 2016 - Herren;GPS-250;MO;05.06.2016;;;PoolC;Gold;3;;;Ladrón de Guevara López-Sáez;Álvaro;Moraleda;Julio;Valiente;Ariel;Villar;Jacobo;2;9;3;;;;;;;;
GERMANY;III Münchener Frühlingsturnier 2016 - Herren;GPS-250;MO;05.06.2016;;;PoolC;Gold;3;;;Karmann;Christoph;Alonso;Álvaro;Valiente;Ariel;Villar;Jacobo;2;7;9;;;;;;;;
GERMANY;III Münchener Frühlingsturnier 2016 - Herren;GPS-250;MO;05.06.2016;;;KO2;Gold;2;;;Zang;Timo;Vogt;Christofer;San Frutos Posadas;Isaac;Döppenschmidt;Stefan;2;4;6;3;6;;;;;;
GERMANY;III Münchener Frühlingsturnier 2016 - Herren;GPS-250;MO;05.06.2016;;;KO2;Gold;2;;;Plitt;David;Schneider;Bernhard;Ladrón de Guevara López-Sáez;Álvaro;Moraleda;Julio;2;4;6;4;6;;;;;;
GERMANY;III Münchener Frühlingsturnier 2016 - Herren;GPS-250;MO;05.06.2016;;;KO1;Gold;2;;;San Frutos Posadas;Isaac;Döppenschmidt;Stefan;Ladrón de Guevara López-Sáez;Álvaro;Moraleda;Julio;2;3;6;6;1;6;4;;;;
GERMANY;III Münchener Frühlingsturnier 2016 - Damen;GPS-WOMEN;WO;05.06.2016;;;PoolA;Gold;3;;;Llorente;María;Sanz;Silvia;Vosteen;Martina;Vermee;Dirka;2;9;0;;;;;;;;
GERMANY;III Münchener Frühlingsturnier 2016 - Damen;GPS-WOMEN;WO;05.06.2016;;;PoolA;Gold;3;;;Llorente;María;Sanz;Silvia;Pastor Olivares;Ana;Millán Gutiérrez;Lidia;2;9;1;;;;;;;;
GERMANY;III Münchener Frühlingsturnier 2016 - Damen;GPS-WOMEN;WO;05.06.2016;;;PoolA;Gold;3;;;Vosteen;Martina;Vermee;Dirka;Pastor Olivares;Ana;Millán Gutiérrez;Lidia;2;1;9;;;;;;;;
GERMANY;III Münchener Frühlingsturnier 2016 - Damen;GPS-WOMEN;WO;05.06.2016;;;PoolB;Gold;3;;;Álvarez;Marta;Medina;Marina;Vidal;Mar;Haymann;Svenja;2;9;0;;;;;;;;
GERMANY;III Münchener Frühlingsturnier 2016 - Damen;GPS-WOMEN;WO;05.06.2016;;;PoolB;Gold;3;;;Álvarez;Marta;Medina;Marina;López;Begoña;Horcajada;Laura;2;9;1;;;;;;;;
GERMANY;III Münchener Frühlingsturnier 2016 - Damen;GPS-WOMEN;WO;05.06.2016;;;PoolB;Gold;3;;;Vidal;Mar;Haymann;Svenja;López;Begoña;Horcajada;Laura;2;0;9;;;;;;;;
GERMANY;III Münchener Frühlingsturnier 2016 - Damen;GPS-WOMEN;WO;05.06.2016;;;PoolC;Gold;3;;;Hernández;Karina;González;Cristina;Trat;Regine;Trat;Sophia;2;9;2;;;;;;;;
GERMANY;III Münchener Frühlingsturnier 2016 - Damen;GPS-WOMEN;WO;05.06.2016;;;PoolC;Gold;3;;;Hernández;Karina;González;Cristina;Estañol;Inmaculada;Ramos;Cruz;2;9;2;;;;;;;;
GERMANY;III Münchener Frühlingsturnier 2016 - Damen;GPS-WOMEN;WO;05.06.2016;;;PoolC;Gold;3;;;Trat;Regine;Trat;Sophia;Estañol;Inmaculada;Ramos;Cruz;2;9;6;;;;;;;;
GERMANY;III Münchener Frühlingsturnier 2016 - Damen;GPS-WOMEN;WO;05.06.2016;;;KO2;Gold;2;;;Llorente;María;Sanz;Silvia;Pastor Olivares;Ana;Millán Gutiérrez;Lidia;2;6;0;6;1;;;;;;
GERMANY;III Münchener Frühlingsturnier 2016 - Damen;GPS-WOMEN;WO;05.06.2016;;;KO2;Gold;2;;;Álvarez;Marta;Medina;Marina;Hernández;Karina;González;Cristina;2;6;2;3;6;7;10;;;;
GERMANY;III Münchener Frühlingsturnier 2016 - Damen;GPS-WOMEN;WO;05.06.2016;;;KO1;Gold;2;;;Llorente;María;Sanz;Silvia;Hernández;Karina;González;Cristina;2;6;1;6;2;;;;;;
GERMANY;III Münchener Sommerturnier 2016 - Herren;GPS-500;MO;10.07.2016;;;PoolA;Gold;3;;;Schlösser;Philipp;Hillebrand;Tom;Mann;Yannik;Knobloch;Sebastian;2;7;9;;;;;;;;
GERMANY;III Münchener Sommerturnier 2016 - Herren;GPS-500;MO;10.07.2016;;;PoolA;Gold;3;;;Schlösser;Philipp;Hillebrand;Tom;Pons;Albert;Sellmeier;Manuel;2;9;0;;;;;;;;
GERMANY;III Münchener Sommerturnier 2016 - Herren;GPS-500;MO;10.07.2016;;;PoolA;Gold;3;;;Mann;Yannik;Knobloch;Sebastian;Pons;Albert;Sellmeier;Manuel;2;9;0;;;;;;;;
GERMANY;III Münchener Sommerturnier 2016 - Herren;GPS-500;MO;10.07.2016;;;PoolB;Gold;2;;;Zang;Timo;Vogt;Christofer;Gutiérrez Soria;Ignacio;Esteban;Rafael;2;9;10;;;;;;;;
GERMANY;III Münchener Sommerturnier 2016 - Herren;GPS-500;MO;10.07.2016;;;PoolC;Gold;3;;;San Frutos Posadas;Isaac;González Serrano;Francisco;Plitt;David;Schneider;Bernhard;2;9;7;;;;;;;;
GERMANY;III Münchener Sommerturnier 2016 - Herren;GPS-500;MO;10.07.2016;;;PoolC;Gold;3;;;San Frutos Posadas;Isaac;González Serrano;Francisco;Valiente;Ariel;Villar;Jacobo;2;9;2;;;;;;;;
GERMANY;III Münchener Sommerturnier 2016 - Herren;GPS-500;MO;10.07.2016;;;PoolC;Gold;3;;;Plitt;David;Schneider;Bernhard;Valiente;Ariel;Villar;Jacobo;2;9;5;;;;;;;;
GERMANY;III Münchener Sommerturnier 2016 - Herren;GPS-500;MO;10.07.2016;;;PoolD;Gold;3;;;Ladrón de Guevara López-Sáez;Álvaro;Moraleda;Julio;Pratesi;Javier;Pérez González;David;2;9;6;;;;;;;;
GERMANY;III Münchener Sommerturnier 2016 - Herren;GPS-500;MO;10.07.2016;;;PoolD;Gold;3;;;Ladrón de Guevara López-Sáez;Álvaro;Moraleda;Julio;Alonso;Álvaro;Eckmeier;Peppi;2;9;4;;;;;;;;
GERMANY;III Münchener Sommerturnier 2016 - Herren;GPS-500;MO;10.07.2016;;;PoolD;Gold;3;;;Pratesi;Javier;Pérez González;David;Alonso;Álvaro;Eckmeier;Peppi;2;9;5;;;;;;;;
GERMANY;III Münchener Sommerturnier 2016 - Herren;GPS-500;MO;10.07.2016;;;KO4;Gold;2;;;San Frutos Posadas;Isaac;González Serrano;Francisco;Pratesi;Javier;Pérez González;David;2;9;3;;;;;;;;
GERMANY;III Münchener Sommerturnier 2016 - Herren;GPS-500;MO;10.07.2016;;;KO4;Gold;2;;;Ladrón de Guevara López-Sáez;Álvaro;Moraleda;Julio;Plitt;David;Schneider;Bernhard;2;9;3;;;;;;;;
GERMANY;III Münchener Sommerturnier 2016 - Herren;GPS-500;MO;10.07.2016;;;KO4;Gold;2;;;Mann;Yannik;Knobloch;Sebastian;Zang;Timo;Vogt;Christofer;2;9;3;;;;;;;;
GERMANY;III Münchener Sommerturnier 2016 - Herren;GPS-500;MO;10.07.2016;;;KO4;Gold;2;;;Gutiérrez Soria;Ignacio;Esteban;Rafael;Schlösser;Philipp;Hillebrand;Tom;2;10;9;;;;;;;;
GERMANY;III Münchener Sommerturnier 2016 - Herren;GPS-500;MO;10.07.2016;;;KO2;Gold;2;;;San Frutos Posadas;Isaac;González Serrano;Francisco;Mann;Yannik;Knobloch;Sebastian;2;1;6;6;7;;;;;;
GERMANY;III Münchener Sommerturnier 2016 - Herren;GPS-500;MO;10.07.2016;;;KO2;Gold;2;;;Ladrón de Guevara López-Sáez;Álvaro;Moraleda;Julio;Gutiérrez Soria;Ignacio;Esteban;Rafael;2;6;7;5;7;;;;;;
GERMANY;III Münchener Sommerturnier 2016 - Herren;GPS-500;MO;10.07.2016;;;KO1;Gold;2;;;Mann;Yannik;Knobloch;Sebastian;Gutiérrez Soria;Ignacio;Esteban;Rafael;2;6;3;6;3;;;;;;
GERMANY;Hamburger Open 2016;GPS-1000;MO;16.07.2016;;;PoolA;Gold;4;;;González Serrano;Francisco;Hevroni;Amit;Knobloch;Sebastian;Bott;Frederick;2;1;6;6;7;;;;;;
GERMANY;Hamburger Open 2016;GPS-1000;MO;16.07.2016;;;PoolA;Gold;4;;;González Serrano;Francisco;Hevroni;Amit;Samuelsen;Lennart;Krause;Bennet;2;6;4;1;6;10;3;;;;
GERMANY;Hamburger Open 2016;GPS-1000;MO;16.07.2016;;;PoolA;Gold;4;;;González Serrano;Francisco;Hevroni;Amit;Büttner;Marc;Herzberg;Thomas;2;6;1;6;0;;;;;;
GERMANY;Hamburger Open 2016;GPS-1000;MO;16.07.2016;;;PoolA;Gold;4;;;Knobloch;Sebastian;Bott;Frederick;Samuelsen;Lennart;Krause;Bennet;2;6;7;3;6;;;;;;
GERMANY;Hamburger Open 2016;GPS-1000;MO;16.07.2016;;;PoolA;Gold;4;;;Knobloch;Sebastian;Bott;Frederick;Büttner;Marc;Herzberg;Thomas;2;6;2;6;2;;;;;;
GERMANY;Hamburger Open 2016;GPS-1000;MO;16.07.2016;;;PoolA;Gold;4;;;Samuelsen;Lennart;Krause;Bennet;Büttner;Marc;Herzberg;Thomas;2;6;0;6;1;;;;;;
GERMANY;Hamburger Open 2016;GPS-1000;MO;16.07.2016;;;PoolB;Gold;4;;;Esteban;Rafael;Thavisin;Ben;Ahrens;Jasper;Goerke;Christoph;2;1;6;3;6;;;;;;
GERMANY;Hamburger Open 2016;GPS-1000;MO;16.07.2016;;;PoolB;Gold;4;;;Esteban;Rafael;Thavisin;Ben;Rose;Mike;Werner;Jaroslaw;2;3;6;2;6;;;;;;
GERMANY;Hamburger Open 2016;GPS-1000;MO;16.07.2016;;;PoolB;Gold;4;;;Esteban;Rafael;Thavisin;Ben;Holzmüller;André;Wrage;Christian;2;6;4;6;1;;;;;;
GERMANY;Hamburger Open 2016;GPS-1000;MO;16.07.2016;;;PoolB;Gold;4;;;Ahrens;Jasper;Goerke;Christoph;Rose;Mike;Werner;Jaroslaw;2;5;7;2;6;;;;;;
GERMANY;Hamburger Open 2016;GPS-1000;MO;16.07.2016;;;PoolB;Gold;4;;;Ahrens;Jasper;Goerke;Christoph;Holzmüller;André;Wrage;Christian;2;6;0;6;0;;;;;;
GERMANY;Hamburger Open 2016;GPS-1000;MO;16.07.2016;;;PoolB;Gold;4;;;Rose;Mike;Werner;Jaroslaw;Holzmüller;André;Wrage;Christian;2;6;1;6;0;;;;;;
GERMANY;Hamburger Open 2016;GPS-1000;MO;16.07.2016;;;PoolC;Gold;4;;;Gutiérrez Soria;Ignacio;Deters;Jannik;Bosselmann;Lars;Wiessner;Christian;2;5;7;0;6;;;;;;
GERMANY;Hamburger Open 2016;GPS-1000;MO;16.07.2016;;;PoolC;Gold;4;;;Gutiérrez Soria;Ignacio;Deters;Jannik;García Grumbach;Lorenzo;Pieterse;Christiaan;2;6;0;6;2;;;;;;
GERMANY;Hamburger Open 2016;GPS-1000;MO;16.07.2016;;;PoolC;Gold;4;;;Gutiérrez Soria;Ignacio;Deters;Jannik;Nickel;Thomas;Haensch;Friedrich;2;6;0;6;2;;;;;;
GERMANY;Hamburger Open 2016;GPS-1000;MO;16.07.2016;;;PoolC;Gold;4;;;Bosselmann;Lars;Wiessner;Christian;García Grumbach;Lorenzo;Pieterse;Christiaan;2;6;3;6;2;;;;;;
GERMANY;Hamburger Open 2016;GPS-1000;MO;16.07.2016;;;PoolC;Gold;4;;;Bosselmann;Lars;Wiessner;Christian;Nickel;Thomas;Haensch;Friedrich;2;6;0;6;1;;;;;;
GERMANY;Hamburger Open 2016;GPS-1000;MO;16.07.2016;;;PoolC;Gold;4;;;García Grumbach;Lorenzo;Pieterse;Christiaan;Nickel;Thomas;Haensch;Friedrich;2;6;3;6;3;;;;;;
GERMANY;Hamburger Open 2016;GPS-1000;MO;16.07.2016;;;PoolD;Gold;4;;;Lingen;Daniel;Hildebrand;Gunnar;Mann;Yannik;Berenguel del Cerro;Javier;2;7;6;6;3;;;;;;
GERMANY;Hamburger Open 2016;GPS-1000;MO;16.07.2016;;;PoolD;Gold;4;;;Lingen;Daniel;Hildebrand;Gunnar;Plehm;Michael;Schmidt;Stefan;2;6;1;6;0;;;;;;
GERMANY;Hamburger Open 2016;GPS-1000;MO;16.07.2016;;;PoolD;Gold;4;;;Lingen;Daniel;Hildebrand;Gunnar;Camacho Motilla;Manuel;Bernar;Gonzalo;2;6;0;6;1;;;;;;
GERMANY;Hamburger Open 2016;GPS-1000;MO;16.07.2016;;;PoolD;Gold;4;;;Mann;Yannik;Berenguel del Cerro;Javier;Plehm;Michael;Schmidt;Stefan;2;6;0;6;1;;;;;;
GERMANY;Hamburger Open 2016;GPS-1000;MO;16.07.2016;;;PoolD;Gold;4;;;Mann;Yannik;Berenguel del Cerro;Javier;Camacho Motilla;Manuel;Bernar;Gonzalo;2;6;0;6;0;;;;;;
GERMANY;Hamburger Open 2016;GPS-1000;MO;16.07.2016;;;PoolD;Gold;4;;;Plehm;Michael;Schmidt;Stefan;Camacho Motilla;Manuel;Bernar;Gonzalo;2;6;2;6;1;;;;;;
GERMANY;Hamburger Open 2016;GPS-1000;MO;16.07.2016;;;KO4;Gold;2;;;Lingen;Daniel;Hildebrand;Gunnar;Knobloch;Sebastian;Bott;Frederick;2;6;1;6;0;;;;;;
GERMANY;Hamburger Open 2016;GPS-1000;MO;16.07.2016;;;KO4;Gold;2;;;Gutiérrez Soria;Ignacio;Deters;Jannik;Rose;Mike;Werner;Jaroslaw;2;2;6;4;6;;;;;;
GERMANY;Hamburger Open 2016;GPS-1000;MO;16.07.2016;;;KO4;Gold;2;;;Samuelsen;Lennart;Krause;Bennet;Mann;Yannik;Berenguel del Cerro;Javier;2;3;6;3;6;;;;;;
GERMANY;Hamburger Open 2016;GPS-1000;MO;16.07.2016;;;KO4;Gold;2;;;Ahrens;Jasper;Goerke;Christoph;Bosselmann;Lars;Wiessner;Christian;2;3;6;0;6;;;;;;
GERMANY;Hamburger Open 2016;GPS-1000;MO;16.07.2016;;;KO2;Gold;2;;;Lingen;Daniel;Hildebrand;Gunnar;Rose;Mike;Werner;Jaroslaw;2;6;4;6;4;;;;;;
GERMANY;Hamburger Open 2016;GPS-1000;MO;16.07.2016;;;KO2;Gold;2;;;Mann;Yannik;Berenguel del Cerro;Javier;Bosselmann;Lars;Wiessner;Christian;2;7;6;3;6;6;7;;;;
GERMANY;Hamburger Open 2016;GPS-1000;MO;16.07.2016;;;KO1;Gold;2;;;Lingen;Daniel;Hildebrand;Gunnar;Bosselmann;Lars;Wiessner;Christian;2;6;4;6;4;;;;;;
GERMANY;Hamburger Open 2016;GPS-1000;MO;16.07.2016;;;POS3;Gold;2;;;Rose;Mike;Werner;Jaroslaw;Mann;Yannik;Berenguel del Cerro;Javier;2;3;6;6;4;3;6;;;;
GERMANY;IV. Berlin Classics 2016;GPS-1000;MO;31.07.2016;;;PoolA;Gold;3;;;Böhnke;Christian;Stauder;Franz;Plehm;Michael;Schmidt;Stefan;2;6;2;6;2;;;;;;
GERMANY;IV. Berlin Classics 2016;GPS-1000;MO;31.07.2016;;;PoolA;Gold;3;;;Böhnke;Christian;Stauder;Franz;Danilov;Kyrill;Fernández Cruz;José Carlos;2;6;2;6;2;;;;;;
GERMANY;IV. Berlin Classics 2016;GPS-1000;MO;31.07.2016;;;PoolA;Gold;3;;;Plehm;Michael;Schmidt;Stefan;Danilov;Kyrill;Fernández Cruz;José Carlos;2;6;2;6;2;;;;;;
GERMANY;IV. Berlin Classics 2016;GPS-1000;MO;31.07.2016;;;PoolB;Gold;3;;;Goerke;Christoph;Ahrens;Jasper;Albiol;Sergi;Folgado;David;2;6;3;6;3;;;;;;
GERMANY;IV. Berlin Classics 2016;GPS-1000;MO;31.07.2016;;;PoolB;Gold;3;;;Goerke;Christoph;Ahrens;Jasper;Reissig;Sven;Mach;Christoph;2;6;3;6;2;;;;;;
GERMANY;IV. Berlin Classics 2016;GPS-1000;MO;31.07.2016;;;PoolB;Gold;3;;;Albiol;Sergi;Folgado;David;Reissig;Sven;Mach;Christoph;2;7;5;4;6;8;10;;;;
GERMANY;IV. Berlin Classics 2016;GPS-1000;MO;31.07.2016;;;PoolC;Gold;3;;;Mann;Yannik;Samuelsen;Lennart;Pieterse;Christiaan;Ekstrand;Johan;2;6;2;7;6;;;;;;
GERMANY;IV. Berlin Classics 2016;GPS-1000;MO;31.07.2016;;;PoolC;Gold;3;;;Mann;Yannik;Samuelsen;Lennart;Stange;Kai;Huteland;Björn;2;6;2;6;2;;;;;;
GERMANY;IV. Berlin Classics 2016;GPS-1000;MO;31.07.2016;;;PoolC;Gold;3;;;Pieterse;Christiaan;Ekstrand;Johan;Stange;Kai;Huteland;Björn;2;6;3;6;4;;;;;;
GERMANY;IV. Berlin Classics 2016;GPS-1000;MO;31.07.2016;;;PoolD;Gold;3;;;González Serrano;Francisco;Ravelo;Jaime;Witt;Alejandro;Dietmar;Wilke;2;6;3;7;6;;;;;;
GERMANY;IV. Berlin Classics 2016;GPS-1000;MO;31.07.2016;;;PoolD;Gold;3;;;González Serrano;Francisco;Ravelo;Jaime;Muñoz;Jorge;Ibarra;Carlos;2;6;3;6;2;;;;;;
GERMANY;IV. Berlin Classics 2016;GPS-1000;MO;31.07.2016;;;PoolD;Gold;3;;;Witt;Alejandro;Dietmar;Wilke;Muñoz;Jorge;Ibarra;Carlos;2;6;3;6;3;;;;;;
GERMANY;IV. Berlin Classics 2016;GPS-1000;MO;31.07.2016;;;PoolE;Gold;3;;;Ferrero;Alberto;Hillbricht;Alexander;Solanes;Eric;Mañas;Luis;2;6;2;6;2;;;;;;
GERMANY;IV. Berlin Classics 2016;GPS-1000;MO;31.07.2016;;;PoolE;Gold;3;;;Ferrero;Alberto;Hillbricht;Alexander;Jahnke;Marcus;Müller;Marco;2;6;2;6;2;;;;;;
GERMANY;IV. Berlin Classics 2016;GPS-1000;MO;31.07.2016;;;PoolE;Gold;3;;;Solanes;Eric;Mañas;Luis;Jahnke;Marcus;Müller;Marco;2;6;3;6;3;;;;;;
GERMANY;IV. Berlin Classics 2016;GPS-1000;MO;31.07.2016;;;PoolF;Gold;4;;;Heininger;Nils;Probst;Felix;Hernández;Juan Carlos;Hernández;Ignacio;2;6;2;6;2;;;;;;
GERMANY;IV. Berlin Classics 2016;GPS-1000;MO;31.07.2016;;;PoolF;Gold;4;;;Seppo;Aleksi;Gottschalk;Florian;Nguyen;Cuang;Schahin;Marsel;2;4;6;5;7;;;;;;
GERMANY;IV. Berlin Classics 2016;GPS-1000;MO;31.07.2016;;;PoolF;Gold;4;;;Heininger;Nils;Probst;Felix;Seppo;Aleksi;Gottschalk;Florian;2;6;3;6;3;;;;;;
GERMANY;IV. Berlin Classics 2016;GPS-1000;MO;31.07.2016;;;PoolF;Gold;4;;;Hernández;Juan Carlos;Hernández;Ignacio;Nguyen;Cuang;Schahin;Marsel;2;6;2;6;3;;;;;;
GERMANY;IV. Berlin Classics 2016;GPS-1000;MO;31.07.2016;;;PoolF;Gold;4;;;Heininger;Nils;Probst;Felix;Nguyen;Cuang;Schahin;Marsel;2;6;2;6;2;;;;;;
GERMANY;IV. Berlin Classics 2016;GPS-1000;MO;31.07.2016;;;PoolF;Gold;4;;;Hernández;Juan Carlos;Hernández;Ignacio;Seppo;Aleksi;Gottschalk;Florian;2;6;3;6;3;;;;;;
GERMANY;IV. Berlin Classics 2016;GPS-1000;MO;31.07.2016;;;PoolZ;Gold;3;;;Solanes;Eric;Mañas;Luis;Plehm;Michael;Schmidt;Stefan;2;2;6;4;6;;;;;;
GERMANY;IV. Berlin Classics 2016;GPS-1000;MO;31.07.2016;;;PoolZ;Gold;3;;;Solanes;Eric;Mañas;Luis;Reissig;Sven;Mach;Christoph;2;4;6;4;6;;;;;;
GERMANY;IV. Berlin Classics 2016;GPS-1000;MO;31.07.2016;;;PoolZ;Gold;3;;;Plehm;Michael;Schmidt;Stefan;Reissig;Sven;Mach;Christoph;2;6;2;6;2;;;;;;
GERMANY;IV. Berlin Classics 2016;GPS-1000;MO;31.07.2016;;;PoolY;Gold;3;;;Pieterse;Christiaan;Ekstrand;Johan;Witt;Alejandro;Dietmar;Wilke;2;6;4;6;3;;;;;;
GERMANY;IV. Berlin Classics 2016;GPS-1000;MO;31.07.2016;;;PoolY;Gold;3;;;Pieterse;Christiaan;Ekstrand;Johan;Hernández;Juan Carlos;Hernández;Ignacio;2;6;3;6;4;;;;;;
GERMANY;IV. Berlin Classics 2016;GPS-1000;MO;31.07.2016;;;PoolY;Gold;3;;;Witt;Alejandro;Dietmar;Wilke;Hernández;Juan Carlos;Hernández;Ignacio;2;7;5;6;4;;;;;;
GERMANY;IV. Berlin Classics 2016;GPS-1000;MO;31.07.2016;;;KO4;Gold;2;;;Ferrero;Alberto;Hillbricht;Alexander;Goerke;Christoph;Ahrens;Jasper;2;0;6;3;6;;;;;;
GERMANY;IV. Berlin Classics 2016;GPS-1000;MO;31.07.2016;;;KO4;Gold;2;;;Böhnke;Christian;Stauder;Franz;Mann;Yannik;Samuelsen;Lennart;2;6;3;3;6;10;7;;;;
GERMANY;IV. Berlin Classics 2016;GPS-1000;MO;31.07.2016;;;KO4;Gold;2;;;Heininger;Nils;Probst;Felix;Pieterse;Christiaan;Ekstrand;Johan;2;6;4;6;4;;;;;;
GERMANY;IV. Berlin Classics 2016;GPS-1000;MO;31.07.2016;;;KO4;Gold;2;;;Plehm;Michael;Schmidt;Stefan;González Serrano;Francisco;Ravelo;Jaime;2;6;4;2;6;6;10;;;;
GERMANY;IV. Berlin Classics 2016;GPS-1000;MO;31.07.2016;;;KO2;Gold;2;;;Goerke;Christoph;Ahrens;Jasper;Böhnke;Christian;Stauder;Franz;2;1;6;4;6;;;;;;
GERMANY;IV. Berlin Classics 2016;GPS-1000;MO;31.07.2016;;;KO2;Gold;2;;;Heininger;Nils;Probst;Felix;González Serrano;Francisco;Ravelo;Jaime;2;7;6;6;7;6;4;;;;
GERMANY;IV. Berlin Classics 2016;GPS-1000;MO;31.07.2016;;;KO1;Gold;2;;;Böhnke;Christian;Stauder;Franz;Heininger;Nils;Probst;Felix;2;6;1;6;1;;;;;;
GERMANY;Badener Open 2016;GPS-500;MO;21.08.2016;;;PoolA;Gold;6;;;Zeitvogel;Tim;Eckert;Marvin;Heger;Philipp;Kaliszewski;Artur;2;9;1;;;;;;;;
GERMANY;Badener Open 2016;GPS-500;MO;21.08.2016;;;PoolA;Gold;6;;;Schulz;Colin;Hoff;Rafael;Heger;Philipp;Kaliszewski;Artur;2;5;9;;;;;;;;
GERMANY;Badener Open 2016;GPS-500;MO;21.08.2016;;;PoolA;Gold;6;;;Zeitvogel;Tim;Eckert;Marvin;Schulz;Colin;Hoff;Rafael;2;9;0;;;;;;;;
GERMANY;Badener Open 2016;GPS-500;MO;21.08.2016;;;PoolA;Gold;6;;;Deters;Jannik;Schaafstall;Benjamin;Heger;Philipp;Kaliszewski;Artur;2;9;2;;;;;;;;
GERMANY;Badener Open 2016;GPS-500;MO;21.08.2016;;;PoolA;Gold;6;;;Schulz;Colin;Hoff;Rafael;Gutiérrez Soria;Ignacio;Thavisin;Ben;2;3;9;;;;;;;;
GERMANY;Badener Open 2016;GPS-500;MO;21.08.2016;;;PoolA;Gold;6;;;Cruck;Jeray;Klement;Gernot;Heger;Philipp;Kaliszewski;Artur;2;5;9;;;;;;;;
GERMANY;Badener Open 2016;GPS-500;MO;21.08.2016;;;PoolA;Gold;6;;;Deters;Jannik;Schaafstall;Benjamin;Zeitvogel;Tim;Eckert;Marvin;2;6;9;;;;;;;;
GERMANY;Badener Open 2016;GPS-500;MO;21.08.2016;;;PoolA;Gold;6;;;Schulz;Colin;Hoff;Rafael;Deters;Jannik;Schaafstall;Benjamin;2;2;9;;;;;;;;
GERMANY;Badener Open 2016;GPS-500;MO;21.08.2016;;;PoolA;Gold;6;;;Heger;Philipp;Kaliszewski;Artur;Gutiérrez Soria;Ignacio;Thavisin;Ben;2;3;9;;;;;;;;
GERMANY;Badener Open 2016;GPS-500;MO;21.08.2016;;;PoolA;Gold;6;;;Deters;Jannik;Schaafstall;Benjamin;Cruck;Jeray;Klement;Gernot;2;9;1;;;;;;;;
GERMANY;Badener Open 2016;GPS-500;MO;21.08.2016;;;PoolA;Gold;6;;;Zeitvogel;Tim;Eckert;Marvin;Gutiérrez Soria;Ignacio;Thavisin;Ben;2;9;6;;;;;;;;
GERMANY;Badener Open 2016;GPS-500;MO;21.08.2016;;;PoolA;Gold;6;;;Schulz;Colin;Hoff;Rafael;Cruck;Jeray;Klement;Gernot;2;9;7;;;;;;;;
GERMANY;Badener Open 2016;GPS-500;MO;21.08.2016;;;PoolA;Gold;6;;;Gutiérrez Soria;Ignacio;Thavisin;Ben;Deters;Jannik;Schaafstall;Benjamin;2;9;6;;;;;;;;
GERMANY;Badener Open 2016;GPS-500;MO;21.08.2016;;;PoolA;Gold;6;;;Zeitvogel;Tim;Eckert;Marvin;Cruck;Jeray;Klement;Gernot;2;9;0;;;;;;;;
GERMANY;Badener Open 2016;GPS-500;MO;21.08.2016;;;PoolA;Gold;6;;;Gutiérrez Soria;Ignacio;Thavisin;Ben;Cruck;Jeray;Klement;Gernot;2;9;0;;;;;;;;
GERMANY;Badener Open 2016;GPS-500;MO;21.08.2016;;;KO2;Gold;2;;;Zeitvogel;Tim;Eckert;Marvin;Heger;Philipp;Kaliszewski;Artur;2;9;2;9;2;;;;;;
GERMANY;Badener Open 2016;GPS-500;MO;21.08.2016;;;KO2;Gold;2;;;Deters;Jannik;Schaafstall;Benjamin;Gutiérrez Soria;Ignacio;Thavisin;Ben;2;6;4;4;6;10;7;;;;
GERMANY;Badener Open 2016;GPS-500;MO;21.08.2016;;;KO1;Gold;2;;;Zeitvogel;Tim;Eckert;Marvin;Deters;Jannik;Schaafstall;Benjamin;2;6;1;6;2;;;;;;
GERMANY;Espelkamper Open 2016 - Kat. A;GPS-1000;MO;28.08.2016;;;KO8;Gold;2;;;Nowicki;Darek;Panske;Claudius;Bye;Bye;Bye;Bye;2;6;0;6;0;;;;;;
GERMANY;Espelkamper Open 2016 - Kat. A;GPS-1000;MO;28.08.2016;;;KO8;Gold;2;;;Deters;Jannik;Thavisin;Ben;Kopkau;Andreas;Carvalho;Nuno;2;6;7;4;6;;;;;;
GERMANY;Espelkamper Open 2016 - Kat. A;GPS-1000;MO;28.08.2016;;;KO8;Gold;2;;;Gutiérrez Soria;Ignacio;Schaafstall;Benjamin;Rose;Mike;Werner;Jaroslaw;2;6;7;6;4;6;4;;;;
GERMANY;Espelkamper Open 2016 - Kat. A;GPS-1000;MO;28.08.2016;;;KO8;Gold;2;;;Zeitvogel;Tim;Eckert;Marvin;Hildebrand;Gunnar;Lingen;Daniel;2;4;6;4;6;;;;;;
GERMANY;Espelkamper Open 2016 - Kat. A;GPS-1000;MO;28.08.2016;;;KO8;Gold;2;;;Böhnke;Christian;Mordhorst;Andre;Steinebach;David;Hillbricht;Alexander;2;6;0;6;2;;;;;;
GERMANY;Espelkamper Open 2016 - Kat. A;GPS-1000;MO;28.08.2016;;;KO8;Gold;2;;;Bosselmann;Lars;Samuelsen;Lennart;Esteban;Rafael;Bott;Frederick;2;6;0;6;1;;;;;;
GERMANY;Espelkamper Open 2016 - Kat. A;GPS-1000;MO;28.08.2016;;;KO8;Gold;2;;;Bruijsten;Peter;Meijer;Bram;Greif;Torsten;Nowicki;Mischa;2;6;3;6;3;;;;;;
GERMANY;Espelkamper Open 2016 - Kat. A;GPS-1000;MO;28.08.2016;;;KO8;Gold;2;;;Bye;Bye;Bye;Bye;Herbert;Justus;Schmidt;Fabian;2;0;6;0;6;;;;;;
GERMANY;Espelkamper Open 2016 - Kat. A;GPS-1000;MO;28.08.2016;;;KO4;Gold;2;;;Nowicki;Darek;Panske;Claudius;Kopkau;Andreas;Carvalho;Nuno;2;6;2;6;3;;;;;;
GERMANY;Espelkamper Open 2016 - Kat. A;GPS-1000;MO;28.08.2016;;;KO4;Gold;2;;;Gutiérrez Soria;Ignacio;Schaafstall;Benjamin;Hildebrand;Gunnar;Lingen;Daniel;2;4;6;7;6;2;6;;;;
GERMANY;Espelkamper Open 2016 - Kat. A;GPS-1000;MO;28.08.2016;;;KO4;Gold;2;;;Böhnke;Christian;Mordhorst;Andre;Bosselmann;Lars;Samuelsen;Lennart;2;6;0;6;3;;;;;;
GERMANY;Espelkamper Open 2016 - Kat. A;GPS-1000;MO;28.08.2016;;;KO4;Gold;2;;;Bruijsten;Peter;Meijer;Bram;Herbert;Justus;Schmidt;Fabian;2;6;7;4;6;;;;;;
GERMANY;Espelkamper Open 2016 - Kat. A;GPS-1000;MO;28.08.2016;;;KO2;Gold;2;;;Nowicki;Darek;Panske;Claudius;Hildebrand;Gunnar;Lingen;Daniel;2;6;4;6;3;;;;;;
GERMANY;Espelkamper Open 2016 - Kat. A;GPS-1000;MO;28.08.2016;;;KO2;Gold;2;;;Böhnke;Christian;Mordhorst;Andre;Herbert;Justus;Schmidt;Fabian;2;5;7;7;6;6;4;;;;
GERMANY;Espelkamper Open 2016 - Kat. A;GPS-1000;MO;28.08.2016;;;POS3;Gold;2;;;Hildebrand;Gunnar;Lingen;Daniel;Herbert;Justus;Schmidt;Fabian;2;4;6;4;6;;;;;;
GERMANY;Espelkamper Open 2016 - Kat. A;GPS-1000;MO;28.08.2016;;;KO1;Gold;2;;;Nowicki;Darek;Panske;Claudius;Böhnke;Christian;Mordhorst;Andre;2;4;6;7;6;6;3;;;;
GERMANY;Espelkamper Open 2016 - Kat. A;GPS-1000;MO;28.08.2016;;;KO4;Silver;2;;;Deters;Jannik;Thavisin;Ben;Bye;Bye;Bye;Bye;2;6;0;6;0;;;;;;
GERMANY;Espelkamper Open 2016 - Kat. A;GPS-1000;MO;28.08.2016;;;KO4;Silver;2;;;Steinebach;David;Hillbricht;Alexander;Zeitvogel;Tim;Eckert;Marvin;2;0;6;0;6;;;;;;
GERMANY;Espelkamper Open 2016 - Kat. A;GPS-1000;MO;28.08.2016;;;KO4;Silver;2;;;Rose;Mike;Werner;Jaroslaw;Esteban;Rafael;Bott;Frederick;2;0;6;0;6;;;;;;
GERMANY;Espelkamper Open 2016 - Kat. A;GPS-1000;MO;28.08.2016;;;KO4;Silver;2;;;Bye;Bye;Bye;Bye;Greif;Torsten;Nowicki;Mischa;2;0;6;0;6;;;;;;
GERMANY;Espelkamper Open 2016 - Kat. A;GPS-1000;MO;28.08.2016;;;KO2;Silver;2;;;Deters;Jannik;Thavisin;Ben;Zeitvogel;Tim;Eckert;Marvin;2;1;6;3;6;;;;;;
GERMANY;Espelkamper Open 2016 - Kat. A;GPS-1000;MO;28.08.2016;;;KO2;Silver;2;;;Esteban;Rafael;Bott;Frederick;Greif;Torsten;Nowicki;Mischa;2;3;6;2;6;;;;;;
GERMANY;Espelkamper Open 2016 - Kat. A;GPS-1000;MO;28.08.2016;;;KO1;Silver;2;;;Zeitvogel;Tim;Eckert;Marvin;Greif;Torsten;Nowicki;Mischa;2;2;6;2;6;;;;;;
GERMANY;Espelkamper Open 2016 - Kat. B;GPS-250;MO;28.08.2016;;;PoolA;Gold;5;;;Plehm;Michael;Schmidt;Stefan;Haschemi;Hadi;Schulz;Dirk;2;1;6;4;6;;;;;;
GERMANY;Espelkamper Open 2016 - Kat. B;GPS-250;MO;28.08.2016;;;PoolA;Gold;5;;;Plehm;Michael;Schmidt;Stefan;Clauß;Wanja;Böschemeier;Markus;2;4;6;6;0;6;2;;;;
GERMANY;Espelkamper Open 2016 - Kat. B;GPS-250;MO;28.08.2016;;;PoolA;Gold;5;;;Plehm;Michael;Schmidt;Stefan;Petrovic;Alexander;Petrovic;Nick;2;6;3;6;1;;;;;;
GERMANY;Espelkamper Open 2016 - Kat. B;GPS-250;MO;28.08.2016;;;PoolA;Gold;5;;;Plehm;Michael;Schmidt;Stefan;N.;N.;Diehl;Gerhard;2;6;0;6;0;;;;;;
GERMANY;Espelkamper Open 2016 - Kat. B;GPS-250;MO;28.08.2016;;;PoolA;Gold;5;;;Haschemi;Hadi;Schulz;Dirk;Clauß;Wanja;Böschemeier;Markus;2;6;2;6;2;;;;;;
GERMANY;Espelkamper Open 2016 - Kat. B;GPS-250;MO;28.08.2016;;;PoolA;Gold;5;;;Haschemi;Hadi;Schulz;Dirk;Petrovic;Alexander;Petrovic;Nick;2;6;4;6;3;;;;;;
GERMANY;Espelkamper Open 2016 - Kat. B;GPS-250;MO;28.08.2016;;;PoolA;Gold;5;;;Haschemi;Hadi;Schulz;Dirk;N.;N.;Diehl;Gerhard;2;6;0;6;0;;;;;;
GERMANY;Espelkamper Open 2016 - Kat. B;GPS-250;MO;28.08.2016;;;PoolA;Gold;5;;;Clauß;Wanja;Böschemeier;Markus;Petrovic;Alexander;Petrovic;Nick;2;6;4;6;4;;;;;;
GERMANY;Espelkamper Open 2016 - Kat. B;GPS-250;MO;28.08.2016;;;PoolA;Gold;5;;;Clauß;Wanja;Böschemeier;Markus;N.;N.;Diehl;Gerhard;2;6;0;6;0;;;;;;
GERMANY;Espelkamper Open 2016 - Kat. B;GPS-250;MO;28.08.2016;;;PoolA;Gold;5;;;Petrovic;Alexander;Petrovic;Nick;N.;N.;Diehl;Gerhard;2;6;0;6;0;;;;;;
GERMANY;Espelkamper Open 2016 - Kat. B;GPS-250;MO;28.08.2016;;;PoolB;Gold;4;;;Wolter;Tobias;Grau;Oliver;Sannwaldt;Alexander-Douglas;Löhbrink;Tobias;2;7;6;4;6;6;4;;;;
GERMANY;Espelkamper Open 2016 - Kat. B;GPS-250;MO;28.08.2016;;;PoolB;Gold;4;;;Wolter;Tobias;Grau;Oliver;Gerth;Andreas;Brettschneider;Christian;2;6;1;6;1;;;;;;
GERMANY;Espelkamper Open 2016 - Kat. B;GPS-250;MO;28.08.2016;;;PoolB;Gold;4;;;Wolter;Tobias;Grau;Oliver;Hiller;Jan;Martens;Mattheus;2;6;3;6;0;;;;;;
GERMANY;Espelkamper Open 2016 - Kat. B;GPS-250;MO;28.08.2016;;;PoolB;Gold;4;;;Sannwaldt;Alexander-Douglas;Löhbrink;Tobias;Gerth;Andreas;Brettschneider;Christian;2;6;4;6;1;;;;;;
GERMANY;Espelkamper Open 2016 - Kat. B;GPS-250;MO;28.08.2016;;;PoolB;Gold;4;;;Sannwaldt;Alexander-Douglas;Löhbrink;Tobias;Hiller;Jan;Martens;Mattheus;2;6;2;6;3;;;;;;
GERMANY;Espelkamper Open 2016 - Kat. B;GPS-250;MO;28.08.2016;;;PoolB;Gold;4;;;Gerth;Andreas;Brettschneider;Christian;Hiller;Jan;Martens;Mattheus;2;6;4;6;4;;;;;;
GERMANY;Espelkamper Open 2016 - Kat. B;GPS-250;MO;28.08.2016;;;KO2;Gold;2;;;Plehm;Michael;Schmidt;Stefan;Wolter;Tobias;Grau;Oliver;2;3;6;3;6;;;;;;
GERMANY;Espelkamper Open 2016 - Kat. B;GPS-250;MO;28.08.2016;;;KO2;Gold;2;;;Haschemi;Hadi;Schulz;Dirk;Sannwaldt;Alexander-Douglas;Löhbrink;Tobias;2;4;6;6;7;;;;;;
GERMANY;Espelkamper Open 2016 - Kat. B;GPS-250;MO;28.08.2016;;;POS3;Gold;2;;;Plehm;Michael;Schmidt;Stefan;Haschemi;Hadi;Schulz;Dirk;2;3;6;4;6;;;;;;
GERMANY;Espelkamper Open 2016 - Kat. B;GPS-250;MO;28.08.2016;;;KO1;Gold;2;;;Wolter;Tobias;Grau;Oliver;Sannwaldt;Alexander-Douglas;Löhbrink;Tobias;2;4;6;5;7;;;;;;
GERMANY;Kölner Open 2016;GPS-1000;MO;11.09.2016;;;PoolA;Gold;4;;;Lingen;Daniel;Panske;Claudius;Thavisin;Ben;Bott;Frederick;2;6;2;6;2;;;;;;
GERMANY;Kölner Open 2016;GPS-1000;MO;11.09.2016;;;PoolA;Gold;4;;;Lingen;Daniel;Panske;Claudius;Deters;Jannik;Schaafstall;Benjamin;2;6;2;6;2;;;;;;
GERMANY;Kölner Open 2016;GPS-1000;MO;11.09.2016;;;PoolA;Gold;4;;;Lingen;Daniel;Panske;Claudius;González Serrano;Francisco;Pieterse;Christiaan;2;6;2;6;1;;;;;;
GERMANY;Kölner Open 2016;GPS-1000;MO;11.09.2016;;;PoolA;Gold;4;;;Thavisin;Ben;Bott;Frederick;Deters;Jannik;Schaafstall;Benjamin;2;2;6;2;6;;;;;;
GERMANY;Kölner Open 2016;GPS-1000;MO;11.09.2016;;;PoolA;Gold;4;;;Thavisin;Ben;Bott;Frederick;González Serrano;Francisco;Pieterse;Christiaan;2;6;2;6;4;;;;;;
GERMANY;Kölner Open 2016;GPS-1000;MO;11.09.2016;;;PoolA;Gold;4;;;Deters;Jannik;Schaafstall;Benjamin;González Serrano;Francisco;Pieterse;Christiaan;2;6;3;6;4;;;;;;
GERMANY;Kölner Open 2016;GPS-1000;MO;11.09.2016;;;PoolB;Gold;4;;;Mordhorst;Andre;Nowicki;Darek;Nowicki;Mischa;Böhnke;Christian;2;6;4;6;3;;;;;;
GERMANY;Kölner Open 2016;GPS-1000;MO;11.09.2016;;;PoolB;Gold;4;;;Mordhorst;Andre;Nowicki;Darek;Rose;Mike;Werner;Jaroslaw;2;6;0;6;1;;;;;;
GERMANY;Kölner Open 2016;GPS-1000;MO;11.09.2016;;;PoolB;Gold;4;;;Mordhorst;Andre;Nowicki;Darek;Mann;Yannik;Wißkirchen;Dominik;2;6;3;6;3;;;;;;
GERMANY;Kölner Open 2016;GPS-1000;MO;11.09.2016;;;PoolB;Gold;4;;;Nowicki;Mischa;Böhnke;Christian;Rose;Mike;Werner;Jaroslaw;2;6;1;6;2;;;;;;
GERMANY;Kölner Open 2016;GPS-1000;MO;11.09.2016;;;PoolB;Gold;4;;;Nowicki;Mischa;Böhnke;Christian;Mann;Yannik;Wißkirchen;Dominik;2;6;0;6;1;;;;;;
GERMANY;Kölner Open 2016;GPS-1000;MO;11.09.2016;;;PoolB;Gold;4;;;Rose;Mike;Werner;Jaroslaw;Mann;Yannik;Wißkirchen;Dominik;2;6;7;6;4;6;10;;;;
GERMANY;Kölner Open 2016;GPS-1000;MO;11.09.2016;;;PoolC;Gold;4;;;Herbert;Justus;Schmidt;Fabian;Steinebach;David;Bosselmann;Lars;2;6;0;6;0;;;;;;
GERMANY;Kölner Open 2016;GPS-1000;MO;11.09.2016;;;PoolC;Gold;4;;;Herbert;Justus;Schmidt;Fabian;Schlösser;Philipp;Torras;Albert;2;6;1;6;4;;;;;;
GERMANY;Kölner Open 2016;GPS-1000;MO;11.09.2016;;;PoolC;Gold;4;;;Herbert;Justus;Schmidt;Fabian;Nöllgen;Carsten;Göllner;Marc-Kevin;2;6;2;6;2;;;;;;
GERMANY;Kölner Open 2016;GPS-1000;MO;11.09.2016;;;PoolC;Gold;4;;;Steinebach;David;Bosselmann;Lars;Schlösser;Philipp;Torras;Albert;2;3;6;1;6;;;;;;
GERMANY;Kölner Open 2016;GPS-1000;MO;11.09.2016;;;PoolC;Gold;4;;;Steinebach;David;Bosselmann;Lars;Nöllgen;Carsten;Göllner;Marc-Kevin;2;6;1;6;2;;;;;;
GERMANY;Kölner Open 2016;GPS-1000;MO;11.09.2016;;;PoolC;Gold;4;;;Schlösser;Philipp;Torras;Albert;Nöllgen;Carsten;Göllner;Marc-Kevin;2;6;0;6;0;;;;;;
GERMANY;Kölner Open 2016;GPS-1000;MO;11.09.2016;;;PoolD;Gold;4;;;Schäfer;Germán;Zeitvogel;Tim;Gutiérrez Soria;Ignacio;Eckert;Marvin;2;6;4;6;0;;;;;;
GERMANY;Kölner Open 2016;GPS-1000;MO;11.09.2016;;;PoolD;Gold;4;;;Schäfer;Germán;Zeitvogel;Tim;Virk;Oliver;Spinner;Tobias;2;6;2;6;1;;;;;;
GERMANY;Kölner Open 2016;GPS-1000;MO;11.09.2016;;;PoolD;Gold;4;;;Schäfer;Germán;Zeitvogel;Tim;Rohm;Oliver;Gutiérrez Soria;Alberto;2;6;2;6;2;;;;;;
GERMANY;Kölner Open 2016;GPS-1000;MO;11.09.2016;;;PoolD;Gold;4;;;Gutiérrez Soria;Ignacio;Eckert;Marvin;Virk;Oliver;Spinner;Tobias;2;6;1;6;1;;;;;;
GERMANY;Kölner Open 2016;GPS-1000;MO;11.09.2016;;;PoolD;Gold;4;;;Gutiérrez Soria;Ignacio;Eckert;Marvin;Rohm;Oliver;Gutiérrez Soria;Alberto;2;6;1;6;1;;;;;;
GERMANY;Kölner Open 2016;GPS-1000;MO;11.09.2016;;;PoolD;Gold;4;;;Virk;Oliver;Spinner;Tobias;Rohm;Oliver;Gutiérrez Soria;Alberto;2;6;4;6;4;;;;;;
GERMANY;Kölner Open 2016;GPS-1000;MO;11.09.2016;;;KO4;Gold;2;;;Deters;Jannik;Schaafstall;Benjamin;Schäfer;Germán;Zeitvogel;Tim;2;0;6;0;6;;;;;;
GERMANY;Kölner Open 2016;GPS-1000;MO;11.09.2016;;;KO4;Gold;2;;;Schlösser;Philipp;Torras;Albert;Mordhorst;Andre;Nowicki;Darek;2;0;6;2;6;;;;;;
GERMANY;Kölner Open 2016;GPS-1000;MO;11.09.2016;;;KO4;Gold;2;;;Lingen;Daniel;Panske;Claudius;Gutiérrez Soria;Ignacio;Eckert;Marvin;2;6;2;6;2;;;;;;
GERMANY;Kölner Open 2016;GPS-1000;MO;11.09.2016;;;KO4;Gold;2;;;Nowicki;Mischa;Böhnke;Christian;Herbert;Justus;Schmidt;Fabian;2;2;6;4;6;;;;;;
GERMANY;Kölner Open 2016;GPS-1000;MO;11.09.2016;;;KO2;Gold;2;;;Schäfer;Germán;Zeitvogel;Tim;Mordhorst;Andre;Nowicki;Darek;2;3;6;4;6;;;;;;
GERMANY;Kölner Open 2016;GPS-1000;MO;11.09.2016;;;KO2;Gold;2;;;Lingen;Daniel;Panske;Claudius;Herbert;Justus;Schmidt;Fabian;2;4;6;3;6;;;;;;
GERMANY;Kölner Open 2016;GPS-1000;MO;11.09.2016;;;POS3;Gold;2;;;Schäfer;Germán;Zeitvogel;Tim;Lingen;Daniel;Panske;Claudius;2;3;6;6;7;;;;;;
GERMANY;Kölner Open 2016;GPS-1000;MO;11.09.2016;;;KO1;Gold;2;;;Mordhorst;Andre;Nowicki;Darek;Herbert;Justus;Schmidt;Fabian;2;4;6;3;6;;;;;;
GERMANY;Berliner Open 2016 - Herren Kat. A;GPS-1000;MO;18.09.2016;;;PoolA;Gold;4;;;Mann;Yannik;Samuelsen;Lennart;Quesada Hernández;Juan Fernando;Remacho;Carlos;2;6;0;6;2;;;;;;
GERMANY;Berliner Open 2016 - Herren Kat. A;GPS-1000;MO;18.09.2016;;;PoolA;Gold;4;;;Stoffers;Ralf;Sell;Christopher;Lewen;Stephan;Hübsch;Alexander;2;6;1;6;1;;;;;;
GERMANY;Berliner Open 2016 - Herren Kat. A;GPS-1000;MO;18.09.2016;;;PoolA;Gold;4;;;Mann;Yannik;Samuelsen;Lennart;Lewen;Stephan;Hübsch;Alexander;2;6;3;6;1;;;;;;
GERMANY;Berliner Open 2016 - Herren Kat. A;GPS-1000;MO;18.09.2016;;;PoolA;Gold;4;;;Stoffers;Ralf;Sell;Christopher;Quesada Hernández;Juan Fernando;Remacho;Carlos;2;6;3;6;1;;;;;;
GERMANY;Berliner Open 2016 - Herren Kat. A;GPS-1000;MO;18.09.2016;;;PoolA;Gold;4;;;Mann;Yannik;Samuelsen;Lennart;Stoffers;Ralf;Sell;Christopher;2;6;2;6;3;;;;;;
GERMANY;Berliner Open 2016 - Herren Kat. A;GPS-1000;MO;18.09.2016;;;PoolA;Gold;4;;;Quesada Hernández;Juan Fernando;Remacho;Carlos;Lewen;Stephan;Hübsch;Alexander;2;2;6;6;1;8;10;;;;
GERMANY;Berliner Open 2016 - Herren Kat. A;GPS-1000;MO;18.09.2016;;;PoolB;Gold;4;;;Pieterse;Christiaan;García Grumbach;Lorenzo;Słowiński;Jakub;Naduk;Maciej;2;2;6;2;6;;;;;;
GERMANY;Berliner Open 2016 - Herren Kat. A;GPS-1000;MO;18.09.2016;;;PoolB;Gold;4;;;Nowicki;Darek;Ferreyra;Fermín;Kopkau;Andreas;Aznar Gálvez;José;2;6;0;6;0;;;;;;
GERMANY;Berliner Open 2016 - Herren Kat. A;GPS-1000;MO;18.09.2016;;;PoolB;Gold;4;;;Pieterse;Christiaan;García Grumbach;Lorenzo;Kopkau;Andreas;Aznar Gálvez;José;2;4;6;6;7;;;;;;
GERMANY;Berliner Open 2016 - Herren Kat. A;GPS-1000;MO;18.09.2016;;;PoolB;Gold;4;;;Nowicki;Darek;Ferreyra;Fermín;Słowiński;Jakub;Naduk;Maciej;2;6;1;6;0;;;;;;
GERMANY;Berliner Open 2016 - Herren Kat. A;GPS-1000;MO;18.09.2016;;;PoolB;Gold;4;;;Pieterse;Christiaan;García Grumbach;Lorenzo;Nowicki;Darek;Ferreyra;Fermín;2;0;6;0;6;;;;;;
GERMANY;Berliner Open 2016 - Herren Kat. A;GPS-1000;MO;18.09.2016;;;PoolB;Gold;4;;;Słowiński;Jakub;Naduk;Maciej;Kopkau;Andreas;Aznar Gálvez;José;2;6;1;6;2;;;;;;
GERMANY;Berliner Open 2016 - Herren Kat. A;GPS-1000;MO;18.09.2016;;;PoolC;Gold;4;;;Ahrens;Jasper;Goerke;Christoph;Średniawa;Wladyslaw;Gorka;Oskar;2;4;6;3;6;;;;;;
GERMANY;Berliner Open 2016 - Herren Kat. A;GPS-1000;MO;18.09.2016;;;PoolC;Gold;4;;;Plehm;Michael;Schmidt;Fabian;Maszczyk;Marcin;Cyranski;Łukasz;2;2;6;2;6;;;;;;
GERMANY;Berliner Open 2016 - Herren Kat. A;GPS-1000;MO;18.09.2016;;;PoolC;Gold;4;;;Ahrens;Jasper;Goerke;Christoph;Plehm;Michael;Schmidt;Fabian;2;6;2;6;2;;;;;;
GERMANY;Berliner Open 2016 - Herren Kat. A;GPS-1000;MO;18.09.2016;;;PoolC;Gold;4;;;Średniawa;Wladyslaw;Gorka;Oskar;Maszczyk;Marcin;Cyranski;Łukasz;2;2;6;4;6;;;;;;
GERMANY;Berliner Open 2016 - Herren Kat. A;GPS-1000;MO;18.09.2016;;;PoolC;Gold;4;;;Ahrens;Jasper;Goerke;Christoph;Maszczyk;Marcin;Cyranski;Łukasz;2;3;6;3;6;;;;;;
GERMANY;Berliner Open 2016 - Herren Kat. A;GPS-1000;MO;18.09.2016;;;PoolC;Gold;4;;;Średniawa;Wladyslaw;Gorka;Oskar;Plehm;Michael;Schmidt;Fabian;2;6;1;6;1;;;;;;
GERMANY;Berliner Open 2016 - Herren Kat. A;GPS-1000;MO;18.09.2016;;;PoolD;Gold;3;;;González Serrano;Francisco;Ferrero;Alberto;González Teruel;Roberto;Meléndez Núñez;Gabriel;2;6;2;6;3;;;;;;
GERMANY;Berliner Open 2016 - Herren Kat. A;GPS-1000;MO;18.09.2016;;;PoolD;Gold;3;;;Ravelo;Jaime;Hevroni;Amit;González Teruel;Roberto;Meléndez Núñez;Gabriel;2;4;6;7;6;6;10;;;;
GERMANY;Berliner Open 2016 - Herren Kat. A;GPS-1000;MO;18.09.2016;;;PoolD;Gold;3;;;González Serrano;Francisco;Ferrero;Alberto;Ravelo;Jaime;Hevroni;Amit;2;7;6;6;3;;;;;;
GERMANY;Berliner Open 2016 - Herren Kat. A;GPS-1000;MO;18.09.2016;;;KO4;Gold;2;;;González Serrano;Francisco;Ferrero;Alberto;Stoffers;Ralf;Sell;Christopher;2;4;6;3;6;;;;;;
GERMANY;Berliner Open 2016 - Herren Kat. A;GPS-1000;MO;18.09.2016;;;KO4;Gold;2;;;Średniawa;Wladyslaw;Gorka;Oskar;Nowicki;Darek;Ferreyra;Fermín;2;1;6;1;6;;;;;;
GERMANY;Berliner Open 2016 - Herren Kat. A;GPS-1000;MO;18.09.2016;;;KO4;Gold;2;;;Mann;Yannik;Samuelsen;Lennart;González Teruel;Roberto;Meléndez Núñez;Gabriel;2;6;3;6;3;;;;;;
GERMANY;Berliner Open 2016 - Herren Kat. A;GPS-1000;MO;18.09.2016;;;KO4;Gold;2;;;Słowiński;Jakub;Naduk;Maciej;Maszczyk;Marcin;Cyranski;Łukasz;2;1;6;1;6;;;;;;
GERMANY;Berliner Open 2016 - Herren Kat. A;GPS-1000;MO;18.09.2016;;;KO2;Gold;2;;;Stoffers;Ralf;Sell;Christopher;Nowicki;Darek;Ferreyra;Fermín;2;0;6;0;6;;;;;;
GERMANY;Berliner Open 2016 - Herren Kat. A;GPS-1000;MO;18.09.2016;;;KO2;Gold;2;;;Mann;Yannik;Samuelsen;Lennart;Maszczyk;Marcin;Cyranski;Łukasz;2;5;7;4;6;;;;;;
GERMANY;Berliner Open 2016 - Herren Kat. A;GPS-1000;MO;18.09.2016;;;KO1;Gold;2;;;Nowicki;Darek;Ferreyra;Fermín;Maszczyk;Marcin;Cyranski;Łukasz;2;6;0;6;0;;;;;;
GERMANY;Berliner Open 2016 - Herren Kat. A;GPS-1000;MO;18.09.2016;;;POS3;Gold;2;;;Stoffers;Ralf;Sell;Christopher;Mann;Yannik;Samuelsen;Lennart;2;2;6;3;6;;;;;;
GERMANY;Berliner Open 2016 - Herren Kat. B;GPS-250;MO;18.09.2016;;;PoolA;Gold;3;;;Kopkau;Andreas;Pietzko;Julia;Reissig;Sven;Mach;Christoph;2;6;0;6;1;;;;;;
GERMANY;Berliner Open 2016 - Herren Kat. B;GPS-250;MO;18.09.2016;;;PoolA;Gold;3;;;Kopkau;Andreas;Pietzko;Julia;Sosna;Klaus;Aust;Falco;2;6;2;6;1;;;;;;
GERMANY;Berliner Open 2016 - Herren Kat. B;GPS-250;MO;18.09.2016;;;PoolA;Gold;3;;;Reissig;Sven;Mach;Christoph;Sosna;Klaus;Aust;Falco;2;4;6;3;6;;;;;;
GERMANY;Berliner Open 2016 - Herren Kat. B;GPS-250;MO;18.09.2016;;;PoolB;Gold;3;;;N.;N.;Koch;Bernd;Witt;Alejandro;Meier;Jana;2;1;6;1;6;;;;;;
GERMANY;Berliner Open 2016 - Herren Kat. B;GPS-250;MO;18.09.2016;;;PoolB;Gold;3;;;N.;N.;Koch;Bernd;Prokopovic;Arnold;Prokopovic;Ronald;2;0;6;1;6;;;;;;
GERMANY;Berliner Open 2016 - Herren Kat. B;GPS-250;MO;18.09.2016;;;PoolB;Gold;3;;;Witt;Alejandro;Meier;Jana;Prokopovic;Arnold;Prokopovic;Ronald;2;2;6;1;6;;;;;;
GERMANY;Berliner Open 2016 - Herren Kat. B;GPS-250;MO;18.09.2016;;;PoolC;Gold;3;;;Buze;Michał;Klim;Karolina;Hallberg;Julian;Rezneat;Fabio;2;6;3;6;3;;;;;;
GERMANY;Berliner Open 2016 - Herren Kat. B;GPS-250;MO;18.09.2016;;;PoolC;Gold;3;;;Buze;Michał;Klim;Karolina;Kölling;Tim;Sánchez Navarro;María;2;6;2;6;1;;;;;;
GERMANY;Berliner Open 2016 - Herren Kat. B;GPS-250;MO;18.09.2016;;;PoolC;Gold;3;;;Hallberg;Julian;Rezneat;Fabio;Kölling;Tim;Sánchez Navarro;María;2;6;4;7;6;;;;;;
GERMANY;Berliner Open 2016 - Herren Kat. B;GPS-250;MO;18.09.2016;;;PoolZ;Gold;3;;;Sosna;Klaus;Aust;Falco;Witt;Alejandro;Meier;Jana;2;4;6;;;;;;;;
GERMANY;Berliner Open 2016 - Herren Kat. B;GPS-250;MO;18.09.2016;;;PoolZ;Gold;3;;;Sosna;Klaus;Aust;Falco;Hallberg;Julian;Rezneat;Fabio;2;6;3;;;;;;;;
GERMANY;Berliner Open 2016 - Herren Kat. B;GPS-250;MO;18.09.2016;;;PoolZ;Gold;3;;;Witt;Alejandro;Meier;Jana;Hallberg;Julian;Rezneat;Fabio;2;5;7;;;;;;;;
GERMANY;Berliner Open 2016 - Mixed;GPS-250;XO;18.09.2016;;;PoolA;Gold;4;;;Stoffers;Ralf;Pietzko;Julia;Reissig;Sven;Badarjah;Heidi;2;6;0;6;0;;;;;;
GERMANY;Berliner Open 2016 - Mixed;GPS-250;XO;18.09.2016;;;PoolA;Gold;4;;;Quesada Hernández;Juan Fernando;Pulido Serrano;Laura;Sosna;Klaus;Sosna;Martina;2;6;1;6;2;;;;;;
GERMANY;Berliner Open 2016 - Mixed;GPS-250;XO;18.09.2016;;;PoolA;Gold;4;;;Stoffers;Ralf;Pietzko;Julia;Quesada Hernández;Juan Fernando;Pulido Serrano;Laura;2;6;3;6;3;;;;;;
GERMANY;Berliner Open 2016 - Mixed;GPS-250;XO;18.09.2016;;;PoolA;Gold;4;;;Reissig;Sven;Badarjah;Heidi;Sosna;Klaus;Sosna;Martina;2;3;6;3;6;;;;;;
GERMANY;Berliner Open 2016 - Mixed;GPS-250;XO;18.09.2016;;;PoolA;Gold;4;;;Stoffers;Ralf;Pietzko;Julia;Sosna;Klaus;Sosna;Martina;2;6;0;6;2;;;;;;
GERMANY;Berliner Open 2016 - Mixed;GPS-250;XO;18.09.2016;;;PoolA;Gold;4;;;Reissig;Sven;Badarjah;Heidi;Quesada Hernández;Juan Fernando;Pulido Serrano;Laura;2;0;6;0;6;;;;;;
GERMANY;Berliner Open 2016 - Mixed;GPS-250;XO;18.09.2016;;;PoolB;Gold;3;;;Ahrens;Jasper;Ledesma;Paula Lucía;Goerke;Christoph;Sánchez Navarro;María;2;7;6;4;6;12;10;;;;
GERMANY;Berliner Open 2016 - Mixed;GPS-250;XO;18.09.2016;;;PoolB;Gold;3;;;Ahrens;Jasper;Ledesma;Paula Lucía;Hübsch;Alexander;Ruch;Anja;2;6;0;6;2;;;;;;
GERMANY;Berliner Open 2016 - Mixed;GPS-250;XO;18.09.2016;;;PoolB;Gold;3;;;Goerke;Christoph;Sánchez Navarro;María;Hübsch;Alexander;Ruch;Anja;2;6;1;6;2;;;;;;
GERMANY;Berliner Open 2016 - Mixed;GPS-250;XO;18.09.2016;;;PoolC;Gold;4;;;Nowicki;Darek;Nothoff;Nicola;N.;N.;Meier;Jana;2;6;0;6;0;;;;;;
GERMANY;Berliner Open 2016 - Mixed;GPS-250;XO;18.09.2016;;;PoolC;Gold;4;;;Hevroni;Amit;Pielot;Cora;Cyranski;Łukasz;Klim;Karolina;2;2;6;2;6;;;;;;
GERMANY;Berliner Open 2016 - Mixed;GPS-250;XO;18.09.2016;;;PoolC;Gold;4;;;Nowicki;Darek;Nothoff;Nicola;Hevroni;Amit;Pielot;Cora;2;6;0;6;3;;;;;;
GERMANY;Berliner Open 2016 - Mixed;GPS-250;XO;18.09.2016;;;PoolC;Gold;4;;;N.;N.;Meier;Jana;Cyranski;Łukasz;Klim;Karolina;2;0;6;1;6;;;;;;
GERMANY;Berliner Open 2016 - Mixed;GPS-250;XO;18.09.2016;;;PoolC;Gold;4;;;Nowicki;Darek;Nothoff;Nicola;Cyranski;Łukasz;Klim;Karolina;2;6;2;6;3;;;;;;
GERMANY;Berliner Open 2016 - Mixed;GPS-250;XO;18.09.2016;;;PoolC;Gold;4;;;N.;N.;Meier;Jana;Hevroni;Amit;Pielot;Cora;2;3;6;4;6;;;;;;
GERMANY;Berliner Open 2016 - Mixed;GPS-250;XO;18.09.2016;;;PoolZ;Gold;3;;;Quesada Hernández;Juan Fernando;Pulido Serrano;Laura;Goerke;Christoph;Sánchez Navarro;María;2;7;6;6;3;;;;;;
GERMANY;Berliner Open 2016 - Mixed;GPS-250;XO;18.09.2016;;;PoolZ;Gold;3;;;Quesada Hernández;Juan Fernando;Pulido Serrano;Laura;Cyranski;Łukasz;Klim;Karolina;2;4;6;2;6;;;;;;
GERMANY;Berliner Open 2016 - Mixed;GPS-250;XO;18.09.2016;;;PoolZ;Gold;3;;;Goerke;Christoph;Sánchez Navarro;María;Cyranski;Łukasz;Klim;Karolina;2;4;6;7;6;6;10;;;;
GERMANY;Wormser Open 2016;GPS-500;MO;18.09.2016;;;PoolA;Gold;5;;;Zeitvogel;Tim;Eckert;Marvin;Thavisin;Ben;Bott;Frederick;2;9;3;;;;;;;;
GERMANY;Wormser Open 2016;GPS-500;MO;18.09.2016;;;PoolA;Gold;5;;;Zeitvogel;Tim;Eckert;Marvin;Jordan;Tobias;Lüers;Steffen;2;9;1;;;;;;;;
GERMANY;Wormser Open 2016;GPS-500;MO;18.09.2016;;;PoolA;Gold;5;;;Zeitvogel;Tim;Eckert;Marvin;Dreissigacker;Wolf;Kaiser;Sascha;2;9;0;;;;;;;;
GERMANY;Wormser Open 2016;GPS-500;MO;18.09.2016;;;PoolA;Gold;5;;;Zeitvogel;Tim;Eckert;Marvin;Bermúdez Peña;José;Salinas;Eduardo;2;9;7;;;;;;;;
GERMANY;Wormser Open 2016;GPS-500;MO;18.09.2016;;;PoolA;Gold;5;;;Thavisin;Ben;Bott;Frederick;Jordan;Tobias;Lüers;Steffen;2;9;8;;;;;;;;
GERMANY;Wormser Open 2016;GPS-500;MO;18.09.2016;;;PoolA;Gold;5;;;Thavisin;Ben;Bott;Frederick;Dreissigacker;Wolf;Kaiser;Sascha;2;9;0;;;;;;;;
GERMANY;Wormser Open 2016;GPS-500;MO;18.09.2016;;;PoolA;Gold;5;;;Thavisin;Ben;Bott;Frederick;Bermúdez Peña;José;Salinas;Eduardo;2;9;7;;;;;;;;
GERMANY;Wormser Open 2016;GPS-500;MO;18.09.2016;;;PoolA;Gold;5;;;Jordan;Tobias;Lüers;Steffen;Dreissigacker;Wolf;Kaiser;Sascha;2;9;2;;;;;;;;
GERMANY;Wormser Open 2016;GPS-500;MO;18.09.2016;;;PoolA;Gold;5;;;Jordan;Tobias;Lüers;Steffen;Bermúdez Peña;José;Salinas;Eduardo;2;7;9;;;;;;;;
GERMANY;Wormser Open 2016;GPS-500;MO;18.09.2016;;;PoolA;Gold;5;;;Dreissigacker;Wolf;Kaiser;Sascha;Bermúdez Peña;José;Salinas;Eduardo;2;3;9;;;;;;;;
GERMANY;Wormser Open 2016;GPS-500;MO;18.09.2016;;;PoolB;Gold;4;;;Gutiérrez Soria;Ignacio;Schulz;Colin;Deters;Jannik;Schaafstall;Benjamin;2;9;7;;;;;;;;
GERMANY;Wormser Open 2016;GPS-500;MO;18.09.2016;;;PoolB;Gold;4;;;Gutiérrez Soria;Ignacio;Schulz;Colin;Petzold;Thomas;von Ketelhodt;Michael;2;9;8;;;;;;;;
GERMANY;Wormser Open 2016;GPS-500;MO;18.09.2016;;;PoolB;Gold;4;;;Gutiérrez Soria;Ignacio;Schulz;Colin;Schneider;Falko;Friedel;Andre;2;9;0;;;;;;;;
GERMANY;Wormser Open 2016;GPS-500;MO;18.09.2016;;;PoolB;Gold;4;;;Deters;Jannik;Schaafstall;Benjamin;Petzold;Thomas;von Ketelhodt;Michael;2;9;7;;;;;;;;
GERMANY;Wormser Open 2016;GPS-500;MO;18.09.2016;;;PoolB;Gold;4;;;Deters;Jannik;Schaafstall;Benjamin;Schneider;Falko;Friedel;Andre;2;9;0;;;;;;;;
GERMANY;Wormser Open 2016;GPS-500;MO;18.09.2016;;;PoolB;Gold;4;;;Petzold;Thomas;von Ketelhodt;Michael;Schneider;Falko;Friedel;Andre;2;9;2;;;;;;;;
GERMANY;Wormser Open 2016;GPS-500;MO;18.09.2016;;;KO2;Gold;2;;;Zeitvogel;Tim;Eckert;Marvin;Deters;Jannik;Schaafstall;Benjamin;2;6;2;6;1;;;;;;
GERMANY;Wormser Open 2016;GPS-500;MO;18.09.2016;;;KO2;Gold;2;;;Gutiérrez Soria;Ignacio;Schulz;Colin;Thavisin;Ben;Bott;Frederick;2;7;5;6;3;;;;;;
GERMANY;Wormser Open 2016;GPS-500;MO;18.09.2016;;;POS3;Gold;2;;;Deters;Jannik;Schaafstall;Benjamin;Thavisin;Ben;Bott;Frederick;2;9;6;;;;;;;;
GERMANY;Wormser Open 2016;GPS-500;MO;18.09.2016;;;KO1;Gold;2;;;Zeitvogel;Tim;Eckert;Marvin;Gutiérrez Soria;Ignacio;Schulz;Colin;2;6;2;6;3;;;;;;
GERMANY;Weyher Open 2016;GPS-500;MO;25.09.2016;;;PoolA;Gold;4;;;Herbert;Justus;Steinebach;David;Jonker;René;Schwarz;Alexander;2;6;0;6;0;;;;;;
GERMANY;Weyher Open 2016;GPS-500;MO;25.09.2016;;;PoolA;Gold;4;;;Herbert;Justus;Steinebach;David;Loosen;Marco;Lührsen;Frank;2;6;1;6;2;;;;;;
GERMANY;Weyher Open 2016;GPS-500;MO;25.09.2016;;;PoolA;Gold;4;;;Herbert;Justus;Steinebach;David;Maack;Axel;Mechau;Wolfgang;2;6;0;6;0;;;;;;
GERMANY;Weyher Open 2016;GPS-500;MO;25.09.2016;;;PoolA;Gold;4;;;Jonker;René;Schwarz;Alexander;Loosen;Marco;Lührsen;Frank;2;6;0;6;0;;;;;;
GERMANY;Weyher Open 2016;GPS-500;MO;25.09.2016;;;PoolA;Gold;4;;;Jonker;René;Schwarz;Alexander;Maack;Axel;Mechau;Wolfgang;2;6;0;6;0;;;;;;
GERMANY;Weyher Open 2016;GPS-500;MO;25.09.2016;;;PoolA;Gold;4;;;Loosen;Marco;Lührsen;Frank;Maack;Axel;Mechau;Wolfgang;2;6;2;6;0;;;;;;
GERMANY;Weyher Open 2016;GPS-500;MO;25.09.2016;;;PoolB;Gold;4;;;Bosselmann;Lars;Samuelsen;Lennart;Daum;Malte;Jürgens;Yessa;2;6;2;6;1;;;;;;
GERMANY;Weyher Open 2016;GPS-500;MO;25.09.2016;;;PoolB;Gold;4;;;Bosselmann;Lars;Samuelsen;Lennart;Kölling;Tim;Laube;Denny;2;6;1;6;0;;;;;;
GERMANY;Weyher Open 2016;GPS-500;MO;25.09.2016;;;PoolB;Gold;4;;;Bosselmann;Lars;Samuelsen;Lennart;Diehl;Gerhard;Petrusch;Marc;2;6;1;6;0;;;;;;
GERMANY;Weyher Open 2016;GPS-500;MO;25.09.2016;;;PoolB;Gold;4;;;Daum;Malte;Jürgens;Yessa;Kölling;Tim;Laube;Denny;2;6;3;6;1;;;;;;
GERMANY;Weyher Open 2016;GPS-500;MO;25.09.2016;;;PoolB;Gold;4;;;Daum;Malte;Jürgens;Yessa;Diehl;Gerhard;Petrusch;Marc;2;6;0;6;0;;;;;;
GERMANY;Weyher Open 2016;GPS-500;MO;25.09.2016;;;PoolB;Gold;4;;;Kölling;Tim;Laube;Denny;Diehl;Gerhard;Petrusch;Marc;3;5;7;6;2;10;8;;;;
GERMANY;Weyher Open 2016;GPS-500;MO;25.09.2016;;;KO2;Gold;2;;;Herbert;Justus;Steinebach;David;Daum;Malte;Jürgens;Yessa;2;6;2;6;3;;;;;;
GERMANY;Weyher Open 2016;GPS-500;MO;25.09.2016;;;KO2;Gold;2;;;Bosselmann;Lars;Samuelsen;Lennart;Jonker;René;Schwarz;Alexander;2;6;2;6;0;;;;;;
GERMANY;Weyher Open 2016;GPS-500;MO;25.09.2016;;;KO1;Gold;2;;;Herbert;Justus;Steinebach;David;Bosselmann;Lars;Samuelsen;Lennart;2;4;6;6;3;3;6;7;5;6;3
GERMANY;Weyher Open 2016;GPS-500;MO;25.09.2016;;;POS3;Gold;2;;;Daum;Malte;Jürgens;Yessa;Jonker;René;Schwarz;Alexander;2;6;2;6;3;;;;;;
GERMANY;FIP 100 II Herne NRW Padel Open - Herren;GPS-2000;MO;02.10.2016;;;KO8;Gold;2;;;Bruijsten;Peter;Meijer;Bram;Bye;Bye;Bye;Bye;2;6;0;6;0;;;;;;
GERMANY;FIP 100 II Herne NRW Padel Open - Herren;GPS-2000;MO;02.10.2016;;;KO8;Gold;2;;;Gutiérrez;José Antonio;Schwenken;Sebastian;Bosselmann;Lars;Steinebach;David;2;4;6;6;1;6;3;;;;
GERMANY;FIP 100 II Herne NRW Padel Open - Herren;GPS-2000;MO;02.10.2016;;;KO8;Gold;2;;;Knippschild;Jens;Schäfer;Germán;Barth;Florian;Samuelsen;Lennart;2;6;3;6;7;6;3;;;;
GERMANY;FIP 100 II Herne NRW Padel Open - Herren;GPS-2000;MO;02.10.2016;;;KO8;Gold;2;;;Kopkau;Andreas;Melgar;Alberto;Böhnke;Christian;Mordhorst;Andre;2;6;3;6;3;;;;;;
GERMANY;FIP 100 II Herne NRW Padel Open - Herren;GPS-2000;MO;02.10.2016;;;KO8;Gold;2;;;Herbert;Justus;Schmidt;Fabian;Knipping;Tim;Kräbert;Michael;2;6;2;6;1;;;;;;
GERMANY;FIP 100 II Herne NRW Padel Open - Herren;GPS-2000;MO;02.10.2016;;;KO8;Gold;2;;;Eckert;Marvin;Schwörer;Oliver;Greif;Torsten;Lingen;Daniel;2;6;3;6;4;;;;;;
GERMANY;FIP 100 II Herne NRW Padel Open - Herren;GPS-2000;MO;02.10.2016;;;KO8;Gold;2;;;Maarsen;Uriël;Verhagen;Miquel;Rose;Mike;Werner;Jaroslaw;2;6;2;6;3;;;;;;
GERMANY;FIP 100 II Herne NRW Padel Open - Herren;GPS-2000;MO;02.10.2016;;;KO8;Gold;2;;;Bye;Bye;Bye;Bye;Nowicki;Darek;Panske;Claudius;2;0;6;0;6;;;;;;
GERMANY;FIP 100 II Herne NRW Padel Open - Herren;GPS-2000;MO;02.10.2016;;;KO4;Gold;2;;;Bruijsten;Peter;Meijer;Bram;Bosselmann;Lars;Steinebach;David;2;6;3;6;1;;;;;;
GERMANY;FIP 100 II Herne NRW Padel Open - Herren;GPS-2000;MO;02.10.2016;;;KO4;Gold;2;;;Knippschild;Jens;Schäfer;Germán;Böhnke;Christian;Mordhorst;Andre;2;7;6;7;5;;;;;;
GERMANY;FIP 100 II Herne NRW Padel Open - Herren;GPS-2000;MO;02.10.2016;;;KO4;Gold;2;;;Herbert;Justus;Schmidt;Fabian;Greif;Torsten;Lingen;Daniel;2;7;6;7;5;;;;;;
GERMANY;FIP 100 II Herne NRW Padel Open - Herren;GPS-2000;MO;02.10.2016;;;KO4;Gold;2;;;Maarsen;Uriël;Verhagen;Miquel;Nowicki;Darek;Panske;Claudius;2;1;6;3;6;;;;;;
GERMANY;FIP 100 II Herne NRW Padel Open - Herren;GPS-2000;MO;02.10.2016;;;KO2;Gold;2;;;Bruijsten;Peter;Meijer;Bram;Böhnke;Christian;Mordhorst;Andre;2;7;6;7;6;;;;;;
GERMANY;FIP 100 II Herne NRW Padel Open - Herren;GPS-2000;MO;02.10.2016;;;KO2;Gold;2;;;Herbert;Justus;Schmidt;Fabian;Nowicki;Darek;Panske;Claudius;2;3;6;1;2;;;;;;
GERMANY;FIP 100 II Herne NRW Padel Open - Herren;GPS-2000;MO;02.10.2016;;;KO1;Gold;2;;;Bruijsten;Peter;Meijer;Bram;Nowicki;Darek;Panske;Claudius;2;7;6;6;4;;;;;;
GERMANY;FIP 100 II Herne NRW Padel Open - Damen;GPS-WOMEN;WO;02.10.2016;;;PoolA;Gold;3;;;Pietzko;Julia;Scholten;Corina;Dobusch;Saskia;Fernández;Bequi;2;6;1;6;0;;;;;;
GERMANY;FIP 100 II Herne NRW Padel Open - Damen;GPS-WOMEN;WO;02.10.2016;;;PoolA;Gold;3;;;Pietzko;Julia;Scholten;Corina;Langerbein;Caroline;Hildebrand;Inga;2;6;4;6;2;;;;;;
GERMANY;FIP 100 II Herne NRW Padel Open - Damen;GPS-WOMEN;WO;02.10.2016;;;PoolA;Gold;3;;;Dobusch;Saskia;Fernández;Bequi;Langerbein;Caroline;Hildebrand;Inga;2;6;3;1;6;6;7;;;;
GERMANY;FIP 100 II Herne NRW Padel Open - Damen;GPS-WOMEN;WO;02.10.2016;;;PoolB;Gold;3;;;Nothoff;Nicola;Kummetz;Janina;Galecki;Annika;Meier;Jana;2;6;0;6;0;;;;;;
GERMANY;FIP 100 II Herne NRW Padel Open - Damen;GPS-WOMEN;WO;02.10.2016;;;PoolB;Gold;3;;;Nothoff;Nicola;Kummetz;Janina;Röll;Nina;Fischer;Amke;2;6;0;6;0;;;;;;
GERMANY;FIP 100 II Herne NRW Padel Open - Damen;GPS-WOMEN;WO;02.10.2016;;;PoolB;Gold;3;;;Galecki;Annika;Meier;Jana;Röll;Nina;Fischer;Amke;2;6;4;3;6;10;12;;;;
GERMANY;FIP 100 II Herne NRW Padel Open - Damen;GPS-WOMEN;WO;02.10.2016;;;KO1;Gold;2;;;Pietzko;Julia;Scholten;Corina;Nothoff;Nicola;Kummetz;Janina;2;6;2;6;3;;;;;;
GERMANY;FIP 100 II Herne NRW Padel Open - Damen;GPS-WOMEN;WO;02.10.2016;;;POS3;Gold;2;;;Langerbein;Caroline;Hildebrand;Inga;Röll;Nina;Fischer;Amke;2;6;2;6;4;;;;;;
GERMANY;Deutsche Meisterschaft 2016 - Herren;GPS-1000;MO;16.10.2016;;;KO8;Gold;2;;;Nowicki;Darek;Panske;Claudius;Mann;Volker;Ströhl;Richard;2;6;3;6;3;;;;;;
GERMANY;Deutsche Meisterschaft 2016 - Herren;GPS-1000;MO;16.10.2016;;;KO8;Gold;2;;;Bruijsten;Peter;Meijer;Bram;Kopkau;Andreas;Knippschild;Jens;2;6;2;6;4;;;;;;
GERMANY;Deutsche Meisterschaft 2016 - Herren;GPS-1000;MO;16.10.2016;;;KO8;Gold;2;;;Eckert;Marvin;Zeitvogel;Tim;Lingen;Daniel;Greif;Torsten;2;2;6;3;6;;;;;;
GERMANY;Deutsche Meisterschaft 2016 - Herren;GPS-1000;MO;16.10.2016;;;KO8;Gold;2;;;González Serrano;Francisco;Schwörer;Oliver;Schäfer;Germán;Grachev;Maxim;2;1;6;0;6;;;;;;
GERMANY;Deutsche Meisterschaft 2016 - Herren;GPS-1000;MO;16.10.2016;;;KO8;Gold;2;;;Herbert;Justus;Schmidt;Fabian;Samuelsen;Lennart;Mann;Yannik;2;6;7;6;1;7;5;;;;
GERMANY;Deutsche Meisterschaft 2016 - Herren;GPS-1000;MO;16.10.2016;;;KO8;Gold;2;;;Gutiérrez Soria;Ignacio;Bott;Frederick;Ravelo;Jaime;Ekstrand;Johan;2;6;1;6;1;;;;;;
GERMANY;Deutsche Meisterschaft 2016 - Herren;GPS-1000;MO;16.10.2016;;;KO8;Gold;2;;;Bosselmann;Lars;Steinebach;David;Deters;Jannik;Schaafstall;Benjamin;2;7;6;6;2;;;;;;
GERMANY;Deutsche Meisterschaft 2016 - Herren;GPS-1000;MO;16.10.2016;;;KO8;Gold;2;;;Schulz;Colin;Riquelme;Miguel;Böhnke;Christian;Mordhorst;Andre;2;1;6;1;6;;;;;;
GERMANY;Deutsche Meisterschaft 2016 - Herren;GPS-1000;MO;16.10.2016;;;KO4;Gold;2;;;Nowicki;Darek;Panske;Claudius;Bruijsten;Peter;Meijer;Bram;2;0;6;2;6;;;;;;
GERMANY;Deutsche Meisterschaft 2016 - Herren;GPS-1000;MO;16.10.2016;;;KO4;Gold;2;;;Lingen;Daniel;Greif;Torsten;Schäfer;Germán;Grachev;Maxim;2;6;7;6;2;4;6;;;;
GERMANY;Deutsche Meisterschaft 2016 - Herren;GPS-1000;MO;16.10.2016;;;KO4;Gold;2;;;Herbert;Justus;Schmidt;Fabian;Gutiérrez Soria;Ignacio;Bott;Frederick;2;6;3;6;2;;;;;;
GERMANY;Deutsche Meisterschaft 2016 - Herren;GPS-1000;MO;16.10.2016;;;KO4;Gold;2;;;Bosselmann;Lars;Steinebach;David;Böhnke;Christian;Mordhorst;Andre;2;4;6;2;6;;;;;;
GERMANY;Deutsche Meisterschaft 2016 - Herren;GPS-1000;MO;16.10.2016;;;KO2;Gold;2;;;Bruijsten;Peter;Meijer;Bram;Schäfer;Germán;Grachev;Maxim;2;7;5;6;1;;;;;;
GERMANY;Deutsche Meisterschaft 2016 - Herren;GPS-1000;MO;16.10.2016;;;KO2;Gold;2;;;Herbert;Justus;Schmidt;Fabian;Böhnke;Christian;Mordhorst;Andre;2;4;6;7;6;2;6;;;;
GERMANY;Deutsche Meisterschaft 2016 - Herren;GPS-1000;MO;16.10.2016;;;KO1;Gold;2;;;Bruijsten;Peter;Meijer;Bram;Böhnke;Christian;Mordhorst;Andre;2;5;7;6;4;6;1;;;;
GERMANY;Deutsche Meisterschaft 2016 - Herren;GPS-1000;MO;16.10.2016;;;PoolA;Silver;4;;;Mann;Volker;Ströhl;Richard;Kopkau;Andreas;Knippschild;Jens;2;6;4;7;5;;;;;;
GERMANY;Deutsche Meisterschaft 2016 - Herren;GPS-1000;MO;16.10.2016;;;PoolA;Silver;4;;;Eckert;Marvin;Zeitvogel;Tim;González Serrano;Francisco;Schwörer;Oliver;2;6;3;6;2;;;;;;
GERMANY;Deutsche Meisterschaft 2016 - Herren;GPS-1000;MO;16.10.2016;;;PoolA;Silver;4;;;Mann;Volker;Ströhl;Richard;Eckert;Marvin;Zeitvogel;Tim;2;4;6;3;6;;;;;;
GERMANY;Deutsche Meisterschaft 2016 - Herren;GPS-1000;MO;16.10.2016;;;PoolA;Silver;4;;;Kopkau;Andreas;Knippschild;Jens;González Serrano;Francisco;Schwörer;Oliver;2;4;6;6;4;10;8;;;;
GERMANY;Deutsche Meisterschaft 2016 - Herren;GPS-1000;MO;16.10.2016;;;PoolA;Silver;4;;;Mann;Volker;Ströhl;Richard;González Serrano;Francisco;Schwörer;Oliver;2;6;4;5;7;10;6;;;;
GERMANY;Deutsche Meisterschaft 2016 - Herren;GPS-1000;MO;16.10.2016;;;PoolA;Silver;4;;;Kopkau;Andreas;Knippschild;Jens;Eckert;Marvin;Zeitvogel;Tim;2;3;6;5;7;;;;;;
GERMANY;Deutsche Meisterschaft 2016 - Herren;GPS-1000;MO;16.10.2016;;;PoolB;Silver;4;;;Samuelsen;Lennart;Mann;Yannik;Ravelo;Jaime;Ekstrand;Johan;2;6;2;6;2;;;;;;
GERMANY;Deutsche Meisterschaft 2016 - Herren;GPS-1000;MO;16.10.2016;;;PoolB;Silver;4;;;Deters;Jannik;Schaafstall;Benjamin;Schulz;Colin;Riquelme;Miguel;2;6;1;6;2;;;;;;
GERMANY;Deutsche Meisterschaft 2016 - Herren;GPS-1000;MO;16.10.2016;;;PoolB;Silver;4;;;Samuelsen;Lennart;Mann;Yannik;Deters;Jannik;Schaafstall;Benjamin;2;7;5;6;4;;;;;;
GERMANY;Deutsche Meisterschaft 2016 - Herren;GPS-1000;MO;16.10.2016;;;PoolB;Silver;4;;;Ravelo;Jaime;Ekstrand;Johan;Schulz;Colin;Riquelme;Miguel;2;4;6;4;6;;;;;;
GERMANY;Deutsche Meisterschaft 2016 - Herren;GPS-1000;MO;16.10.2016;;;PoolB;Silver;4;;;Samuelsen;Lennart;Mann;Yannik;Schulz;Colin;Riquelme;Miguel;2;6;1;6;0;;;;;;
GERMANY;Deutsche Meisterschaft 2016 - Herren;GPS-1000;MO;16.10.2016;;;PoolB;Silver;4;;;Ravelo;Jaime;Ekstrand;Johan;Deters;Jannik;Schaafstall;Benjamin;2;4;6;6;7;;;;;;
