Netherlands;NPB Padelcompetitie;WO;Leonoor;Ahrens;Ahrens_Leonoor;15.04.2019;3;3;
Netherlands;NPB Padelcompetitie;WO;Leonoor;Ahrens;Ahrens_Leonoor;22.04.2019;5;2;
Netherlands;NPB Padelcompetitie;WO;Leonoor;Ahrens;Ahrens_Leonoor;13.05.2019;8;3;
Netherlands;NPB Padelcompetitie;WO;Leonoor;Ahrens;Ahrens_Leonoor;22.07.2019;10;2;
Netherlands;NPB Padelcompetitie;WO;Leonoor;Ahrens;Ahrens_Leonoor;02.09.2019;17;7;
Netherlands;NPB Padelcompetitie;WO;Leonoor;Ahrens;Ahrens_Leonoor;16.09.2019;21;4;
Netherlands;NPB Padelcompetitie;WO;Leonoor;Ahrens;Ahrens_Leonoor;30.09.2019;23;2;
Netherlands;NPB Padelcompetitie;WO;Leonoor;Ahrens;Ahrens_Leonoor;14.10.2019;28;5;
Netherlands;NPB Padelcompetitie;WO;Leonoor;Ahrens;Ahrens_Leonoor;04.11.2019;29;1;
Netherlands;NPB Padelcompetitie;WO;Sonsoles;Alonso Martínez;Alonso Martínez_Sonsoles;31.12.2018;40;;
Netherlands;NPB Padelcompetitie;WO;Sonsoles;Alonso Martínez;Alonso Martínez_Sonsoles;15.07.2019;56;16;
Netherlands;NPB Padelcompetitie;WO;Sonsoles;Alonso Martínez;Alonso Martínez_Sonsoles;25.11.2019;16;;-40
Netherlands;NPB Padelcompetitie;WO;Paula;Anthonijsz;Anthonijsz_Paula;31.12.2018;7;;
Netherlands;NPB Padelcompetitie;WO;Paula;Anthonijsz;Anthonijsz_Paula;18.02.2019;0;;-7
Netherlands;NPB Padelcompetitie;WO;Paula;Anthonijsz;Anthonijsz_Paula;12.08.2019;150;150;
Netherlands;NPB Padelcompetitie;WO;Susanne;Arts;Arts_Susanne;08.04.2019;8;8;
Netherlands;NPB Padelcompetitie;WO;Susanne;Arts;Arts_Susanne;13.05.2019;16;8;
Netherlands;NPB Padelcompetitie;WO;Susanne;Arts;Arts_Susanne;10.06.2019;40;24;
Netherlands;NPB Padelcompetitie;WO;Anouk;Aveskamp;Aveskamp_Anouk;31.12.2018;408;;
Netherlands;NPB Padelcompetitie;WO;Anouk;Aveskamp;Aveskamp_Anouk;28.01.2019;444;36;
Netherlands;NPB Padelcompetitie;WO;Anouk;Aveskamp;Aveskamp_Anouk;01.04.2019;458;14;
Netherlands;NPB Padelcompetitie;WO;Anouk;Aveskamp;Aveskamp_Anouk;13.05.2019;418;;-40
Netherlands;NPB Padelcompetitie;WO;Anouk;Aveskamp;Aveskamp_Anouk;20.05.2019;378;;-40
Netherlands;NPB Padelcompetitie;WO;Anouk;Aveskamp;Aveskamp_Anouk;08.07.2019;364;;-14
Netherlands;NPB Padelcompetitie;WO;Anouk;Aveskamp;Aveskamp_Anouk;15.07.2019;350;;-14
Netherlands;NPB Padelcompetitie;WO;Anouk;Aveskamp;Aveskamp_Anouk;22.07.2019;310;;-40
Netherlands;NPB Padelcompetitie;WO;Anouk;Aveskamp;Aveskamp_Anouk;29.07.2019;300;14;-24
Netherlands;NPB Padelcompetitie;WO;Anouk;Aveskamp;Aveskamp_Anouk;12.08.2019;250;;-50
Netherlands;NPB Padelcompetitie;WO;Anouk;Aveskamp;Aveskamp_Anouk;26.08.2019;236;;-14
Netherlands;NPB Padelcompetitie;WO;Anouk;Aveskamp;Aveskamp_Anouk;02.09.2019;276;40;
Netherlands;NPB Padelcompetitie;WO;Anouk;Aveskamp;Aveskamp_Anouk;09.09.2019;204;;-72
Netherlands;NPB Padelcompetitie;WO;Anouk;Aveskamp;Aveskamp_Anouk;25.11.2019;144;;-60
Netherlands;NPB Padelcompetitie;WO;Anouk;Aveskamp;Aveskamp_Anouk;27.01.2020;108;;-36
Netherlands;NPB Padelcompetitie;WO;Inge;Bannink;Bannink_Inge;23.09.2019;3;3;
Netherlands;NPB Padelcompetitie;WO;Inge;Bannink;Bannink_Inge;21.10.2019;5;2;
Netherlands;NPB Padelcompetitie;WO;Yvonne;Bel;Bel_Yvonne;07.10.2019;2;2;
Netherlands;NPB Padelcompetitie;WO;Yvonne;Bel;Bel_Yvonne;14.10.2019;4;2;
Netherlands;NPB Padelcompetitie;WO;María Teresa;Benito Planas;Benito Planas_María Teresa;12.08.2019;36;36;
Netherlands;NPB Padelcompetitie;WO;Miranda;Berbee;Berbee_Miranda;16.09.2019;8;8;
Netherlands;NPB Padelcompetitie;WO;Miranda;Berbee;Berbee_Miranda;23.09.2019;14;6;
Netherlands;NPB Padelcompetitie;WO;Miranda;Berbee;Berbee_Miranda;14.10.2019;20;6;
Netherlands;NPB Padelcompetitie;WO;Puck;Bernard;Bernard_Puck;05.08.2019;18;18;
Netherlands;NPB Padelcompetitie;WO;Karlien;Bijlsma;Bijlsma_Karlien;25.02.2019;60;60;
Netherlands;NPB Padelcompetitie;WO;Karlien;Bijlsma;Bijlsma_Karlien;01.04.2019;84;24;
Netherlands;NPB Padelcompetitie;WO;Karlien;Bijlsma;Bijlsma_Karlien;15.04.2019;92;8;
Netherlands;NPB Padelcompetitie;WO;Karlien;Bijlsma;Bijlsma_Karlien;22.04.2019;96;4;
Netherlands;NPB Padelcompetitie;WO;Karlien;Bijlsma;Bijlsma_Karlien;29.04.2019;100;4;
Netherlands;NPB Padelcompetitie;WO;Karlien;Bijlsma;Bijlsma_Karlien;20.05.2019;106;6;
Netherlands;NPB Padelcompetitie;WO;Karlien;Bijlsma;Bijlsma_Karlien;27.05.2019;109;3;
Netherlands;NPB Padelcompetitie;WO;Karlien;Bijlsma;Bijlsma_Karlien;10.06.2019;199;90;
Netherlands;NPB Padelcompetitie;WO;Karlien;Bijlsma;Bijlsma_Karlien;16.09.2019;205;6;
Netherlands;NPB Padelcompetitie;WO;Karlien;Bijlsma;Bijlsma_Karlien;30.09.2019;221;16;
Netherlands;NPB Padelcompetitie;WO;Karlien;Bijlsma;Bijlsma_Karlien;07.10.2019;227;6;
Netherlands;NPB Padelcompetitie;WO;Karlien;Bijlsma;Bijlsma_Karlien;14.10.2019;238;11;
Netherlands;NPB Padelcompetitie;WO;Karlien;Bijlsma;Bijlsma_Karlien;24.02.2020;178;;-60
Netherlands;NPB Padelcompetitie;WO;Evelien;Boerkamp;Boerkamp_Evelien;31.12.2018;35;;
Netherlands;NPB Padelcompetitie;WO;Evelien;Boerkamp;Boerkamp_Evelien;08.04.2019;39;4;
Netherlands;NPB Padelcompetitie;WO;Evelien;Boerkamp;Boerkamp_Evelien;15.04.2019;43;4;
Netherlands;NPB Padelcompetitie;WO;Evelien;Boerkamp;Boerkamp_Evelien;22.04.2019;47;4;
Netherlands;NPB Padelcompetitie;WO;Evelien;Boerkamp;Boerkamp_Evelien;13.05.2019;49;2;
Netherlands;NPB Padelcompetitie;WO;Evelien;Boerkamp;Boerkamp_Evelien;20.05.2019;46;4;-7
Netherlands;NPB Padelcompetitie;WO;Evelien;Boerkamp;Boerkamp_Evelien;27.05.2019;48;4;
Netherlands;NPB Padelcompetitie;WO;Evelien;Boerkamp;Boerkamp_Evelien;10.06.2019;62;14;
Netherlands;NPB Padelcompetitie;WO;Evelien;Boerkamp;Boerkamp_Evelien;01.07.2019;65;10;-7
Netherlands;NPB Padelcompetitie;WO;Evelien;Boerkamp;Boerkamp_Evelien;08.07.2019;51;;-14
Netherlands;NPB Padelcompetitie;WO;Evelien;Boerkamp;Boerkamp_Evelien;15.07.2019;44;;7
Netherlands;NPB Padelcompetitie;WO;Lilian;Boerkamp;Boerkamp_Lilian;31.12.2018;35;;
Netherlands;NPB Padelcompetitie;WO;Lilian;Boerkamp;Boerkamp_Lilian;08.04.2019;39;4;
Netherlands;NPB Padelcompetitie;WO;Lilian;Boerkamp;Boerkamp_Lilian;15.04.2019;43;4;
Netherlands;NPB Padelcompetitie;WO;Lilian;Boerkamp;Boerkamp_Lilian;22.04.2019;47;4;
Netherlands;NPB Padelcompetitie;WO;Lilian;Boerkamp;Boerkamp_Lilian;13.05.2019;49;2;
Netherlands;NPB Padelcompetitie;WO;Lilian;Boerkamp;Boerkamp_Lilian;20.05.2019;46;4;-7
Netherlands;NPB Padelcompetitie;WO;Lilian;Boerkamp;Boerkamp_Lilian;27.05.2019;48;2;
Netherlands;NPB Padelcompetitie;WO;Lilian;Boerkamp;Boerkamp_Lilian;10.06.2019;62;14;
Netherlands;NPB Padelcompetitie;WO;Lilian;Boerkamp;Boerkamp_Lilian;01.07.2019;65;10;-7
Netherlands;NPB Padelcompetitie;WO;Lilian;Boerkamp;Boerkamp_Lilian;08.07.2019;51;;-14
Netherlands;NPB Padelcompetitie;WO;Lilian;Boerkamp;Boerkamp_Lilian;15.07.2019;44;;7
Netherlands;NPB Padelcompetitie;WO;Antoinet;Bolster;Bolster_Antoinet;31.12.2018;36;;
Netherlands;NPB Padelcompetitie;WO;Antoinet;Bolster;Bolster_Antoinet;15.04.2019;40;4;
Netherlands;NPB Padelcompetitie;WO;Antoinet;Bolster;Bolster_Antoinet;22.04.2019;44;4;
Netherlands;NPB Padelcompetitie;WO;Antoinet;Bolster;Bolster_Antoinet;13.05.2019;48;4;
Netherlands;NPB Padelcompetitie;WO;Antoinet;Bolster;Bolster_Antoinet;20.05.2019;56;8;
Netherlands;NPB Padelcompetitie;WO;Antoinet;Bolster;Bolster_Antoinet;09.09.2019;20;0;-36
Netherlands;NPB Padelcompetitie;WO;Cindy;Bondewel;Bondewel_Cindy;08.04.2019;2;2;
Netherlands;NPB Padelcompetitie;WO;Cindy;Bondewel;Bondewel_Cindy;15.04.2019;6;4;
Netherlands;NPB Padelcompetitie;WO;Cindy;Bondewel;Bondewel_Cindy;20.05.2019;10;4;
Netherlands;NPB Padelcompetitie;WO;Mónica;Borratxero;Borratxero_Mónica;16.09.2019;4;4;
Netherlands;NPB Padelcompetitie;WO;Mónica;Borratxero;Borratxero_Mónica;23.09.2019;8;4;
Netherlands;NPB Padelcompetitie;WO;Mónica;Borratxero;Borratxero_Mónica;21.10.2019;12;4;
Netherlands;NPB Padelcompetitie;WO;Marieke;Bosman;Bosman_Marieke;16.09.2019;2;2;
Netherlands;NPB Padelcompetitie;WO;Marieke;Bosman;Bosman_Marieke;07.10.2019;4;2;
Netherlands;NPB Padelcompetitie;WO;Marieke;Bosman;Bosman_Marieke;14.10.2019;6;2;
Netherlands;NPB Padelcompetitie;WO;Sanne;Bouma;Bouma_Sanne;31.12.2018;441;;
Netherlands;NPB Padelcompetitie;WO;Sanne;Bouma;Bouma_Sanne;18.02.2019;434;;-7
Netherlands;NPB Padelcompetitie;WO;Sanne;Bouma;Bouma_Sanne;01.04.2019;410;;-24
Netherlands;NPB Padelcompetitie;WO;Sanne;Bouma;Bouma_Sanne;08.04.2019;416;6;
Netherlands;NPB Padelcompetitie;WO;Sanne;Bouma;Bouma_Sanne;15.04.2019;408;16;-24
Netherlands;NPB Padelcompetitie;WO;Sanne;Bouma;Bouma_Sanne;22.04.2019;419;11;
Netherlands;NPB Padelcompetitie;WO;Sanne;Bouma;Bouma_Sanne;13.05.2019;425;6;
Netherlands;NPB Padelcompetitie;WO;Sanne;Bouma;Bouma_Sanne;20.05.2019;431;6;
Netherlands;NPB Padelcompetitie;WO;Sanne;Bouma;Bouma_Sanne;27.05.2019;427;6;-10
Netherlands;NPB Padelcompetitie;WO;Sanne;Bouma;Bouma_Sanne;03.06.2019;367;;-60
Netherlands;NPB Padelcompetitie;WO;Sanne;Bouma;Bouma_Sanne;10.06.2019;667;300;
Netherlands;NPB Padelcompetitie;WO;Sanne;Bouma;Bouma_Sanne;08.07.2019;627;;-40
Netherlands;NPB Padelcompetitie;WO;Sanne;Bouma;Bouma_Sanne;15.07.2019;643;40;-24
Netherlands;NPB Padelcompetitie;WO;Sanne;Bouma;Bouma_Sanne;29.07.2019;603;;-40
Netherlands;NPB Padelcompetitie;WO;Sanne;Bouma;Bouma_Sanne;12.08.2019;657;90;-36
Netherlands;NPB Padelcompetitie;WO;Sanne;Bouma;Bouma_Sanne;19.08.2019;621;;-36
Netherlands;NPB Padelcompetitie;WO;Sanne;Bouma;Bouma_Sanne;26.08.2019;581;;-40
Netherlands;NPB Padelcompetitie;WO;Sanne;Bouma;Bouma_Sanne;14.10.2019;597;16;
Netherlands;NPB Padelcompetitie;WO;Sanne;Bouma;Bouma_Sanne;25.11.2019;497;;-100
Netherlands;NPB Padelcompetitie;WO;Josien;Boverhof;Boverhof_Josien;25.02.2019;36;36;
Netherlands;NPB Padelcompetitie;WO;Josien;Boverhof;Boverhof_Josien;08.04.2019;47;11;
Netherlands;NPB Padelcompetitie;WO;Josien;Boverhof;Boverhof_Josien;15.04.2019;58;11;
Netherlands;NPB Padelcompetitie;WO;Josien;Boverhof;Boverhof_Josien;22.04.2019;74;16;
Netherlands;NPB Padelcompetitie;WO;Josien;Boverhof;Boverhof_Josien;24.02.2020;38;;-36
Netherlands;NPB Padelcompetitie;WO;Ingeborg;Brager-Kuys;Brager-Kuys_Ingeborg;31.12.2018;7;;
Netherlands;NPB Padelcompetitie;WO;Ingeborg;Brager-Kuys;Brager-Kuys_Ingeborg;15.04.2019;9;2;
Netherlands;NPB Padelcompetitie;WO;Ingeborg;Brager-Kuys;Brager-Kuys_Ingeborg;22.04.2019;10;1;
Netherlands;NPB Padelcompetitie;WO;Ingeborg;Brager-Kuys;Brager-Kuys_Ingeborg;13.05.2019;11;1;
Netherlands;NPB Padelcompetitie;WO;Ingeborg;Brager-Kuys;Brager-Kuys_Ingeborg;20.05.2019;6;2;-7
Netherlands;NPB Padelcompetitie;WO;Ingeborg;Brager-Kuys;Brager-Kuys_Ingeborg;27.05.2019;9;3;
Netherlands;NPB Padelcompetitie;WO;Ingeborg;Brager-Kuys;Brager-Kuys_Ingeborg;10.06.2019;23;14;
Netherlands;NPB Padelcompetitie;WO;Jolanda;Broekhof;Broekhof_Jolanda;08.04.2019;2;2;
Netherlands;NPB Padelcompetitie;WO;Jolanda;Broekhof;Broekhof_Jolanda;15.04.2019;4;2;
Netherlands;NPB Padelcompetitie;WO;Jolanda;Broekhof;Broekhof_Jolanda;20.05.2019;6;2;
Netherlands;NPB Padelcompetitie;WO;Jolanda;Broekhof;Broekhof_Jolanda;03.06.2019;8;1;
Netherlands;NPB Padelcompetitie;WO;Jolanda;Broekhof;Broekhof_Jolanda;23.09.2019;9;2;
Netherlands;NPB Padelcompetitie;WO;Jolanda;Broekhof;Broekhof_Jolanda;30.09.2019;11;2;
Netherlands;NPB Padelcompetitie;WO;Adriënne;Brouwers;Brouwers_Adriënne;23.09.2019;3;3;
Netherlands;NPB Padelcompetitie;WO;Sandra;Buiskool;Buiskool_Sandra;08.04.2019;3;3;
Netherlands;NPB Padelcompetitie;WO;Sandra;Buiskool;Buiskool_Sandra;15.04.2019;5;2;
Netherlands;NPB Padelcompetitie;WO;Sandra;Buiskool;Buiskool_Sandra;22.04.2019;7;2;
Netherlands;NPB Padelcompetitie;WO;Sandra;Buiskool;Buiskool_Sandra;13.05.2019;8;1;
Netherlands;NPB Padelcompetitie;WO;Sandra;Buiskool;Buiskool_Sandra;16.09.2019;12;4;
Netherlands;NPB Padelcompetitie;WO;Sandra;Buiskool;Buiskool_Sandra;23.09.2019;16;4;
Netherlands;NPB Padelcompetitie;WO;Sandra;Buiskool;Buiskool_Sandra;30.09.2019;18;2;
Netherlands;NPB Padelcompetitie;WO;Sandra;Buiskool;Buiskool_Sandra;07.10.2019;24;6;
Netherlands;NPB Padelcompetitie;WO;Sandra;Buiskool;Buiskool_Sandra;14.10.2019;26;2;
Netherlands;NPB Padelcompetitie;WO;Maaike;Buskermolen;Buskermolen_Maaike;06.05.2019;14;14;
Netherlands;NPB Padelcompetitie;WO;Virginia;Canelada;Canelada_Virginia;31.12.2018;54;;
Netherlands;NPB Padelcompetitie;WO;Virginia;Canelada;Canelada_Virginia;01.07.2019;40;;-14
Netherlands;NPB Padelcompetitie;WO;Virginia;Canelada;Canelada_Virginia;22.07.2019;46;16;
Netherlands;NPB Padelcompetitie;WO;Virginia;Canelada;Canelada_Virginia;29.07.2019;16;;-40
Netherlands;NPB Padelcompetitie;WO;Stephanie;Claus;Claus_Stephanie;23.09.2019;4;4;
Netherlands;NPB Padelcompetitie;WO;Stephanie;Claus;Claus_Stephanie;07.10.2019;6;2;
Netherlands;NPB Padelcompetitie;WO;Stephanie;Claus;Claus_Stephanie;14.10.2019;8;2;
Netherlands;NPB Padelcompetitie;WO;Evaline;Coenen;Coenen_Evaline;15.04.2019;6;6;
Netherlands;NPB Padelcompetitie;WO;Evaline;Coenen;Coenen_Evaline;22.04.2019;10;4;
Netherlands;NPB Padelcompetitie;WO;Evaline;Coenen;Coenen_Evaline;16.09.2019;14;4;
Netherlands;NPB Padelcompetitie;WO;Evaline;Coenen;Coenen_Evaline;07.10.2019;22;8;
Netherlands;NPB Padelcompetitie;WO;Evaline;Coenen;Coenen_Evaline;21.10.2019;30;8;
Netherlands;NPB Padelcompetitie;WO;Olga;Cosic;Cosic_Olga;31.12.2018;36;;
Netherlands;NPB Padelcompetitie;WO;Olga;Cosic;Cosic_Olga;03.06.2019;42;6;
Netherlands;NPB Padelcompetitie;WO;Olga;Cosic;Cosic_Olga;12.08.2019;174;150;-18
Netherlands;NPB Padelcompetitie;WO;Olga;Cosic;Cosic_Olga;19.08.2019;156;;-18
Netherlands;NPB Padelcompetitie;WO;Patricia;Dankert;Dankert_Patricia;15.07.2019;14;14;
Netherlands;NPB Padelcompetitie;WO;Patricia;Dankert;Dankert_Patricia;19.08.2019;30;16;
Netherlands;NPB Padelcompetitie;WO;Patricia;Dankert;Dankert_Patricia;16.09.2019;38;8;
Netherlands;NPB Padelcompetitie;WO;Patricia;Dankert;Dankert_Patricia;28.10.2019;46;8;
Netherlands;NPB Padelcompetitie;WO;Ann;de Haan-Slager;de Haan-Slager_Ann;31.12.2018;7;;
Netherlands;NPB Padelcompetitie;WO;Ann;de Haan-Slager;de Haan-Slager_Ann;08.04.2019;10;3;
Netherlands;NPB Padelcompetitie;WO;Ann;de Haan-Slager;de Haan-Slager_Ann;23.04.2019;14;4;
Netherlands;NPB Padelcompetitie;WO;Ann;de Haan-Slager;de Haan-Slager_Ann;13.05.2019;17;3;
Netherlands;NPB Padelcompetitie;WO;Ann;de Haan-Slager;de Haan-Slager_Ann;20.05.2019;21;4;
Netherlands;NPB Padelcompetitie;WO;Ann;de Haan-Slager;de Haan-Slager_Ann;27.05.2019;25;4;
Netherlands;NPB Padelcompetitie;WO;Ann;de Haan-Slager;de Haan-Slager_Ann;03.06.2019;27;2;
Netherlands;NPB Padelcompetitie;WO;Ann;de Haan-Slager;de Haan-Slager_Ann;15.07.2019;37;10;
Netherlands;NPB Padelcompetitie;WO;Ann;de Haan-Slager;de Haan-Slager_Ann;19.08.2019;53;16;
Netherlands;NPB Padelcompetitie;WO;Ann;de Haan-Slager;de Haan-Slager_Ann;09.09.2019;67;14;
Netherlands;NPB Padelcompetitie;WO;Ann;de Haan-Slager;de Haan-Slager_Ann;16.09.2019;71;4;
Netherlands;NPB Padelcompetitie;WO;Ann;de Haan-Slager;de Haan-Slager_Ann;23.09.2019;74;3;
Netherlands;NPB Padelcompetitie;WO;Ann;de Haan-Slager;de Haan-Slager_Ann;30.09.2019;76;2;
Netherlands;NPB Padelcompetitie;WO;Ann;de Haan-Slager;de Haan-Slager_Ann;07.10.2019;80;4;
Netherlands;NPB Padelcompetitie;WO;Ann;de Haan-Slager;de Haan-Slager_Ann;04.11.2019;73;;-7
Netherlands;NPB Padelcompetitie;WO;Ann;de Haan-Slager;de Haan-Slager_Ann;11.11.2019;87;14;
Netherlands;NPB Padelcompetitie;WO;Jolanda;de Jong;de Jong_Jolanda;31.12.2018;26;;
Netherlands;NPB Padelcompetitie;WO;Jolanda;de Jong;de Jong_Jolanda;08.04.2019;28;2;
Netherlands;NPB Padelcompetitie;WO;Jolanda;de Jong;de Jong_Jolanda;13.05.2019;32;4;
Netherlands;NPB Padelcompetitie;WO;Jolanda;de Jong;de Jong_Jolanda;20.05.2019;36;4;
Netherlands;NPB Padelcompetitie;WO;Jolanda;de Jong;de Jong_Jolanda;27.05.2019;40;4;
Netherlands;NPB Padelcompetitie;WO;Jolanda;de Jong;de Jong_Jolanda;10.06.2019;130;90;
Netherlands;NPB Padelcompetitie;WO;Jolanda;de Jong;de Jong_Jolanda;15.07.2019;133;10;-7
Netherlands;NPB Padelcompetitie;WO;Jolanda;de Jong;de Jong_Jolanda;09.09.2019;147;14;
Netherlands;NPB Padelcompetitie;WO;Jolanda;de Jong;de Jong_Jolanda;16.09.2019;151;4;
Netherlands;NPB Padelcompetitie;WO;Jolanda;de Jong;de Jong_Jolanda;23.09.2019;154;3;
Netherlands;NPB Padelcompetitie;WO;Jolanda;de Jong;de Jong_Jolanda;30.09.2019;157;3;
Netherlands;NPB Padelcompetitie;WO;Jolanda;de Jong;de Jong_Jolanda;04.11.2019;152;;-5
Netherlands;NPB Padelcompetitie;WO;Jolanda;de Jong;de Jong_Jolanda;11.11.2019;158;6;
Netherlands;NPB Padelcompetitie;WO;Jolanda;de Jong;de Jong_Jolanda;25.11.2019;144;;-14
Netherlands;NPB Padelcompetitie;WO;Krista;de Jong;de Jong_Krista;19.08.2019;14;14;
Netherlands;NPB Padelcompetitie;WO;Leonie;de Jong;de Jong_Leonie;08.04.2019;4;4;
Netherlands;NPB Padelcompetitie;WO;Leonie;de Jong;de Jong_Leonie;22.04.2019;8;4;
Netherlands;NPB Padelcompetitie;WO;Leonie;de Jong;de Jong_Leonie;13.05.2019;10;2;
Netherlands;NPB Padelcompetitie;WO;Leonie;de Jong;de Jong_Leonie;20.05.2019;12;2;
Netherlands;NPB Padelcompetitie;WO;Leonie;de Jong;de Jong_Leonie;27.05.2019;16;4;
Netherlands;NPB Padelcompetitie;WO;Leonie;de Jong;de Jong_Leonie;10.06.2019;30;14;
Netherlands;NPB Padelcompetitie;WO;Naomi;de Kwaadsteniet;de Kwaadsteniet_Naomi;31.12.2018;14;;
Netherlands;NPB Padelcompetitie;WO;Naomi;de Kwaadsteniet;de Kwaadsteniet_Naomi;26.08.2019;16;16;-14
Netherlands;NPB Padelcompetitie;WO;Marielle;de Roos;de Roos_Marielle;31.12.2018;19;;
Netherlands;NPB Padelcompetitie;WO;Marielle;de Roos;de Roos_Marielle;08.04.2019;21;2;
Netherlands;NPB Padelcompetitie;WO;Marielle;de Roos;de Roos_Marielle;15.04.2019;24;3;
Netherlands;NPB Padelcompetitie;WO;Marielle;de Roos;de Roos_Marielle;13.05.2019;26;2;
Netherlands;NPB Padelcompetitie;WO;Marielle;de Roos;de Roos_Marielle;20.05.2019;29;3;
Netherlands;NPB Padelcompetitie;WO;Marielle;de Roos;de Roos_Marielle;27.05.2019;31;2;
Netherlands;NPB Padelcompetitie;WO;Marielle;de Roos;de Roos_Marielle;03.06.2019;34;3;
Netherlands;NPB Padelcompetitie;WO;Marielle;de Roos;de Roos_Marielle;10.06.2019;124;90;
Netherlands;NPB Padelcompetitie;WO;Marielle;de Roos;de Roos_Marielle;26.08.2019;130;6;
Netherlands;NPB Padelcompetitie;WO;Marielle;de Roos;de Roos_Marielle;16.09.2019;134;4;
Netherlands;NPB Padelcompetitie;WO;Marielle;de Roos;de Roos_Marielle;07.10.2019;138;4;
Netherlands;NPB Padelcompetitie;WO;Marielle;de Roos;de Roos_Marielle;14.10.2019;142;4;
Netherlands;NPB Padelcompetitie;WO;Marielle;de Roos;de Roos_Marielle;04.11.2019;137;;-5
Netherlands;NPB Padelcompetitie;WO;Marielle;de Roos;de Roos_Marielle;25.11.2019;123;;-14
Netherlands;NPB Padelcompetitie;WO;Angelique;de Vries;de Vries_Angelique;22.04.2019;2;2;
Netherlands;NPB Padelcompetitie;WO;Angelique;de Vries;de Vries_Angelique;20.05.2019;5;3;
Netherlands;NPB Padelcompetitie;WO;Salena;Dekens;Dekens_Salena;31.12.2018;14;;
Netherlands;NPB Padelcompetitie;WO;Salena;Dekens;Dekens_Salena;08.04.2019;18;4;
Netherlands;NPB Padelcompetitie;WO;Salena;Dekens;Dekens_Salena;13.05.2019;22;4;
Netherlands;NPB Padelcompetitie;WO;Salena;Dekens;Dekens_Salena;20.05.2019;26;4;
Netherlands;NPB Padelcompetitie;WO;Salena;Dekens;Dekens_Salena;27.05.2019;30;4;
Netherlands;NPB Padelcompetitie;WO;Salena;Dekens;Dekens_Salena;11.11.2019;40;10;
Netherlands;NPB Padelcompetitie;WO;Salena;Dekens;Dekens_Salena;25.11.2019;26;;-14
Netherlands;NPB Padelcompetitie;WO;Debby;Dekker;Dekker_Debby;08.04.2019;4;4;
Netherlands;NPB Padelcompetitie;WO;Debby;Dekker;Dekker_Debby;15.04.2019;8;4;
Netherlands;NPB Padelcompetitie;WO;Debby;Dekker;Dekker_Debby;20.05.2019;14;6;
Netherlands;NPB Padelcompetitie;WO;Carola;Den Hollander;Den Hollander_Carola;08.04.2019;6;6;
Netherlands;NPB Padelcompetitie;WO;Carola;Den Hollander;Den Hollander_Carola;15.04.2019;10;4;
Netherlands;NPB Padelcompetitie;WO;Carola;Den Hollander;Den Hollander_Carola;13.05.2019;14;4;
Netherlands;NPB Padelcompetitie;WO;Carola;Den Hollander;Den Hollander_Carola;20.05.2019;18;4;
Netherlands;NPB Padelcompetitie;WO;Carola;Den Hollander;Den Hollander_Carola;27.05.2019;22;4;
Netherlands;NPB Padelcompetitie;WO;Suzanne;Deul;Deul_Suzanne;31.12.2018;14;;
Netherlands;NPB Padelcompetitie;WO;Suzanne;Deul;Deul_Suzanne;26.08.2019;16;16;-14
Netherlands;NPB Padelcompetitie;WO;Carolien;Dijkhorst;Dijkhorst_Carolien;23.09.2019;4;4;
Netherlands;NPB Padelcompetitie;WO;Carolien;Dijkhorst;Dijkhorst_Carolien;30.09.2019;8;4;
Netherlands;NPB Padelcompetitie;WO;Carolien;Dijkhorst;Dijkhorst_Carolien;07.10.2019;12;4;
Netherlands;NPB Padelcompetitie;WO;Carolien;Dijkhorst;Dijkhorst_Carolien;15.10.2019;16;4;
Netherlands;NPB Padelcompetitie;WO;Carolien;Dijkhorst;Dijkhorst_Carolien;22.10.2019;18;2;
Netherlands;NPB Padelcompetitie;WO;Annemarie;Doddema;Doddema_Annemarie;31.12.2018;14;;
Netherlands;NPB Padelcompetitie;WO;Annemarie;Doddema;Doddema_Annemarie;08.04.2019;20;6;
Netherlands;NPB Padelcompetitie;WO;Annemarie;Doddema;Doddema_Annemarie;15.04.2019;28;8;
Netherlands;NPB Padelcompetitie;WO;Annemarie;Doddema;Doddema_Annemarie;13.05.2019;32;4;
Netherlands;NPB Padelcompetitie;WO;Annemarie;Doddema;Doddema_Annemarie;20.05.2019;40;8;
Netherlands;NPB Padelcompetitie;WO;Annemarie;Doddema;Doddema_Annemarie;27.05.2019;46;6;
Netherlands;NPB Padelcompetitie;WO;Annemarie;Doddema;Doddema_Annemarie;03.06.2019;48;2;
Netherlands;NPB Padelcompetitie;WO;Annemarie;Doddema;Doddema_Annemarie;11.11.2019;58;10;
Netherlands;NPB Padelcompetitie;WO;Annemarie;Doddema;Doddema_Annemarie;25.11.2019;44;;-14
Netherlands;NPB Padelcompetitie;WO;Thea;Douma;Douma_Thea;20.05.2019;2;2;
Netherlands;NPB Padelcompetitie;WO;Thea;Douma;Douma_Thea;16.09.2019;4;2;
Netherlands;NPB Padelcompetitie;WO;Thea;Douma;Douma_Thea;23.09.2019;6;2;
Netherlands;NPB Padelcompetitie;WO;Serena;Droog;Droog_Serena;31.12.2018;1;;
Netherlands;NPB Padelcompetitie;WO;Serena;Droog;Droog_Serena;07.01.2019;0;;-1
Netherlands;NPB Padelcompetitie;WO;Serena;Droog;Droog_Serena;09.06.2019;12;12;
Netherlands;NPB Padelcompetitie;WO;Britt;du Pree;du Pree_Britt;02.09.2019;7;7;
Netherlands;NPB Padelcompetitie;WO;Milou;Ettekoven;Ettekoven_Milou;31.12.2018;680;;
Netherlands;NPB Padelcompetitie;WO;Milou;Ettekoven;Ettekoven_Milou;28.01.2019;780;100;
Netherlands;NPB Padelcompetitie;WO;Milou;Ettekoven;Ettekoven_Milou;18.02.2019;740;;-40
Netherlands;NPB Padelcompetitie;WO;Milou;Ettekoven;Ettekoven_Milou;25.02.2019;840;100;
Netherlands;NPB Padelcompetitie;WO;Milou;Ettekoven;Ettekoven_Milou;01.04.2019;900;100;-40
Netherlands;NPB Padelcompetitie;WO;Milou;Ettekoven;Ettekoven_Milou;22.04.2019;800;;-100
Netherlands;NPB Padelcompetitie;WO;Milou;Ettekoven;Ettekoven_Milou;03.06.2019;700;;-100
Netherlands;NPB Padelcompetitie;WO;Milou;Ettekoven;Ettekoven_Milou;10.06.2019;1200;500;
Netherlands;NPB Padelcompetitie;WO;Milou;Ettekoven;Ettekoven_Milou;12.08.2019;1450;250;
Netherlands;NPB Padelcompetitie;WO;Milou;Ettekoven;Ettekoven_Milou;19.08.2019;1350;;-100
Netherlands;NPB Padelcompetitie;WO;Milou;Ettekoven;Ettekoven_Milou;26.08.2019;1250;;-100
Netherlands;NPB Padelcompetitie;WO;Milou;Ettekoven;Ettekoven_Milou;02.09.2019;1150;;-100
Netherlands;NPB Padelcompetitie;WO;Milou;Ettekoven;Ettekoven_Milou;09.09.2019;1050;;-100
Netherlands;NPB Padelcompetitie;WO;Milou;Ettekoven;Ettekoven_Milou;27.01.2020;950;;-100
Netherlands;NPB Padelcompetitie;WO;Milou;Ettekoven;Ettekoven_Milou;24.02.2020;850;;-100
Netherlands;NPB Padelcompetitie;WO;Femke;Fennema;Fennema_Femke;01.04.2019;6;6;
Netherlands;NPB Padelcompetitie;WO;Femke;Fennema;Fennema_Femke;08.04.2019;18;12;
Netherlands;NPB Padelcompetitie;WO;Femke;Fennema;Fennema_Femke;15.04.2019;28;10;
Netherlands;NPB Padelcompetitie;WO;Femke;Fennema;Fennema_Femke;06.05.2019;68;40;
Netherlands;NPB Padelcompetitie;WO;Femke;Fennema;Fennema_Femke;13.05.2019;76;8;
Netherlands;NPB Padelcompetitie;WO;Femke;Fennema;Fennema_Femke;20.05.2019;82;6;
Netherlands;NPB Padelcompetitie;WO;Femke;Fennema;Fennema_Femke;01.07.2019;88;6;
Netherlands;NPB Padelcompetitie;WO;Femke;Fennema;Fennema_Femke;16.09.2019;92;4;
Netherlands;NPB Padelcompetitie;WO;Femke;Fennema;Fennema_Femke;23.09.2019;98;6;
Netherlands;NPB Padelcompetitie;WO;Femke;Fennema;Fennema_Femke;14.10.2019;108;10;
Netherlands;NPB Padelcompetitie;WO;Constance;Feyen;Feyen_Constance;15.04.2019;2;2;
Netherlands;NPB Padelcompetitie;WO;Constance;Feyen;Feyen_Constance;13.05.2019;6;4;
Netherlands;NPB Padelcompetitie;WO;Constance;Feyen;Feyen_Constance;20.05.2019;10;4;
Netherlands;NPB Padelcompetitie;WO;Constance;Feyen;Feyen_Constance;03.06.2019;11;1;
Netherlands;NPB Padelcompetitie;WO;Constance;Feyen;Feyen_Constance;16.09.2019;15;4;
Netherlands;NPB Padelcompetitie;WO;Constance;Feyen;Feyen_Constance;23.09.2019;17;2;
Netherlands;NPB Padelcompetitie;WO;Constance;Feyen;Feyen_Constance;30.09.2019;19;2;
Netherlands;NPB Padelcompetitie;WO;Constance;Feyen;Feyen_Constance;14.10.2019;21;2;
Netherlands;NPB Padelcompetitie;WO;Herma;Florissen;Florissen_Herma;08.04.2019;6;6;
Netherlands;NPB Padelcompetitie;WO;Herma;Florissen;Florissen_Herma;15.04.2019;12;6;
Netherlands;NPB Padelcompetitie;WO;Herma;Florissen;Florissen_Herma;13.05.2019;14;2;
Netherlands;NPB Padelcompetitie;WO;Herma;Florissen;Florissen_Herma;16.09.2019;20;6;
Netherlands;NPB Padelcompetitie;WO;Herma;Florissen;Florissen_Herma;23.09.2019;26;6;
Netherlands;NPB Padelcompetitie;WO;Luna;Gelsumino;Gelsumino_Luna;07.05.2019;24;24;
Netherlands;NPB Padelcompetitie;WO;Denise;Geurtsen;Geurtsen_Denise;31.12.2018;24;;
Netherlands;NPB Padelcompetitie;WO;Denise;Geurtsen;Geurtsen_Denise;15.04.2019;28;4;
Netherlands;NPB Padelcompetitie;WO;Denise;Geurtsen;Geurtsen_Denise;22.04.2019;36;8;
Netherlands;NPB Padelcompetitie;WO;Denise;Geurtsen;Geurtsen_Denise;13.05.2019;40;4;
Netherlands;NPB Padelcompetitie;WO;Denise;Geurtsen;Geurtsen_Denise;20.05.2019;44;4;
Netherlands;NPB Padelcompetitie;WO;Denise;Geurtsen;Geurtsen_Denise;15.07.2019;20;;-24
Netherlands;NPB Padelcompetitie;WO;Denise;Geurtsen;Geurtsen_Denise;20.08.2019;44;24;
Netherlands;NPB Padelcompetitie;WO;Denise;Geurtsen;Geurtsen_Denise;02.09.2019;58;14;
Netherlands;NPB Padelcompetitie;WO;Inge;Gillis;Gillis_Inge;16.09.2019;3;3;
Netherlands;NPB Padelcompetitie;WO;Inge;Gillis;Gillis_Inge;14.10.2019;5;2;
Netherlands;NPB Padelcompetitie;WO;Inge;Gillis;Gillis_Inge;21.10.2019;8;3;
Netherlands;NPB Padelcompetitie;WO;Beatriz;Gómez;Gómez_Beatriz;08.04.2019;11;11;
Netherlands;NPB Padelcompetitie;WO;Beatriz;Gómez;Gómez_Beatriz;15.04.2019;22;11;
Netherlands;NPB Padelcompetitie;WO;Beatriz;Gómez;Gómez_Beatriz;13.05.2019;30;8;
Netherlands;NPB Padelcompetitie;WO;Beatriz;Gómez;Gómez_Beatriz;20.05.2019;46;16;
Netherlands;NPB Padelcompetitie;WO;Yvonne;Groenendijk;Groenendijk_Yvonne;31.12.2018;14;;
Netherlands;NPB Padelcompetitie;WO;Yvonne;Groenendijk;Groenendijk_Yvonne;08.04.2019;22;8;
Netherlands;NPB Padelcompetitie;WO;Yvonne;Groenendijk;Groenendijk_Yvonne;15.04.2019;26;4;
Netherlands;NPB Padelcompetitie;WO;Yvonne;Groenendijk;Groenendijk_Yvonne;22.04.2019;32;6;
Netherlands;NPB Padelcompetitie;WO;Yvonne;Groenendijk;Groenendijk_Yvonne;13.05.2019;38;6;
Netherlands;NPB Padelcompetitie;WO;Yvonne;Groenendijk;Groenendijk_Yvonne;22.07.2019;44;6;
Netherlands;NPB Padelcompetitie;WO;Yvonne;Groenendijk;Groenendijk_Yvonne;02.09.2019;50;14;-14
Netherlands;NPB Padelcompetitie;WO;Yvonne;Groenendijk;Groenendijk_Yvonne;16.09.2019;50;6;
Netherlands;NPB Padelcompetitie;WO;Yvonne;Groenendijk;Groenendijk_Yvonne;23.09.2019;52;2;
Netherlands;NPB Padelcompetitie;WO;Yvonne;Groenendijk;Groenendijk_Yvonne;30.09.2019;60;8;
Netherlands;NPB Padelcompetitie;WO;Yvonne;Groenendijk;Groenendijk_Yvonne;14.10.2019;64;4;
Netherlands;NPB Padelcompetitie;WO;Yvonne;Groenendijk;Groenendijk_Yvonne;21.10.2019;70;6;
Netherlands;NPB Padelcompetitie;WO;Krista;Gronsveld;Gronsveld_Krista;19.08.2019;4;4;
Netherlands;NPB Padelcompetitie;WO;Marjo;Gruisen;Gruisen_Marjo;16.09.2019;8;8;
Netherlands;NPB Padelcompetitie;WO;Marjo;Gruisen;Gruisen_Marjo;23.09.2019;16;8;
Netherlands;NPB Padelcompetitie;WO;Marjo;Gruisen;Gruisen_Marjo;07.10.2019;20;4;
Netherlands;NPB Padelcompetitie;WO;Marjo;Gruisen;Gruisen_Marjo;28.10.2019;24;4;
Netherlands;NPB Padelcompetitie;WO;Diana;Gutiérrez;Gutiérrez_Diana;31.12.2018;14;;
Netherlands;NPB Padelcompetitie;WO;Diana;Gutiérrez;Gutiérrez_Diana;22.04.2019;16;2;
Netherlands;NPB Padelcompetitie;WO;Diana;Gutiérrez;Gutiérrez_Diana;06.05.2019;30;14;
Netherlands;NPB Padelcompetitie;WO;Diana;Gutiérrez;Gutiérrez_Diana;13.05.2019;34;4;
Netherlands;NPB Padelcompetitie;WO;Diana;Gutiérrez;Gutiérrez_Diana;20.05.2019;36;2;
Netherlands;NPB Padelcompetitie;WO;Diana;Gutiérrez;Gutiérrez_Diana;27.05.2019;38;2;
Netherlands;NPB Padelcompetitie;WO;Diana;Gutiérrez;Gutiérrez_Diana;03.06.2019;40;2;
Netherlands;NPB Padelcompetitie;WO;Diana;Gutiérrez;Gutiérrez_Diana;15.07.2019;26;;-14
Netherlands;NPB Padelcompetitie;WO;Diana;Gutiérrez;Gutiérrez_Diana;22.07.2019;28;2;
Netherlands;NPB Padelcompetitie;WO;Diana;Gutiérrez;Gutiérrez_Diana;16.09.2019;30;2;
Netherlands;NPB Padelcompetitie;WO;Diana;Gutiérrez;Gutiérrez_Diana;23.09.2019;34;4;
Netherlands;NPB Padelcompetitie;WO;Diana;Gutiérrez;Gutiérrez_Diana;30.09.2019;38;4;
Netherlands;NPB Padelcompetitie;WO;Diana;Gutiérrez;Gutiérrez_Diana;07.10.2019;42;4;
Netherlands;NPB Padelcompetitie;WO;Diana;Gutiérrez;Gutiérrez_Diana;14.10.2019;46;4;
Netherlands;NPB Padelcompetitie;WO;Diana;Gutiérrez;Gutiérrez_Diana;21.10.2019;51;5;
Netherlands;NPB Padelcompetitie;WO;Diana;Gutiérrez;Gutiérrez_Diana;04.11.2019;53;2;
Netherlands;NPB Padelcompetitie;WO;Mirjam;Haenen;Haenen_Mirjam;01.07.2019;40;40;
Netherlands;NPB Padelcompetitie;WO;Gonneke;Hamers;Hamers_Gonneke;23.09.2019;2;2;
Netherlands;NPB Padelcompetitie;WO;Gonneke;Hamers;Hamers_Gonneke;30.09.2019;4;2;
Netherlands;NPB Padelcompetitie;WO;Gonneke;Hamers;Hamers_Gonneke;21.10.2019;6;2;
Netherlands;NPB Padelcompetitie;WO;Nathalie;Harder;Harder_Nathalie;01.04.2019;10;10;
Netherlands;NPB Padelcompetitie;WO;Nathalie;Harder;Harder_Nathalie;08.04.2019;14;4;
Netherlands;NPB Padelcompetitie;WO;Nathalie;Harder;Harder_Nathalie;15.04.2019;16;2;
Netherlands;NPB Padelcompetitie;WO;Nathalie;Harder;Harder_Nathalie;22.04.2019;17;1;
Netherlands;NPB Padelcompetitie;WO;Nathalie;Harder;Harder_Nathalie;03.05.2019;25;4;
Netherlands;NPB Padelcompetitie;WO;Nathalie;Harder;Harder_Nathalie;27.05.2019;21;4;
Netherlands;NPB Padelcompetitie;WO;Nathalie;Harder;Harder_Nathalie;16.09.2019;29;4;
Netherlands;NPB Padelcompetitie;WO;Nathalie;Harder;Harder_Nathalie;23.09.2019;35;6;
Netherlands;NPB Padelcompetitie;WO;Nathalie;Harder;Harder_Nathalie;30.09.2019;43;8;
Netherlands;NPB Padelcompetitie;WO;Gerlanda;Haven-Jonkman;Haven-Jonkman_Gerlanda;31.12.2018;7;;
Netherlands;NPB Padelcompetitie;WO;Gerlanda;Haven-Jonkman;Haven-Jonkman_Gerlanda;08.04.2019;13;6;
Netherlands;NPB Padelcompetitie;WO;Gerlanda;Haven-Jonkman;Haven-Jonkman_Gerlanda;15.04.2019;21;8;
Netherlands;NPB Padelcompetitie;WO;Gerlanda;Haven-Jonkman;Haven-Jonkman_Gerlanda;27.05.2019;29;8;
Netherlands;NPB Padelcompetitie;WO;Gerlanda;Haven-Jonkman;Haven-Jonkman_Gerlanda;09.09.2019;53;24;
Netherlands;NPB Padelcompetitie;WO;Gerlanda;Haven-Jonkman;Haven-Jonkman_Gerlanda;16.09.2019;59;6;
Netherlands;NPB Padelcompetitie;WO;Gerlanda;Haven-Jonkman;Haven-Jonkman_Gerlanda;04.11.2019;52;;-7
Netherlands;NPB Padelcompetitie;WO;Gerlanda;Haven-Jonkman;Haven-Jonkman_Gerlanda;11.11.2019;76;24;
Netherlands;NPB Padelcompetitie;WO;Hylke;Heeres;Heeres_Hylke;23.09.2019;11;11;
Netherlands;NPB Padelcompetitie;WO;Hylke;Heeres;Heeres_Hylke;07.10.2019;22;11;
Netherlands;NPB Padelcompetitie;WO;Hylke;Heeres;Heeres_Hylke;14.10.2019;25;3;
Netherlands;NPB Padelcompetitie;WO;E.;Heinneman;Heinneman_E.;08.04.2019;4;4;
Netherlands;NPB Padelcompetitie;WO;E.;Heinneman;Heinneman_E.;20.05.2019;12;8;
Netherlands;NPB Padelcompetitie;WO;E.;Heinneman;Heinneman_E.;03.06.2019;16;4;
Netherlands;NPB Padelcompetitie;WO;Chelsey;Hendriks;Hendriks_Chelsey;11.11.2019;8;8;
Netherlands;NPB Padelcompetitie;WO;Mariska;Hendriks;Hendriks_Mariska;02.09.2019;7;7;
Netherlands;NPB Padelcompetitie;WO;Violet;Hendriks;Hendriks_Violet;08.04.2019;16;16;
Netherlands;NPB Padelcompetitie;WO;Violet;Hendriks;Hendriks_Violet;23.04.2019;22;6;
Netherlands;NPB Padelcompetitie;WO;Violet;Hendriks;Hendriks_Violet;03.06.2019;38;16;
Netherlands;NPB Padelcompetitie;WO;Violet;Hendriks;Hendriks_Violet;10.06.2019;338;300;
Netherlands;NPB Padelcompetitie;WO;Violet;Hendriks;Hendriks_Violet;16.09.2019;354;16;
Netherlands;NPB Padelcompetitie;WO;Violet;Hendriks;Hendriks_Violet;23.09.2019;370;16;
Netherlands;NPB Padelcompetitie;WO;Violet;Hendriks;Hendriks_Violet;30.09.2019;381;11;
Netherlands;NPB Padelcompetitie;WO;Violet;Hendriks;Hendriks_Violet;07.10.2019;397;16;
Netherlands;NPB Padelcompetitie;WO;Violet;Hendriks;Hendriks_Violet;14.10.2019;413;16;
Netherlands;NPB Padelcompetitie;WO;Kim;Heneweer-van Duin;Heneweer-van Duin_Kim;31.12.2018;434;;
Netherlands;NPB Padelcompetitie;WO;Kim;Heneweer-van Duin;Heneweer-van Duin_Kim;08.04.2019;445;11;
Netherlands;NPB Padelcompetitie;WO;Kim;Heneweer-van Duin;Heneweer-van Duin_Kim;15.04.2019;405;;-40
Netherlands;NPB Padelcompetitie;WO;Kim;Heneweer-van Duin;Heneweer-van Duin_Kim;22.04.2019;411;6;
Netherlands;NPB Padelcompetitie;WO;Kim;Heneweer-van Duin;Heneweer-van Duin_Kim;13.05.2019;422;11;
Netherlands;NPB Padelcompetitie;WO;Kim;Heneweer-van Duin;Heneweer-van Duin_Kim;20.05.2019;433;11;
Netherlands;NPB Padelcompetitie;WO;Kim;Heneweer-van Duin;Heneweer-van Duin_Kim;27.05.2019;417;;-16
Netherlands;NPB Padelcompetitie;WO;Kim;Heneweer-van Duin;Heneweer-van Duin_Kim;15.07.2019;417;40;-40
Netherlands;NPB Padelcompetitie;WO;Kim;Heneweer-van Duin;Heneweer-van Duin_Kim;05.08.2019;517;100;
Netherlands;NPB Padelcompetitie;WO;Kim;Heneweer-van Duin;Heneweer-van Duin_Kim;12.08.2019;417;;-100
Netherlands;NPB Padelcompetitie;WO;Kim;Heneweer-van Duin;Heneweer-van Duin_Kim;19.08.2019;399;;-18
Netherlands;NPB Padelcompetitie;WO;Kim;Heneweer-van Duin;Heneweer-van Duin_Kim;26.08.2019;359;;-40
Netherlands;NPB Padelcompetitie;WO;Kim;Heneweer-van Duin;Heneweer-van Duin_Kim;09.09.2019;179;;-180
Netherlands;NPB Padelcompetitie;WO;Monique;Heuven;Heuven_Monique;22.04.2019;3;3;
Netherlands;NPB Padelcompetitie;WO;Monique;Heuven;Heuven_Monique;27.05.2019;4;1;
Netherlands;NPB Padelcompetitie;WO;Monique;Heuven;Heuven_Monique;03.06.2019;6;2;
Netherlands;NPB Padelcompetitie;WO;Monique;Heuven;Heuven_Monique;15.07.2019;12;6;
Netherlands;NPB Padelcompetitie;WO;Monique;Heuven;Heuven_Monique;14.10.2019;14;2;
Netherlands;NPB Padelcompetitie;WO;Ingrid;Hofman;Hofman_Ingrid;08.04.2019;4;4;
Netherlands;NPB Padelcompetitie;WO;Ingrid;Hofman;Hofman_Ingrid;15.04.2019;6;2;
Netherlands;NPB Padelcompetitie;WO;Ingrid;Hofman;Hofman_Ingrid;27.04.2019;10;2;
Netherlands;NPB Padelcompetitie;WO;Ingrid;Hofman;Hofman_Ingrid;13.05.2019;8;2;
Netherlands;NPB Padelcompetitie;WO;Yvon;Hoogendijk;Hoogendijk_Yvon;08.04.2019;2;2;
Netherlands;NPB Padelcompetitie;WO;Yvon;Hoogendijk;Hoogendijk_Yvon;22.04.2019;4;2;
Netherlands;NPB Padelcompetitie;WO;Yvon;Hoogendijk;Hoogendijk_Yvon;13.05.2019;6;2;
Netherlands;NPB Padelcompetitie;WO;Yvon;Hoogendijk;Hoogendijk_Yvon;27.05.2019;8;2;
Netherlands;NPB Padelcompetitie;WO;Yvon;Hoogendijk;Hoogendijk_Yvon;03.06.2019;10;2;
Netherlands;NPB Padelcompetitie;WO;Yvon;Hoogendijk;Hoogendijk_Yvon;16.09.2019;11;1;
Netherlands;NPB Padelcompetitie;WO;Yvon;Hoogendijk;Hoogendijk_Yvon;30.09.2019;12;1;
Netherlands;NPB Padelcompetitie;WO;Yvon;Hoogendijk;Hoogendijk_Yvon;14.10.2019;14;2;
Netherlands;NPB Padelcompetitie;WO;Yvon;Hoogendijk;Hoogendijk_Yvon;21.10.2019;16;2;
Netherlands;NPB Padelcompetitie;WO;Cindy;Huberts;Huberts_Cindy;31.12.2018;60;;
Netherlands;NPB Padelcompetitie;WO;Cindy;Huberts;Huberts_Cindy;28.01.2019;96;36;
Netherlands;NPB Padelcompetitie;WO;Cindy;Huberts;Huberts_Cindy;01.04.2019;132;36;
Netherlands;NPB Padelcompetitie;WO;Cindy;Huberts;Huberts_Cindy;05.08.2019;192;60;
Netherlands;NPB Padelcompetitie;WO;Cindy;Huberts;Huberts_Cindy;19.08.2019;132;;-60
Netherlands;NPB Padelcompetitie;WO;Cindy;Huberts;Huberts_Cindy;27.01.2020;96;;-36
Netherlands;NPB Padelcompetitie;WO;Aranka;Huijberts;Huijberts_Aranka;05.08.2019;36;36;
Netherlands;NPB Padelcompetitie;WO;Aranka;Huijberts;Huijberts_Aranka;19.08.2019;40;76;
Netherlands;NPB Padelcompetitie;WO;Saskia;Huitink;Huitink_Saskia;15.04.2019;3;3;
Netherlands;NPB Padelcompetitie;WO;Saskia;Huitink;Huitink_Saskia;22.04.2019;9;6;
Netherlands;NPB Padelcompetitie;WO;Saskia;Huitink;Huitink_Saskia;13.05.2019;12;3;
Netherlands;NPB Padelcompetitie;WO;Sascha;Idema;Idema_Sascha;31.12.2018;14;;
Netherlands;NPB Padelcompetitie;WO;Sascha;Idema;Idema_Sascha;15.04.2019;16;2;
Netherlands;NPB Padelcompetitie;WO;Sascha;Idema;Idema_Sascha;06.05.2019;30;14;
Netherlands;NPB Padelcompetitie;WO;Sascha;Idema;Idema_Sascha;20.05.2019;33;3;
Netherlands;NPB Padelcompetitie;WO;Sascha;Idema;Idema_Sascha;27.05.2019;35;2;
Netherlands;NPB Padelcompetitie;WO;Sascha;Idema;Idema_Sascha;03.06.2019;37;2;
Netherlands;NPB Padelcompetitie;WO;Sascha;Idema;Idema_Sascha;15.07.2019;23;;-14
Netherlands;NPB Padelcompetitie;WO;Sascha;Idema;Idema_Sascha;22.07.2019;25;2;
Netherlands;NPB Padelcompetitie;WO;Sascha;Idema;Idema_Sascha;16.09.2019;32;7;
Netherlands;NPB Padelcompetitie;WO;Sascha;Idema;Idema_Sascha;30.09.2019;35;3;
Netherlands;NPB Padelcompetitie;WO;Sascha;Idema;Idema_Sascha;07.10.2019;39;4;
Netherlands;NPB Padelcompetitie;WO;Sascha;Idema;Idema_Sascha;14.10.2019;44;5;
Netherlands;NPB Padelcompetitie;WO;Sascha;Idema;Idema_Sascha;21.10.2019;48;4;
Netherlands;NPB Padelcompetitie;WO;Sascha;Idema;Idema_Sascha;04.11.2019;51;3;
Netherlands;NPB Padelcompetitie;WO;Nathalie;Isken;Isken_Nathalie;08.04.2019;6;6;
Netherlands;NPB Padelcompetitie;WO;Nathalie;Isken;Isken_Nathalie;06.05.2019;12;6;
Netherlands;NPB Padelcompetitie;WO;Nathalie;Isken;Isken_Nathalie;20.05.2019;24;8;
Netherlands;NPB Padelcompetitie;WO;Nathalie;Isken;Isken_Nathalie;03.06.2019;16;4;
Netherlands;NPB Padelcompetitie;WO;Heleen;Jägers;Jägers_Heleen;31.12.2018;100;;
Netherlands;NPB Padelcompetitie;WO;Heleen;Jägers;Jägers_Heleen;08.04.2019;106;6;
Netherlands;NPB Padelcompetitie;WO;Heleen;Jägers;Jägers_Heleen;15.04.2019;114;8;
Netherlands;NPB Padelcompetitie;WO;Heleen;Jägers;Jägers_Heleen;13.05.2019;106;6;-14
Netherlands;NPB Padelcompetitie;WO;Heleen;Jägers;Jägers_Heleen;20.05.2019;96;4;-14
Netherlands;NPB Padelcompetitie;WO;Heleen;Jägers;Jägers_Heleen;03.06.2019;100;4;
Netherlands;NPB Padelcompetitie;WO;Heleen;Jägers;Jägers_Heleen;08.09.2019;28;;-72
Netherlands;NPB Padelcompetitie;WO;Mariska;Janssen;Janssen_Mariska;23.09.2019;4;4;
Netherlands;NPB Padelcompetitie;WO;Mariska;Janssen;Janssen_Mariska;07.10.2019;6;2;
Netherlands;NPB Padelcompetitie;WO;Mariska;Janssen;Janssen_Mariska;14.10.2019;8;2;
Netherlands;NPB Padelcompetitie;WO;Martine;Janzen;Janzen_Martine;27.05.2019;4;4;
Netherlands;NPB Padelcompetitie;WO;Martine;Janzen;Janzen_Martine;03.06.2019;6;2;
Netherlands;NPB Padelcompetitie;WO;Martine;Janzen;Janzen_Martine;26.08.2019;12;6;
Netherlands;NPB Padelcompetitie;WO;Martine;Janzen;Janzen_Martine;30.09.2019;15;3;
Netherlands;NPB Padelcompetitie;WO;Martine;Janzen;Janzen_Martine;07.10.2019;19;4;
Netherlands;NPB Padelcompetitie;WO;Martine;Janzen;Janzen_Martine;14.10.2019;23;4;
Netherlands;NPB Padelcompetitie;WO;Lucie;Jonkman;Jonkman_Lucie;09.09.2019;24;24;
Netherlands;NPB Padelcompetitie;WO;Lucie;Jonkman;Jonkman_Lucie;11.11.2019;48;24;
Netherlands;NPB Padelcompetitie;WO;Patricia;Kalshoven;Kalshoven_Patricia;31.12.2018;274;;
Netherlands;NPB Padelcompetitie;WO;Patricia;Kalshoven;Kalshoven_Patricia;28.01.2019;334;60;
Netherlands;NPB Padelcompetitie;WO;Patricia;Kalshoven;Kalshoven_Patricia;15.07.2019;320;;-14
Netherlands;NPB Padelcompetitie;WO;Patricia;Kalshoven;Kalshoven_Patricia;12.08.2019;356;60;-24
Netherlands;NPB Padelcompetitie;WO;Patricia;Kalshoven;Kalshoven_Patricia;02.09.2019;320;;-36
Netherlands;NPB Padelcompetitie;WO;Patricia;Kalshoven;Kalshoven_Patricia;09.09.2019;120;;-200
Netherlands;NPB Padelcompetitie;WO;Patricia;Kalshoven;Kalshoven_Patricia;07.10.2019;136;16;
Netherlands;NPB Padelcompetitie;WO;Patricia;Kalshoven;Kalshoven_Patricia;27.01.2020;76;;-60
Netherlands;NPB Padelcompetitie;WO;Marella;Keijser;Keijser_Marella;31.12.2018;391;;
Netherlands;NPB Padelcompetitie;WO;Marella;Keijser;Keijser_Marella;18.02.2019;384;;-7
Netherlands;NPB Padelcompetitie;WO;Marella;Keijser;Keijser_Marella;01.04.2019;360;;-24
Netherlands;NPB Padelcompetitie;WO;Marella;Keijser;Keijser_Marella;27.05.2019;350;;-10
Netherlands;NPB Padelcompetitie;WO;Marella;Keijser;Keijser_Marella;03.06.2019;290;;-60
Netherlands;NPB Padelcompetitie;WO;Marella;Keijser;Keijser_Marella;08.07.2019;250;;-40
Netherlands;NPB Padelcompetitie;WO;Marella;Keijser;Keijser_Marella;15.07.2019;226;;-24
Netherlands;NPB Padelcompetitie;WO;Marella;Keijser;Keijser_Marella;29.07.2019;186;;-40
Netherlands;NPB Padelcompetitie;WO;Marella;Keijser;Keijser_Marella;12.08.2019;172;;-14
Netherlands;NPB Padelcompetitie;WO;Marella;Keijser;Keijser_Marella;19.08.2019;136;;-36
Netherlands;NPB Padelcompetitie;WO;Marella;Keijser;Keijser_Marella;02.09.2019;100;;-36
Netherlands;NPB Padelcompetitie;WO;Marella;Keijser;Keijser_Marella;25.11.2019;0;;-100
Netherlands;NPB Padelcompetitie;WO;Rebecca;Kerseboom;Kerseboom_Rebecca;30.12.2019;54;;
Netherlands;NPB Padelcompetitie;WO;Annette;Kieser;Kieser_Annette;14.10.2019;2;2;
Netherlands;NPB Padelcompetitie;WO;Annette;Kieser;Kieser_Annette;21.10.2019;3;1;
Netherlands;NPB Padelcompetitie;WO;Jose;Kocken;Kocken_Jose;12.08.2019;36;36;
Netherlands;NPB Padelcompetitie;WO;Marcella;Koek;Koek_Marcella;31.12.2018;680;;
Netherlands;NPB Padelcompetitie;WO;Marcella;Koek;Koek_Marcella;28.01.2019;780;100;
Netherlands;NPB Padelcompetitie;WO;Marcella;Koek;Koek_Marcella;18.02.2019;740;;-40
Netherlands;NPB Padelcompetitie;WO;Marcella;Koek;Koek_Marcella;25.02.2019;840;100;
Netherlands;NPB Padelcompetitie;WO;Marcella;Koek;Koek_Marcella;01.04.2019;900;100;-40
Netherlands;NPB Padelcompetitie;WO;Marcella;Koek;Koek_Marcella;22.04.2019;800;;-100
Netherlands;NPB Padelcompetitie;WO;Marcella;Koek;Koek_Marcella;03.06.2019;700;;-100
Netherlands;NPB Padelcompetitie;WO;Marcella;Koek;Koek_Marcella;10.06.2019;1200;500;
Netherlands;NPB Padelcompetitie;WO;Marcella;Koek;Koek_Marcella;12.08.2019;1450;250;
Netherlands;NPB Padelcompetitie;WO;Marcella;Koek;Koek_Marcella;19.08.2019;1350;;-100
Netherlands;NPB Padelcompetitie;WO;Marcella;Koek;Koek_Marcella;26.08.2019;1250;;-100
Netherlands;NPB Padelcompetitie;WO;Marcella;Koek;Koek_Marcella;02.09.2019;1150;;-100
Netherlands;NPB Padelcompetitie;WO;Marcella;Koek;Koek_Marcella;09.09.2019;1050;;-100
Netherlands;NPB Padelcompetitie;WO;Marcella;Koek;Koek_Marcella;27.01.2020;950;;-100
Netherlands;NPB Padelcompetitie;WO;Marcella;Koek;Koek_Marcella;24.02.2020;850;;-100
Netherlands;NPB Padelcompetitie;WO;Anita;Koelewijn;Koelewijn_Anita;31.12.2018;88;;
Netherlands;NPB Padelcompetitie;WO;Anita;Koelewijn;Koelewijn_Anita;28.01.2019;124;36;
Netherlands;NPB Padelcompetitie;WO;Anita;Koelewijn;Koelewijn_Anita;18.02.2019;110;;-14
Netherlands;NPB Padelcompetitie;WO;Anita;Koelewijn;Koelewijn_Anita;15.04.2019;96;;-14
Netherlands;NPB Padelcompetitie;WO;Anita;Koelewijn;Koelewijn_Anita;29.07.2019;72;;-24
Netherlands;NPB Padelcompetitie;WO;Anita;Koelewijn;Koelewijn_Anita;02.09.2019;36;;-36
Netherlands;NPB Padelcompetitie;WO;Anita;Koelewijn;Koelewijn_Anita;27.01.2020;0;;-36
Netherlands;NPB Padelcompetitie;WO;Wendela;Kok;Kok_Wendela;31.12.2018;7;;
Netherlands;NPB Padelcompetitie;WO;Wendela;Kok;Kok_Wendela;01.04.2019;17;10;
Netherlands;NPB Padelcompetitie;WO;Wendela;Kok;Kok_Wendela;08.04.2019;21;4;
Netherlands;NPB Padelcompetitie;WO;Wendela;Kok;Kok_Wendela;22.04.2019;25;4;
Netherlands;NPB Padelcompetitie;WO;Wendela;Kok;Kok_Wendela;20.05.2019;27;2;
Netherlands;NPB Padelcompetitie;WO;Wendela;Kok;Kok_Wendela;27.05.2019;31;4;
Netherlands;NPB Padelcompetitie;WO;Wendela;Kok;Kok_Wendela;03.06.2019;35;4;
Netherlands;NPB Padelcompetitie;WO;Wendela;Kok;Kok_Wendela;01.07.2019;28;;-7
Netherlands;NPB Padelcompetitie;WO;Wendela;Kok;Kok_Wendela;16.09.2019;34;6;
Netherlands;NPB Padelcompetitie;WO;Wendela;Kok;Kok_Wendela;23.09.2019;40;6;
Netherlands;NPB Padelcompetitie;WO;Nikki;Kolman;Kolman_Nikki;15.07.2019;24;24;
Netherlands;NPB Padelcompetitie;WO;Nikki;Kolman;Kolman_Nikki;12.08.2019;124;100;
Netherlands;NPB Padelcompetitie;WO;Nikki;Kolman;Kolman_Nikki;09.09.2019;164;40;
Netherlands;NPB Padelcompetitie;WO;Kristy;Kuik;Kuik_Kristy;19.08.2019;14;14;
Netherlands;NPB Padelcompetitie;WO;Natalia;Ldt;Ldt_Natalia;16.09.2019;2;2;
Netherlands;NPB Padelcompetitie;WO;Natalia;Ldt;Ldt_Natalia;07.10.2019;6;4;
Netherlands;NPB Padelcompetitie;WO;Natalia;Ldt;Ldt_Natalia;21.10.2019;10;4;
Netherlands;NPB Padelcompetitie;WO;Natalia;Ldt;Ldt_Natalia;28.10.2019;12;2;
Netherlands;NPB Padelcompetitie;WO;Monique;Leerentveld;Leerentveld_Monique;02.09.2019;3;3;
Netherlands;NPB Padelcompetitie;WO;Monique;Leerentveld;Leerentveld_Monique;11.11.2019;9;6;
Netherlands;NPB Padelcompetitie;WO;Nina;Louter;Louter_Nina;22.04.2019;8;8;
Netherlands;NPB Padelcompetitie;WO;Nina;Louter;Louter_Nina;27.05.2019;16;8;
Netherlands;NPB Padelcompetitie;WO;Nina;Louter;Louter_Nina;03.06.2019;24;8;
Netherlands;NPB Padelcompetitie;WO;Marian;Macco;Macco_Marian;31.12.2018;3;;
Netherlands;NPB Padelcompetitie;WO;Marian;Macco;Macco_Marian;08.04.2019;6;3;
Netherlands;NPB Padelcompetitie;WO;Marian;Macco;Macco_Marian;22.04.2019;8;2;
Netherlands;NPB Padelcompetitie;WO;Marian;Macco;Macco_Marian;13.05.2019;12;4;
Netherlands;NPB Padelcompetitie;WO;Marian;Macco;Macco_Marian;27.05.2019;15;3;
Netherlands;NPB Padelcompetitie;WO;Marian;Macco;Macco_Marian;03.06.2019;17;2;
Netherlands;NPB Padelcompetitie;WO;Marian;Macco;Macco_Marian;15.07.2019;23;6;
Netherlands;NPB Padelcompetitie;WO;Marian;Macco;Macco_Marian;19.08.2019;33;10;
Netherlands;NPB Padelcompetitie;WO;Marian;Macco;Macco_Marian;09.09.2019;47;14;
Netherlands;NPB Padelcompetitie;WO;Marian;Macco;Macco_Marian;16.09.2019;51;4;
Netherlands;NPB Padelcompetitie;WO;Marian;Macco;Macco_Marian;23.09.2019;53;2;
Netherlands;NPB Padelcompetitie;WO;Marian;Macco;Macco_Marian;30.09.2019;54;1;
Netherlands;NPB Padelcompetitie;WO;Marian;Macco;Macco_Marian;07.10.2019;58;4;
Netherlands;NPB Padelcompetitie;WO;Marian;Macco;Macco_Marian;04.11.2019;55;;-3
Netherlands;NPB Padelcompetitie;WO;Marian;Macco;Macco_Marian;11.11.2019;71;16;
Netherlands;NPB Padelcompetitie;WO;Marjorie;Maduro;Maduro_Marjorie;16.09.2019;4;4;
Netherlands;NPB Padelcompetitie;WO;Marjorie;Maduro;Maduro_Marjorie;23.09.2019;6;2;
Netherlands;NPB Padelcompetitie;WO;Marjorie;Maduro;Maduro_Marjorie;07.10.2019;8;2;
Netherlands;NPB Padelcompetitie;WO;Marjorie;Maduro;Maduro_Marjorie;14.10.2019;15;7;
Netherlands;NPB Padelcompetitie;WO;Marjorie;Maduro;Maduro_Marjorie;21.10.2019;22;7;
Netherlands;NPB Padelcompetitie;WO;Mara;Malicki;Malicki_Mara;31.12.2018;24;;
Netherlands;NPB Padelcompetitie;WO;Mara;Malicki;Malicki_Mara;22.04.2019;32;8;
Netherlands;NPB Padelcompetitie;WO;Mara;Malicki;Malicki_Mara;15.07.2019;14;;-24
Netherlands;NPB Padelcompetitie;WO;Mara;Malicki;Malicki_Mara;20.07.2019;38;6;
Netherlands;NPB Padelcompetitie;WO;Mara;Malicki;Malicki_Mara;19.08.2019;38;24;
Netherlands;NPB Padelcompetitie;WO;Mara;Malicki;Malicki_Mara;02.09.2019;52;14;
Netherlands;NPB Padelcompetitie;WO;Willy;Mars;Mars_Willy;08.04.2019;2;2;
Netherlands;NPB Padelcompetitie;WO;Willy;Mars;Mars_Willy;22.04.2019;4;2;
Netherlands;NPB Padelcompetitie;WO;Willy;Mars;Mars_Willy;16.09.2019;5;1;
Netherlands;NPB Padelcompetitie;WO;Willy;Mars;Mars_Willy;23.09.2019;7;2;
Netherlands;NPB Padelcompetitie;WO;Willy;Mars;Mars_Willy;21.10.2019;10;3;
Netherlands;NPB Padelcompetitie;WO;Willemijn;Marsma;Marsma_Willemijn;08.04.2019;6;6;
Netherlands;NPB Padelcompetitie;WO;Willemijn;Marsma;Marsma_Willemijn;22.04.2019;14;8;
Netherlands;NPB Padelcompetitie;WO;Willemijn;Marsma;Marsma_Willemijn;13.05.2019;16;2;
Netherlands;NPB Padelcompetitie;WO;Willemijn;Marsma;Marsma_Willemijn;27.05.2019;20;4;
Netherlands;NPB Padelcompetitie;WO;Carolien;Meijboom;Meijboom_Carolien;08.04.2019;2;2;
Netherlands;NPB Padelcompetitie;WO;Carolien;Meijboom;Meijboom_Carolien;13.05.2019;4;2;
Netherlands;NPB Padelcompetitie;WO;Carolien;Meijboom;Meijboom_Carolien;20.05.2019;6;2;
Netherlands;NPB Padelcompetitie;WO;Carolien;Meijboom;Meijboom_Carolien;27.05.2019;8;2;
Netherlands;NPB Padelcompetitie;WO;Carolien;Meijboom;Meijboom_Carolien;23.09.2019;10;2;
Netherlands;NPB Padelcompetitie;WO;Carolien;Meijboom;Meijboom_Carolien;07.10.2019;12;2;
Netherlands;NPB Padelcompetitie;WO;Carolien;Meijboom;Meijboom_Carolien;14.10.2019;14;2;
Netherlands;NPB Padelcompetitie;WO;Loes;Meijer;Meijer_Loes;20.05.2019;8;8;
Netherlands;NPB Padelcompetitie;WO;Loes;Meijer;Meijer_Loes;15.07.2019;22;14;
Netherlands;NPB Padelcompetitie;WO;Loes;Meijer;Meijer_Loes;09.09.2019;36;14;
Netherlands;NPB Padelcompetitie;WO;Loes;Meijer;Meijer_Loes;09.09.2019;36;14;
Netherlands;NPB Padelcompetitie;WO;Loes;Meijer;Meijer_Loes;11.11.2019;42;6;
Netherlands;NPB Padelcompetitie;WO;Jeanette;Meijers;Meijers_Jeanette;08.04.2019;4;4;
Netherlands;NPB Padelcompetitie;WO;Jeanette;Meijers;Meijers_Jeanette;15.04.2019;10;6;
Netherlands;NPB Padelcompetitie;WO;Jeanette;Meijers;Meijers_Jeanette;22.04.2019;14;4;
Netherlands;NPB Padelcompetitie;WO;Smolders;Mena;Mena_Smolders;30.12.2019;180;;
Netherlands;NPB Padelcompetitie;WO;Linda;Menkhorst;Menkhorst_Linda;12.08.2019;18;18;
Netherlands;NPB Padelcompetitie;WO;Linda;Menkhorst;Menkhorst_Linda;12.08.2019;28;10;
Netherlands;NPB Padelcompetitie;WO;Annemarein;Mol;Mol_Annemarein;31.12.2018;3;;
Netherlands;NPB Padelcompetitie;WO;Annemarein;Mol;Mol_Annemarein;08.04.2019;6;3;
Netherlands;NPB Padelcompetitie;WO;Annemarein;Mol;Mol_Annemarein;22.04.2019;8;2;
Netherlands;NPB Padelcompetitie;WO;Annemarein;Mol;Mol_Annemarein;20.05.2019;10;2;
Netherlands;NPB Padelcompetitie;WO;Annemarein;Mol;Mol_Annemarein;03.06.2019;13;3;
Netherlands;NPB Padelcompetitie;WO;Annemarein;Mol;Mol_Annemarein;02.09.2019;10;0;-3
Netherlands;NPB Padelcompetitie;WO;Annemarein;Mol;Mol_Annemarein;16.09.2019;12;2;
Netherlands;NPB Padelcompetitie;WO;Annemarein;Mol;Mol_Annemarein;14.10.2019;16;4;
Netherlands;NPB Padelcompetitie;WO;Ann;Mtz Lzo;Mtz Lzo_Ann;08.04.2019;6;6;
Netherlands;NPB Padelcompetitie;WO;Ann;Mtz Lzo;Mtz Lzo_Ann;15.04.2019;10;4;
Netherlands;NPB Padelcompetitie;WO;Ann;Mtz Lzo;Mtz Lzo_Ann;13.05.2019;12;2;
Netherlands;NPB Padelcompetitie;WO;Ann;Mtz Lzo;Mtz Lzo_Ann;20.05.2019;16;4;
Netherlands;NPB Padelcompetitie;WO;Ann;Mtz Lzo;Mtz Lzo_Ann;27.05.2019;24;8;
Netherlands;NPB Padelcompetitie;WO;Ann;Mtz Lzo;Mtz Lzo_Ann;17.06.2019;28;4;
Netherlands;NPB Padelcompetitie;WO;Susanne;Munting;Munting_Susanne;25.02.2019;36;36;
Netherlands;NPB Padelcompetitie;WO;Susanne;Munting;Munting_Susanne;08.04.2019;42;6;
Netherlands;NPB Padelcompetitie;WO;Susanne;Munting;Munting_Susanne;15.04.2019;58;16;
Netherlands;NPB Padelcompetitie;WO;Susanne;Munting;Munting_Susanne;22.04.2019;69;11;
Netherlands;NPB Padelcompetitie;WO;Susanne;Munting;Munting_Susanne;24.02.2020;33;;-36
Netherlands;NPB Padelcompetitie;WO;Caroline;Neimeijer;Neimeijer_Caroline;15.04.2019;2;2;
Netherlands;NPB Padelcompetitie;WO;Caroline;Neimeijer;Neimeijer_Caroline;22.04.2019;4;2;
Netherlands;NPB Padelcompetitie;WO;Caroline;Neimeijer;Neimeijer_Caroline;20.05.2019;6;2;
Netherlands;NPB Padelcompetitie;WO;Caroline;Neimeijer;Neimeijer_Caroline;27.05.2019;8;2;
Netherlands;NPB Padelcompetitie;WO;Caroline;Neimeijer;Neimeijer_Caroline;03.06.2019;14;6;
Netherlands;NPB Padelcompetitie;WO;Caroline;Neimeijer;Neimeijer_Caroline;02.09.2019;21;7;
Netherlands;NPB Padelcompetitie;WO;Caroline;Neimeijer;Neimeijer_Caroline;16.09.2019;27;6;
Netherlands;NPB Padelcompetitie;WO;Caroline;Neimeijer;Neimeijer_Caroline;23.09.2019;35;8;
Netherlands;NPB Padelcompetitie;WO;Caroline;Neimeijer;Neimeijer_Caroline;30.09.2019;39;4;
Netherlands;NPB Padelcompetitie;WO;Caroline;Neimeijer;Neimeijer_Caroline;14.10.2019;47;8;
Netherlands;NPB Padelcompetitie;WO;Caroline;Neimeijer;Neimeijer_Caroline;21.10.2019;51;4;
Netherlands;NPB Padelcompetitie;WO;Caroline;Neimeijer;Neimeijer_Caroline;04.11.2019;52;1;
Netherlands;NPB Padelcompetitie;WO;Tessa;Nikkelen;Nikkelen_Tessa;08.04.2019;8;8;
Netherlands;NPB Padelcompetitie;WO;Tessa;Nikkelen;Nikkelen_Tessa;27.05.2019;14;6;
Netherlands;NPB Padelcompetitie;WO;Tessa;Nikkelen;Nikkelen_Tessa;23.09.2019;20;6;
Netherlands;NPB Padelcompetitie;WO;Anne;Ooms;Ooms_Anne;16.09.2019;6;6;
Netherlands;NPB Padelcompetitie;WO;Anne;Ooms;Ooms_Anne;07.10.2019;9;3;
Netherlands;NPB Padelcompetitie;WO;Anne;Ooms;Ooms_Anne;14.10.2019;20;11;
Netherlands;NPB Padelcompetitie;WO;Anne;Ooms;Ooms_Anne;21.10.2019;26;6;
Netherlands;NPB Padelcompetitie;WO;Angela;Ottenhof;Ottenhof_Angela;02.09.2019;3;3;
Netherlands;NPB Padelcompetitie;WO;Leonie;Oudshoorn;Oudshoorn_Leonie;31.12.2018;38;;
Netherlands;NPB Padelcompetitie;WO;Leonie;Oudshoorn;Oudshoorn_Leonie;15.04.2019;46;8;
Netherlands;NPB Padelcompetitie;WO;Leonie;Oudshoorn;Oudshoorn_Leonie;13.05.2019;54;8;
Netherlands;NPB Padelcompetitie;WO;Leonie;Oudshoorn;Oudshoorn_Leonie;20.05.2019;60;6;
Netherlands;NPB Padelcompetitie;WO;Leonie;Oudshoorn;Oudshoorn_Leonie;27.05.2019;66;6;
Netherlands;NPB Padelcompetitie;WO;Leonie;Oudshoorn;Oudshoorn_Leonie;03.06.2019;74;8;
Netherlands;NPB Padelcompetitie;WO;Leonie;Oudshoorn;Oudshoorn_Leonie;15.07.2019;60;;-14
Netherlands;NPB Padelcompetitie;WO;Leonie;Oudshoorn;Oudshoorn_Leonie;22.07.2019;70;10;
Netherlands;NPB Padelcompetitie;WO;Leonie;Oudshoorn;Oudshoorn_Leonie;02.09.2019;70;24;-24
Netherlands;NPB Padelcompetitie;WO;Leonie;Oudshoorn;Oudshoorn_Leonie;23.09.2019;74;4;
Netherlands;NPB Padelcompetitie;WO;Leonie;Oudshoorn;Oudshoorn_Leonie;21.10.2019;82;8;
Netherlands;NPB Padelcompetitie;WO;Leonie;Oudshoorn;Oudshoorn_Leonie;04.11.2019;88;6;
Netherlands;NPB Padelcompetitie;WO;Birgit;Overmars;Overmars_Birgit;15.04.2019;2;2;
Netherlands;NPB Padelcompetitie;WO;Birgit;Overmars;Overmars_Birgit;22.04.2019;3;1;
Netherlands;NPB Padelcompetitie;WO;Birgit;Overmars;Overmars_Birgit;20.05.2019;5;2;
Netherlands;NPB Padelcompetitie;WO;Birgit;Overmars;Overmars_Birgit;03.06.2019;7;2;
Netherlands;NPB Padelcompetitie;WO;Victòria;Pascal;Pascal_Victòria;15.04.2019;6;6;
Netherlands;NPB Padelcompetitie;WO;Victòria;Pascal;Pascal_Victòria;13.05.2019;20;14;
Netherlands;NPB Padelcompetitie;WO;Victòria;Pascal;Pascal_Victòria;27.05.2019;24;4;
Netherlands;NPB Padelcompetitie;WO;Victòria;Pascal;Pascal_Victòria;17.06.2019;30;6;
Netherlands;NPB Padelcompetitie;WO;Victòria;Pascal;Pascal_Victòria;23.07.2019;46;16;
Netherlands;NPB Padelcompetitie;WO;Victòria;Pascal;Pascal_Victòria;16.09.2019;54;8;
Netherlands;NPB Padelcompetitie;WO;Victòria;Pascal;Pascal_Victòria;23.09.2019;62;8;
Netherlands;NPB Padelcompetitie;WO;Victòria;Pascal;Pascal_Victòria;30.09.2019;66;4;
Netherlands;NPB Padelcompetitie;WO;Victòria;Pascal;Pascal_Victòria;21.10.2019;74;8;
Netherlands;NPB Padelcompetitie;WO;Anke;Peerdeman;Peerdeman_Anke;13.05.2019;8;8;
Netherlands;NPB Padelcompetitie;WO;Yvonne;Peeters;Peeters_Yvonne;31.12.2018;120;;
Netherlands;NPB Padelcompetitie;WO;Yvonne;Peeters;Peeters_Yvonne;28.01.2019;156;36;
Netherlands;NPB Padelcompetitie;WO;Yvonne;Peeters;Peeters_Yvonne;22.04.2019;96;;-60
Netherlands;NPB Padelcompetitie;WO;Yvonne;Peeters;Peeters_Yvonne;10.06.2019;276;180;
Netherlands;NPB Padelcompetitie;WO;Yvonne;Peeters;Peeters_Yvonne;20.08.2019;216;;-60
Netherlands;NPB Padelcompetitie;WO;Yvonne;Peeters;Peeters_Yvonne;27.01.2020;180;;-36
Netherlands;NPB Padelcompetitie;WO;Lourdes;Pérez Sorroche;Pérez Sorroche_Lourdes;22.04.2019;11;11;
Netherlands;NPB Padelcompetitie;WO;Lourdes;Pérez Sorroche;Pérez Sorroche_Lourdes;16.09.2019;22;11;
Netherlands;NPB Padelcompetitie;WO;Lourdes;Pérez Sorroche;Pérez Sorroche_Lourdes;07.10.2019;30;8;
Netherlands;NPB Padelcompetitie;WO;Gabrielle;Peters-Frijns;Peters-Frijns_Gabrielle;23.09.2019;2;2;
Netherlands;NPB Padelcompetitie;WO;Gabrielle;Peters-Frijns;Peters-Frijns_Gabrielle;14.10.2019;5;3;
Netherlands;NPB Padelcompetitie;WO;Gabrielle;Peters-Frijns;Peters-Frijns_Gabrielle;28.10.2019;9;4;
Netherlands;NPB Padelcompetitie;WO;Johanna;Piek;Piek_Johanna;31.12.2018;24;;
Netherlands;NPB Padelcompetitie;WO;Johanna;Piek;Piek_Johanna;08.04.2019;28;4;
Netherlands;NPB Padelcompetitie;WO;Johanna;Piek;Piek_Johanna;15.04.2019;32;4;
Netherlands;NPB Padelcompetitie;WO;Johanna;Piek;Piek_Johanna;22.04.2019;36;4;
Netherlands;NPB Padelcompetitie;WO;Johanna;Piek;Piek_Johanna;13.05.2019;40;4;
Netherlands;NPB Padelcompetitie;WO;Johanna;Piek;Piek_Johanna;20.05.2019;44;4;
Netherlands;NPB Padelcompetitie;WO;Johanna;Piek;Piek_Johanna;25.11.2019;48;24;-24
Netherlands;NPB Padelcompetitie;WO;Johanna;Piek;Piek_Johanna;28.12.2019;48;4;
Netherlands;NPB Padelcompetitie;WO;Inês;Pinheiro;Pinheiro_Inês;22.04.2019;2;2;
Netherlands;NPB Padelcompetitie;WO;Inês;Pinheiro;Pinheiro_Inês;27.05.2019;4;2;
Netherlands;NPB Padelcompetitie;WO;Inês;Pinheiro;Pinheiro_Inês;03.06.2019;6;2;
Netherlands;NPB Padelcompetitie;WO;Inês;Pinheiro;Pinheiro_Inês;16.09.2019;10;4;
Netherlands;NPB Padelcompetitie;WO;Inês;Pinheiro;Pinheiro_Inês;30.09.2019;14;4;
Netherlands;NPB Padelcompetitie;WO;Pauke;Plochg-Kaija;Plochg-Kaija_Pauke;01.04.2019;36;36;
Netherlands;NPB Padelcompetitie;WO;Pauke;Plochg-Kaija;Plochg-Kaija_Pauke;08.04.2019;38;2;
Netherlands;NPB Padelcompetitie;WO;Pauke;Plochg-Kaija;Plochg-Kaija_Pauke;15.04.2019;42;4;
Netherlands;NPB Padelcompetitie;WO;Pauke;Plochg-Kaija;Plochg-Kaija_Pauke;22.04.2019;44;2;
Netherlands;NPB Padelcompetitie;WO;Pauke;Plochg-Kaija;Plochg-Kaija_Pauke;20.05.2019;46;2;
Netherlands;NPB Padelcompetitie;WO;Pauke;Plochg-Kaija;Plochg-Kaija_Pauke;27.05.2019;48;2;
Netherlands;NPB Padelcompetitie;WO;Pauke;Plochg-Kaija;Plochg-Kaija_Pauke;03.06.2019;52;4;
Netherlands;NPB Padelcompetitie;WO;Pauke;Plochg-Kaija;Plochg-Kaija_Pauke;15.07.2019;57;6;
Netherlands;NPB Padelcompetitie;WO;Pauke;Plochg-Kaija;Plochg-Kaija_Pauke;16.09.2019;61;4;
Netherlands;NPB Padelcompetitie;WO;Pauke;Plochg-Kaija;Plochg-Kaija_Pauke;23.09.2019;69;8;
Netherlands;NPB Padelcompetitie;WO;Pauke;Plochg-Kaija;Plochg-Kaija_Pauke;30.09.2019;75;6;
Netherlands;NPB Padelcompetitie;WO;Pauke;Plochg-Kaija;Plochg-Kaija_Pauke;07.10.2019;83;8;
Netherlands;NPB Padelcompetitie;WO;Brigitte;Pluijmers;Pluijmers_Brigitte;31.12.2018;134;;
Netherlands;NPB Padelcompetitie;WO;Brigitte;Pluijmers;Pluijmers_Brigitte;08.04.2019;150;16;
Netherlands;NPB Padelcompetitie;WO;Brigitte;Pluijmers;Pluijmers_Brigitte;27.05.2019;125;11;
Netherlands;NPB Padelcompetitie;WO;Brigitte;Pluijmers;Pluijmers_Brigitte;03.06.2019;114;;-36
Netherlands;NPB Padelcompetitie;WO;Brigitte;Pluijmers;Pluijmers_Brigitte;22.07.2019;101;;-24
Netherlands;NPB Padelcompetitie;WO;Brigitte;Pluijmers;Pluijmers_Brigitte;29.07.2019;127;40;-14
Netherlands;NPB Padelcompetitie;WO;Brigitte;Pluijmers;Pluijmers_Brigitte;12.08.2019;163;36;
Netherlands;NPB Padelcompetitie;WO;Brigitte;Pluijmers;Pluijmers_Brigitte;26.08.2019;139;;-24
Netherlands;NPB Padelcompetitie;WO;Brigitte;Pluijmers;Pluijmers_Brigitte;02.09.2019;103;;-36
Netherlands;NPB Padelcompetitie;MO;Mauke;Pool;Pool_Mauke;13.05.2019;4;4;
Netherlands;NPB Padelcompetitie;MO;Mauke;Pool;Pool_Mauke;20.05.2019;8;4;
Netherlands;NPB Padelcompetitie;WO;Marion;Post;Post_Marion;07.10.2019;6;6;
Netherlands;NPB Padelcompetitie;WO;Suzanne;Pottegieter;Pottegieter_Suzanne;22.04.2019;2;2;
Netherlands;NPB Padelcompetitie;WO;Suzanne;Pottegieter;Pottegieter_Suzanne;13.05.2019;6;4;
Netherlands;NPB Padelcompetitie;WO;Suzanne;Pottegieter;Pottegieter_Suzanne;20.05.2019;8;2;
Netherlands;NPB Padelcompetitie;WO;Suzanne;Pottegieter;Pottegieter_Suzanne;27.05.2019;10;2;
Netherlands;NPB Padelcompetitie;WO;Suzanne;Pottegieter;Pottegieter_Suzanne;12.08.2019;28;18;
Netherlands;NPB Padelcompetitie;WO;Elena;Prieto Mudarra;Prieto Mudarra_Elena;31.12.2018;14;;
Netherlands;NPB Padelcompetitie;WO;Elena;Prieto Mudarra;Prieto Mudarra_Elena;22.04.2019;0;;-14
Netherlands;NPB Padelcompetitie;WO;Elena;Prieto Mudarra;Prieto Mudarra_Elena;06.05.2019;14;14;
Netherlands;NPB Padelcompetitie;WO;Margreet;Prins;Prins_Margreet;01.04.2019;40;40;
Netherlands;NPB Padelcompetitie;WO;Margreet;Prins;Prins_Margreet;15.04.2019;46;6;
Netherlands;NPB Padelcompetitie;WO;Margreet;Prins;Prins_Margreet;20.05.2019;52;6;
Netherlands;NPB Padelcompetitie;WO;Margreet;Prins;Prins_Margreet;03.06.2019;55;3;
Netherlands;NPB Padelcompetitie;WO;Margreet;Prins;Prins_Margreet;10.06.2019;145;90;
Netherlands;NPB Padelcompetitie;WO;Margreet;Prins;Prins_Margreet;16.09.2019;151;6;
Netherlands;NPB Padelcompetitie;WO;Margreet;Prins;Prins_Margreet;23.09.2019;157;6;
Netherlands;NPB Padelcompetitie;WO;Margreet;Prins;Prins_Margreet;14.10.2019;168;11;
Netherlands;NPB Padelcompetitie;WO;Margreet;Prins;Prins_Margreet;21.10.2019;171;3;
Netherlands;NPB Padelcompetitie;WO;Margreet;Prins;Prins_Margreet;28.10.2019;179;8;
Netherlands;NPB Padelcompetitie;WO;Marjolein;Pronk;Pronk_Marjolein;15.04.2019;8;8;
Netherlands;NPB Padelcompetitie;WO;Marjolein;Pronk;Pronk_Marjolein;22.04.2019;14;6;
Netherlands;NPB Padelcompetitie;WO;Marjolein;Pronk;Pronk_Marjolein;27.05.2019;18;4;
Netherlands;NPB Padelcompetitie;WO;Marjolein;Pronk;Pronk_Marjolein;03.06.2019;26;8;
Netherlands;NPB Padelcompetitie;WO;Sheila;Rasink;Rasink_Sheila;16.09.2019;4;4;
Netherlands;NPB Padelcompetitie;WO;Fen;Rauwerdink;Rauwerdink_Fen;05.08.2019;18;18;
Netherlands;NPB Padelcompetitie;WO;Fen;Rauwerdink;Rauwerdink_Fen;02.09.2019;25;7;
Netherlands;NPB Padelcompetitie;WO;Fen;Rauwerdink;Rauwerdink_Fen;11.11.2019;65;40;
Netherlands;NPB Padelcompetitie;WO;Ane;Rebolledo;Rebolledo_Ane;31.12.2018;40;;
Netherlands;NPB Padelcompetitie;WO;Ane;Rebolledo;Rebolledo_Ane;08.04.2019;46;6;
Netherlands;NPB Padelcompetitie;WO;Ane;Rebolledo;Rebolledo_Ane;13.05.2019;52;6;
Netherlands;NPB Padelcompetitie;WO;Ane;Rebolledo;Rebolledo_Ane;27.05.2019;58;6;
Netherlands;NPB Padelcompetitie;WO;Ane;Rebolledo;Rebolledo_Ane;03.06.2019;62;4;
Netherlands;NPB Padelcompetitie;WO;Ane;Rebolledo;Rebolledo_Ane;15.07.2019;78;16;
Netherlands;NPB Padelcompetitie;WO;Ane;Rebolledo;Rebolledo_Ane;25.11.2019;38;;-40
Netherlands;NPB Padelcompetitie;WO;Anouk;Roesink;Roesink_Anouk;30.12.2019;104;;
Netherlands;NPB Padelcompetitie;WO;Angelique;Rogaar;Rogaar_Angelique;08.04.2019;3;3;
Netherlands;NPB Padelcompetitie;WO;Angelique;Rogaar;Rogaar_Angelique;15.04.2019;6;3;
Netherlands;NPB Padelcompetitie;WO;Angelique;Rogaar;Rogaar_Angelique;22.04.2019;8;2;
Netherlands;NPB Padelcompetitie;WO;Angelique;Rogaar;Rogaar_Angelique;13.05.2019;12;4;
Netherlands;NPB Padelcompetitie;WO;Angelique;Rogaar;Rogaar_Angelique;20.05.2019;16;4;
Netherlands;NPB Padelcompetitie;WO;Angelique;Rogaar;Rogaar_Angelique;03.06.2019;18;2;
Netherlands;NPB Padelcompetitie;WO;Angelique;Rogaar;Rogaar_Angelique;16.09.2019;22;4;
Netherlands;NPB Padelcompetitie;WO;Angelique;Rogaar;Rogaar_Angelique;23.09.2019;26;4;
Netherlands;NPB Padelcompetitie;WO;Angelique;Rogaar;Rogaar_Angelique;07.10.2019;30;4;
Netherlands;NPB Padelcompetitie;WO;Angelique;Rogaar;Rogaar_Angelique;14.10.2019;34;4;
Netherlands;NPB Padelcompetitie;WO;Blanca;Ruiz-Echarri;Ruiz-Echarri_Blanca;15.04.2019;4;4;
Netherlands;NPB Padelcompetitie;WO;Blanca;Ruiz-Echarri;Ruiz-Echarri_Blanca;13.05.2019;8;4;
Netherlands;NPB Padelcompetitie;WO;Blanca;Ruiz-Echarri;Ruiz-Echarri_Blanca;20.05.2019;12;12;
Netherlands;NPB Padelcompetitie;WO;Eva;Sans;Sans_Eva;20.05.2019;4;4;
Netherlands;NPB Padelcompetitie;WO;Eva;Sans;Sans_Eva;27.05.2019;12;8;
Netherlands;NPB Padelcompetitie;WO;Eva;Sans;Sans_Eva;16.09.2019;18;6;
Netherlands;NPB Padelcompetitie;WO;Eva;Sans;Sans_Eva;30.09.2019;24;6;
Netherlands;NPB Padelcompetitie;WO;Eva;Sans;Sans_Eva;07.10.2019;30;6;
Netherlands;NPB Padelcompetitie;WO;Michaela;Schigt;Schigt_Michaela;31.12.2018;4;;
Netherlands;NPB Padelcompetitie;WO;Michaela;Schigt;Schigt_Michaela;08.04.2019;7;3;
Netherlands;NPB Padelcompetitie;WO;Michaela;Schigt;Schigt_Michaela;15.04.2019;9;2;
Netherlands;NPB Padelcompetitie;WO;Michaela;Schigt;Schigt_Michaela;13.05.2019;11;2;
Netherlands;NPB Padelcompetitie;WO;Michaela;Schigt;Schigt_Michaela;20.05.2019;9;2;-4
Netherlands;NPB Padelcompetitie;WO;Michaela;Schigt;Schigt_Michaela;27.05.2019;12;3;
Netherlands;NPB Padelcompetitie;WO;Esther;Scholma;Scholma_Esther;08.04.2019;2;2;
Netherlands;NPB Padelcompetitie;WO;Esther;Scholma;Scholma_Esther;15.04.2019;4;2;
Netherlands;NPB Padelcompetitie;WO;Esther;Scholma;Scholma_Esther;22.04.2019;10;6;
Netherlands;NPB Padelcompetitie;WO;Esther;Scholma;Scholma_Esther;13.05.2019;11;1;
Netherlands;NPB Padelcompetitie;WO;Esther;Scholma;Scholma_Esther;20.05.2019;14;3;
Netherlands;NPB Padelcompetitie;WO;Esther;Scholma;Scholma_Esther;27.05.2019;22;8;
Netherlands;NPB Padelcompetitie;WO;Esther;Scholma;Scholma_Esther;03.06.2019;27;5;
Netherlands;NPB Padelcompetitie;WO;Esther;Scholma;Scholma_Esther;17.06.2019;28;1;
Netherlands;NPB Padelcompetitie;WO;Esther;Scholma;Scholma_Esther;16.09.2019;30;2;
Netherlands;NPB Padelcompetitie;WO;Esther;Scholma;Scholma_Esther;23.09.2019;32;2;
Netherlands;NPB Padelcompetitie;WO;Esther;Scholma;Scholma_Esther;30.09.2019;36;4;
Netherlands;NPB Padelcompetitie;WO;Esther;Scholma;Scholma_Esther;07.10.2019;40;4;
Netherlands;NPB Padelcompetitie;WO;Esther;Scholma;Scholma_Esther;14.10.2019;42;2;
Netherlands;NPB Padelcompetitie;WO;Gonny;Schoonhoven;Schoonhoven_Gonny;26.08.2019;12;12;
Netherlands;NPB Padelcompetitie;WO;Paula;Schreuder;Schreuder_Paula;08.04.2019;4;4;
Netherlands;NPB Padelcompetitie;WO;Paula;Schreuder;Schreuder_Paula;15.04.2019;8;4;
Netherlands;NPB Padelcompetitie;WO;Paula;Schreuder;Schreuder_Paula;22.04.2019;12;4;
Netherlands;NPB Padelcompetitie;WO;Paula;Schreuder;Schreuder_Paula;13.05.2019;16;4;
Netherlands;NPB Padelcompetitie;WO;Paula;Schreuder;Schreuder_Paula;03.06.2019;20;4;
Netherlands;NPB Padelcompetitie;WO;Elsa;Sietsma;Sietsma_Elsa;02.09.2019;7;7;
Netherlands;NPB Padelcompetitie;WO;Carly;Sieval;Sieval_Carly;12.08.2019;36;36;-18
Netherlands;NPB Padelcompetitie;WO;Puck;Smies;Smies_Puck;31.12.2018;235;;
Netherlands;NPB Padelcompetitie;WO;Puck;Smies;Smies_Puck;28.01.2019;271;36;
Netherlands;NPB Padelcompetitie;WO;Puck;Smies;Smies_Puck;22.04.2019;277;6;
Netherlands;NPB Padelcompetitie;WO;Puck;Smies;Smies_Puck;13.05.2019;287;10;
Netherlands;NPB Padelcompetitie;WO;Puck;Smies;Smies_Puck;20.05.2019;280;;-7
Netherlands;NPB Padelcompetitie;WO;Puck;Smies;Smies_Puck;27.05.2019;300;20;
Netherlands;NPB Padelcompetitie;WO;Puck;Smies;Smies_Puck;03.06.2019;282;;-18
Netherlands;NPB Padelcompetitie;WO;Puck;Smies;Smies_Puck;23.07.2019;258;;-24
Netherlands;NPB Padelcompetitie;WO;Puck;Smies;Smies_Puck;12.08.2019;174;;-84
Netherlands;NPB Padelcompetitie;WO;Puck;Smies;Smies_Puck;26.08.2019;150;;-24
Netherlands;NPB Padelcompetitie;WO;Puck;Smies;Smies_Puck;02.09.2019;132;;-18
Netherlands;NPB Padelcompetitie;WO;Puck;Smies;Smies_Puck;25.11.2019;72;;-60
Netherlands;NPB Padelcompetitie;WO;Puck;Smies;Smies_Puck;27.01.2020;36;-36;
Netherlands;NPB Padelcompetitie;WO;Kelly;Spang;Spang_Kelly;31.12.2018;7;;
Netherlands;NPB Padelcompetitie;WO;Kelly;Spang;Spang_Kelly;08.04.2019;11;4;
Netherlands;NPB Padelcompetitie;WO;Kelly;Spang;Spang_Kelly;15.04.2019;13;2;
Netherlands;NPB Padelcompetitie;WO;Kelly;Spang;Spang_Kelly;22.04.2019;16;3;
Netherlands;NPB Padelcompetitie;WO;Kelly;Spang;Spang_Kelly;27.05.2019;19;3;
Netherlands;NPB Padelcompetitie;WO;Kelly;Spang;Spang_Kelly;01.07.2019;12;;-7
Netherlands;NPB Padelcompetitie;WO;Maaike;Springorum;Springorum_Maaike;31.12.2018;14;;
Netherlands;NPB Padelcompetitie;WO;Maaike;Springorum;Springorum_Maaike;15.04.2019;18;4;
Netherlands;NPB Padelcompetitie;WO;Maaike;Springorum;Springorum_Maaike;22.04.2019;22;4;
Netherlands;NPB Padelcompetitie;WO;Maaike;Springorum;Springorum_Maaike;13.05.2019;26;4;
Netherlands;NPB Padelcompetitie;WO;Maaike;Springorum;Springorum_Maaike;20.05.2019;28;2;
Netherlands;NPB Padelcompetitie;WO;Maaike;Springorum;Springorum_Maaike;22.07.2019;34;6;
Netherlands;NPB Padelcompetitie;WO;Maaike;Springorum;Springorum_Maaike;02.09.2019;34;14;-14
Netherlands;NPB Padelcompetitie;WO;Maaike;Springorum;Springorum_Maaike;23.09.2019;38;4;
Netherlands;NPB Padelcompetitie;WO;Maaike;Springorum;Springorum_Maaike;30.09.2019;46;8;
Netherlands;NPB Padelcompetitie;WO;Maaike;Springorum;Springorum_Maaike;14.10.2019;50;4;
Netherlands;NPB Padelcompetitie;WO;Maaike;Springorum;Springorum_Maaike;21.10.2019;54;4;
Netherlands;NPB Padelcompetitie;WO;Bianca;Steentjes;Steentjes_Bianca;31.12.2018;7;;
Netherlands;NPB Padelcompetitie;WO;Bianca;Steentjes;Steentjes_Bianca;08.04.2019;10;3;
Netherlands;NPB Padelcompetitie;WO;Bianca;Steentjes;Steentjes_Bianca;15.04.2019;13;3;
Netherlands;NPB Padelcompetitie;WO;Bianca;Steentjes;Steentjes_Bianca;20.05.2019;15;2;
Netherlands;NPB Padelcompetitie;WO;Bianca;Steentjes;Steentjes_Bianca;27.05.2019;17;2;
Netherlands;NPB Padelcompetitie;WO;Bianca;Steentjes;Steentjes_Bianca;03.06.2019;21;4;
Netherlands;NPB Padelcompetitie;WO;Bianca;Steentjes;Steentjes_Bianca;02.09.2019;15;5;-7
Netherlands;NPB Padelcompetitie;WO;Bianca;Steentjes;Steentjes_Bianca;16.09.2019;17;2;
Netherlands;NPB Padelcompetitie;WO;Bianca;Steentjes;Steentjes_Bianca;30.09.2019;25;4;
Netherlands;NPB Padelcompetitie;WO;Iris;Sterkenburg;Sterkenburg_Iris;01.04.2019;60;60;
Netherlands;NPB Padelcompetitie;WO;Iris;Sterkenburg;Sterkenburg_Iris;10.06.2019;240;180;
Netherlands;NPB Padelcompetitie;WO;Carolien;Sterkman;Sterkman_Carolien;13.05.2019;8;8;
Netherlands;NPB Padelcompetitie;WO;Lieske;Stevens;Stevens_Lieske;31.12.2018;7;;
Netherlands;NPB Padelcompetitie;WO;Lieske;Stevens;Stevens_Lieske;08.04.2019;10;3;
Netherlands;NPB Padelcompetitie;WO;Lieske;Stevens;Stevens_Lieske;22.04.2019;12;2;
Netherlands;NPB Padelcompetitie;WO;Lieske;Stevens;Stevens_Lieske;13.05.2019;15;3;
Netherlands;NPB Padelcompetitie;WO;Lieske;Stevens;Stevens_Lieske;20.05.2019;10;2;-7
Netherlands;NPB Padelcompetitie;WO;Daisy;Stoelers;Stoelers_Daisy;31.12.2018;24;;
Netherlands;NPB Padelcompetitie;WO;Daisy;Stoelers;Stoelers_Daisy;08.04.2019;28;4;
Netherlands;NPB Padelcompetitie;WO;Daisy;Stoelers;Stoelers_Daisy;15.04.2019;34;6;
Netherlands;NPB Padelcompetitie;WO;Daisy;Stoelers;Stoelers_Daisy;20.05.2019;42;8;
Netherlands;NPB Padelcompetitie;WO;Daisy;Stoelers;Stoelers_Daisy;27.05.2019;46;4;
Netherlands;NPB Padelcompetitie;WO;Daisy;Stoelers;Stoelers_Daisy;03.06.2019;54;8;
Netherlands;NPB Padelcompetitie;WO;Daisy;Stoelers;Stoelers_Daisy;22.07.2019;64;10;
Netherlands;NPB Padelcompetitie;WO;Daisy;Stoelers;Stoelers_Daisy;02.09.2019;64;24;-24
Netherlands;NPB Padelcompetitie;WO;Daisy;Stoelers;Stoelers_Daisy;23.09.2019;68;2;
Netherlands;NPB Padelcompetitie;WO;Daisy;Stoelers;Stoelers_Daisy;07.10.2019;72;6;
Netherlands;NPB Padelcompetitie;WO;Daisy;Stoelers;Stoelers_Daisy;14.10.2019;80;8;
Netherlands;NPB Padelcompetitie;WO;Daisy;Stoelers;Stoelers_Daisy;21.10.2019;84;4;
Netherlands;NPB Padelcompetitie;WO;Daisy;Stoelers;Stoelers_Daisy;11.11.2019;92;8;
Netherlands;NPB Padelcompetitie;WO;Laura;Stokkel;Stokkel_Laura;31.12.2018;36;;
Netherlands;NPB Padelcompetitie;WO;Laura;Stokkel;Stokkel_Laura;15.07.2019;60;24;
Netherlands;NPB Padelcompetitie;WO;Laura;Stokkel;Stokkel_Laura;29.07.2019;84;24;
Netherlands;NPB Padelcompetitie;WO;Laura;Stokkel;Stokkel_Laura;12.08.2019;174;90;
Netherlands;NPB Padelcompetitie;WO;Laura;Stokkel;Stokkel_Laura;09.09.2019;214;40;
Netherlands;NPB Padelcompetitie;WO;Laura;Stokkel;Stokkel_Laura;25.11.2019;178;;-36
Netherlands;NPB Padelcompetitie;WO;Eva;Straatsma;Straatsma_Eva;08.04.2019;4;4;
Netherlands;NPB Padelcompetitie;WO;Eva;Straatsma;Straatsma_Eva;15.04.2019;8;4;
Netherlands;NPB Padelcompetitie;WO;Eva;Straatsma;Straatsma_Eva;22.04.2019;16;8;
Netherlands;NPB Padelcompetitie;WO;Eva;Straatsma;Straatsma_Eva;13.05.2019;20;4;
Netherlands;NPB Padelcompetitie;WO;Eva;Straatsma;Straatsma_Eva;27.05.2019;26;6;
Netherlands;NPB Padelcompetitie;WO;Edith;Ten Cate;Ten Cate_Edith;20.04.2019;18;8;
Netherlands;NPB Padelcompetitie;WO;Edith;Ten Cate;Ten Cate_Edith;22.04.2019;6;6;
Netherlands;NPB Padelcompetitie;WO;Edith;Ten Cate;Ten Cate_Edith;27.04.2019;22;4;
Netherlands;NPB Padelcompetitie;WO;Edith;Ten Cate;Ten Cate_Edith;13.05.2019;10;4;
Netherlands;NPB Padelcompetitie;WO;Edith;Ten Cate;Ten Cate_Edith;07.10.2019;28;6;
Netherlands;NPB Padelcompetitie;WO;Edith;Ten Cate;Ten Cate_Edith;11.11.2019;42;14;
Netherlands;NPB Padelcompetitie;WO;Silvia;Teselink;Teselink_Silvia;08.04.2019;4;4;
Netherlands;NPB Padelcompetitie;WO;Silvia;Teselink;Teselink_Silvia;15.04.2019;8;4;
Netherlands;NPB Padelcompetitie;WO;Silvia;Teselink;Teselink_Silvia;22.04.2019;12;4;
Netherlands;NPB Padelcompetitie;WO;Silvia;Teselink;Teselink_Silvia;13.05.2019;16;4;
Netherlands;NPB Padelcompetitie;WO;Silvia;Teselink;Teselink_Silvia;20.05.2019;20;4;
Netherlands;NPB Padelcompetitie;WO;Silvia;Teselink;Teselink_Silvia;03.06.2019;26;4;
Netherlands;NPB Padelcompetitie;WO;Mariët;Timmerhuis;Timmerhuis_Mariët;10.06.2019;7;7;
Netherlands;NPB Padelcompetitie;WO;Lenette;van Blooijs;van Blooijs_Lenette;08.04.2019;2;2;
Netherlands;NPB Padelcompetitie;WO;Lenette;van Blooijs;van Blooijs_Lenette;16.09.2019;4;2;
Netherlands;NPB Padelcompetitie;WO;Lenette;van Blooijs;van Blooijs_Lenette;23.09.2019;6;2;
Netherlands;NPB Padelcompetitie;WO;Lenette;van Blooijs;van Blooijs_Lenette;14.10.2019;8;2;
Netherlands;NPB Padelcompetitie;WO;Ingrid;van de Boel;van de Boel_Ingrid;22.07.2019;1;1;
Netherlands;NPB Padelcompetitie;WO;Ingrid;van de Boel;van de Boel_Ingrid;16.09.2019;4;3;
Netherlands;NPB Padelcompetitie;WO;Ingrid;van de Boel;van de Boel_Ingrid;23.09.2019;8;4;
Netherlands;NPB Padelcompetitie;WO;Ingrid;van de Boel;van de Boel_Ingrid;30.09.2019;14;6;
Netherlands;NPB Padelcompetitie;WO;Ingrid;van de Boel;van de Boel_Ingrid;14.10.2019;17;3;
Netherlands;NPB Padelcompetitie;WO;Ingrid;van de Boel;van de Boel_Ingrid;21.10.2019;22;5;
Netherlands;NPB Padelcompetitie;WO;Ingrid;van de Boel;van de Boel_Ingrid;04.11.2019;25;3;
Netherlands;NPB Padelcompetitie;WO;Rinke;van den Berg;van den Berg_Rinke;15.04.2019;6;6;
Netherlands;NPB Padelcompetitie;WO;Rinke;van den Berg;van den Berg_Rinke;22.04.2019;12;6;
Netherlands;NPB Padelcompetitie;WO;Rinke;van den Berg;van den Berg_Rinke;13.05.2019;23;11;
Netherlands;NPB Padelcompetitie;WO;Rinke;van den Berg;van den Berg_Rinke;20.05.2019;34;11;
Netherlands;NPB Padelcompetitie;WO;Hanka;van den Berk;van den Berk_Hanka;07.10.2019;4;4;
Netherlands;NPB Padelcompetitie;WO;Hanka;van den Berk;van den Berk_Hanka;21.10.2019;6;2;
Netherlands;NPB Padelcompetitie;WO;Petra;van den Brink;van den Brink_Petra;31.12.2018;45;;
Netherlands;NPB Padelcompetitie;WO;Petra;van den Brink;van den Brink_Petra;01.04.2019;54;16;-7
Netherlands;NPB Padelcompetitie;WO;Petra;van den Brink;van den Brink_Petra;27.05.2019;52;;-2
Netherlands;NPB Padelcompetitie;WO;Petra;van den Brink;van den Brink_Petra;03.06.2019;16;-36;
Netherlands;NPB Padelcompetitie;WO;Petra;van den Brink;van den Brink_Petra;17.06.2019;24;8;
Netherlands;NPB Padelcompetitie;WO;Petra;van den Brink;van den Brink_Petra;15.07.2019;30;6;
Netherlands;NPB Padelcompetitie;WO;Caren;van der Harst;van der Harst_Caren;31.12.2018;14;;
Netherlands;NPB Padelcompetitie;WO;Caren;van der Harst;van der Harst_Caren;08.07.2019;0;;-14
Netherlands;NPB Padelcompetitie;WO;Caren;van der Harst;van der Harst_Caren;15.07.2019;14;14;
Netherlands;NPB Padelcompetitie;WO;Caren;van der Harst;van der Harst_Caren;19.08.2019;30;16;
Netherlands;NPB Padelcompetitie;WO;Caren;van der Harst;van der Harst_Caren;07.10.2019;38;8;
Netherlands;NPB Padelcompetitie;WO;Caren;van der Harst;van der Harst_Caren;21.10.2019;44;6;
Netherlands;NPB Padelcompetitie;WO;Natalie;van der Horst;van der Horst_Natalie;31.12.2018;40;;
Netherlands;NPB Padelcompetitie;WO;Natalie;van der Horst;van der Horst_Natalie;25.02.2019;76;36;
Netherlands;NPB Padelcompetitie;WO;Natalie;van der Horst;van der Horst_Natalie;15.04.2019;82;6;
Netherlands;NPB Padelcompetitie;WO;Natalie;van der Horst;van der Horst_Natalie;22.04.2019;88;6;
Netherlands;NPB Padelcompetitie;WO;Natalie;van der Horst;van der Horst_Natalie;13.05.2019;94;6;
Netherlands;NPB Padelcompetitie;WO;Natalie;van der Horst;van der Horst_Natalie;20.05.2019;100;6;
Netherlands;NPB Padelcompetitie;WO;Natalie;van der Horst;van der Horst_Natalie;27.05.2019;103;3;
Netherlands;NPB Padelcompetitie;WO;Natalie;van der Horst;van der Horst_Natalie;15.07.2019;63;;-40
Netherlands;NPB Padelcompetitie;WO;Natalie;van der Horst;van der Horst_Natalie;14.09.2019;87;8;
Netherlands;NPB Padelcompetitie;WO;Natalie;van der Horst;van der Horst_Natalie;16.09.2019;71;8;
Netherlands;NPB Padelcompetitie;WO;Natalie;van der Horst;van der Horst_Natalie;30.09.2019;79;8;
Netherlands;NPB Padelcompetitie;WO;Natalie;van der Horst;van der Horst_Natalie;07.10.2019;98;11;
Netherlands;NPB Padelcompetitie;WO;Natalie;van der Horst;van der Horst_Natalie;24.02.2020;62;;-36
Netherlands;NPB Padelcompetitie;WO;Gea;van der Sman;van der Sman_Gea;07.01.2019;0;0;
Netherlands;NPB Padelcompetitie;WO;Foka;van der Spoel;van der Spoel_Foka;31.12.2018;24;;
Netherlands;NPB Padelcompetitie;WO;Foka;van der Spoel;van der Spoel_Foka;15.04.2019;28;4;
Netherlands;NPB Padelcompetitie;WO;Foka;van der Spoel;van der Spoel_Foka;22.04.2019;34;6;
Netherlands;NPB Padelcompetitie;WO;Foka;van der Spoel;van der Spoel_Foka;13.05.2019;38;4;
Netherlands;NPB Padelcompetitie;WO;Foka;van der Spoel;van der Spoel_Foka;27.05.2019;42;4;
Netherlands;NPB Padelcompetitie;WO;Foka;van der Spoel;van der Spoel_Foka;25.11.2019;18;;-24
Netherlands;NPB Padelcompetitie;WO;Diana;van der Wielen;van der Wielen_Diana;07.01.2019;0;0;
Netherlands;NPB Padelcompetitie;WO;Sybranda;van Es;van Es_Sybranda;30.09.2019;4;4;
Netherlands;NPB Padelcompetitie;WO;Sybranda;van Es;van Es_Sybranda;21.10.2019;8;4;
Netherlands;NPB Padelcompetitie;WO;Ivette;van Gemert;van Gemert_Ivette;31.12.2018;210;;
Netherlands;NPB Padelcompetitie;WO;Ivette;van Gemert;van Gemert_Ivette;28.01.2019;228;18;
Netherlands;NPB Padelcompetitie;WO;Ivette;van Gemert;van Gemert_Ivette;01.04.2019;242;14;
Netherlands;NPB Padelcompetitie;WO;Ivette;van Gemert;van Gemert_Ivette;08.04.2019;246;4;
Netherlands;NPB Padelcompetitie;WO;Ivette;van Gemert;van Gemert_Ivette;15.04.2019;254;8;
Netherlands;NPB Padelcompetitie;WO;Ivette;van Gemert;van Gemert_Ivette;22.04.2019;262;8;
Netherlands;NPB Padelcompetitie;WO;Ivette;van Gemert;van Gemert_Ivette;13.05.2019;238;;-24
Netherlands;NPB Padelcompetitie;WO;Ivette;van Gemert;van Gemert_Ivette;20.05.2019;222;8;-24
Netherlands;NPB Padelcompetitie;WO;Ivette;van Gemert;van Gemert_Ivette;27.05.2019;228;6;
Netherlands;NPB Padelcompetitie;WO;Ivette;van Gemert;van Gemert_Ivette;10.06.2019;268;40;
Netherlands;NPB Padelcompetitie;WO;Ivette;van Gemert;van Gemert_Ivette;15.07.2019;268;;-14
Netherlands;NPB Padelcompetitie;WO;Ivette;van Gemert;van Gemert_Ivette;22.07.2019;254;;-14
Netherlands;NPB Padelcompetitie;WO;Ivette;van Gemert;van Gemert_Ivette;29.07.2019;282;14;
Netherlands;NPB Padelcompetitie;WO;Ivette;van Gemert;van Gemert_Ivette;05.08.2019;276;36;
Netherlands;NPB Padelcompetitie;WO;Ivette;van Gemert;van Gemert_Ivette;26.08.2019;240;;-14
Netherlands;NPB Padelcompetitie;WO;Ivette;van Gemert;van Gemert_Ivette;09.09.2019;156;;-120
Netherlands;NPB Padelcompetitie;WO;Ivette;van Gemert;van Gemert_Ivette;27.01.2020;138;;-18
Netherlands;NPB Padelcompetitie;WO;Merel;van Houten;van Houten_Merel;11.11.2019;40;40;
Netherlands;NPB Padelcompetitie;WO;Esther;van Jaarsveld;van Jaarsveld_Esther;15.04.2019;6;6;
Netherlands;NPB Padelcompetitie;WO;Esther;van Jaarsveld;van Jaarsveld_Esther;06.05.2019;46;40;
Netherlands;NPB Padelcompetitie;WO;Esther;van Jaarsveld;van Jaarsveld_Esther;13.05.2019;50;4;
Netherlands;NPB Padelcompetitie;WO;Esther;van Jaarsveld;van Jaarsveld_Esther;27.05.2019;58;8;
Netherlands;NPB Padelcompetitie;WO;Esther;van Jaarsveld;van Jaarsveld_Esther;01.07.2019;74;16;
Netherlands;NPB Padelcompetitie;WO;Esther;van Jaarsveld;van Jaarsveld_Esther;22.07.2019;80;6;
Netherlands;NPB Padelcompetitie;WO;Esther;van Jaarsveld;van Jaarsveld_Esther;23.09.2019;84;4;
Netherlands;NPB Padelcompetitie;WO;Esther;van Jaarsveld;van Jaarsveld_Esther;30.09.2019;92;8;
Netherlands;NPB Padelcompetitie;WO;Christel;van Kampen;van Kampen_Christel;31.12.2018;7;;
Netherlands;NPB Padelcompetitie;WO;Christel;van Kampen;van Kampen_Christel;06.05.2019;31;24;
Netherlands;NPB Padelcompetitie;WO;Christel;van Kampen;van Kampen_Christel;01.07.2019;24;-7;
Netherlands;NPB Padelcompetitie;WO;Ina;van Lavieren;van Lavieren_Ina;31.12.2018;90;;
Netherlands;NPB Padelcompetitie;WO;Ina;van Lavieren;van Lavieren_Ina;28.01.2019;150;60;
Netherlands;NPB Padelcompetitie;WO;Ina;van Lavieren;van Lavieren_Ina;25.02.2019;186;36;
Netherlands;NPB Padelcompetitie;WO;Ina;van Lavieren;van Lavieren_Ina;01.04.2019;210;24;
Netherlands;NPB Padelcompetitie;WO;Ina;van Lavieren;van Lavieren_Ina;08.04.2019;221;11;
Netherlands;NPB Padelcompetitie;WO;Ina;van Lavieren;van Lavieren_Ina;15.04.2019;227;6;
Netherlands;NPB Padelcompetitie;WO;Ina;van Lavieren;van Lavieren_Ina;22.04.2019;233;6;
Netherlands;NPB Padelcompetitie;WO;Ina;van Lavieren;van Lavieren_Ina;13.05.2019;244;11;
Netherlands;NPB Padelcompetitie;WO;Ina;van Lavieren;van Lavieren_Ina;20.05.2019;250;6;
Netherlands;NPB Padelcompetitie;WO;Ina;van Lavieren;van Lavieren_Ina;27.05.2019;253;3;
Netherlands;NPB Padelcompetitie;WO;Ina;van Lavieren;van Lavieren_Ina;10.06.2019;343;90;
Netherlands;NPB Padelcompetitie;WO;Ina;van Lavieren;van Lavieren_Ina;15.07.2019;303;;-40
Netherlands;NPB Padelcompetitie;WO;Ina;van Lavieren;van Lavieren_Ina;29.07.2019;343;40;
Netherlands;NPB Padelcompetitie;WO;Ina;van Lavieren;van Lavieren_Ina;05.08.2019;403;60;
Netherlands;NPB Padelcompetitie;WO;Ina;van Lavieren;van Lavieren_Ina;12.08.2019;445;60;-18
Netherlands;NPB Padelcompetitie;WO;Ina;van Lavieren;van Lavieren_Ina;19.08.2019;427;;-18
Netherlands;NPB Padelcompetitie;WO;Ina;van Lavieren;van Lavieren_Ina;02.09.2019;413;;-14
Netherlands;NPB Padelcompetitie;WO;Ina;van Lavieren;van Lavieren_Ina;16.09.2019;419;6;
Netherlands;NPB Padelcompetitie;WO;Ina;van Lavieren;van Lavieren_Ina;30.09.2019;425;6;
Netherlands;NPB Padelcompetitie;WO;Ina;van Lavieren;van Lavieren_Ina;07.10.2019;441;16;
Netherlands;NPB Padelcompetitie;WO;Ina;van Lavieren;van Lavieren_Ina;27.01.2020;381;;-60
Netherlands;NPB Padelcompetitie;WO;Ina;van Lavieren;van Lavieren_Ina;24.02.2020;345;;-36
Netherlands;NPB Padelcompetitie;WO;Heidi;van Leest;van Leest_Heidi;31.12.2018;7;;
Netherlands;NPB Padelcompetitie;WO;Heidi;van Leest;van Leest_Heidi;08.04.2019;9;2;
Netherlands;NPB Padelcompetitie;WO;Heidi;van Leest;van Leest_Heidi;15.04.2019;11;2;
Netherlands;NPB Padelcompetitie;WO;Heidi;van Leest;van Leest_Heidi;22.04.2019;13;2;
Netherlands;NPB Padelcompetitie;WO;Heidi;van Leest;van Leest_Heidi;20.05.2019;15;2;
Netherlands;NPB Padelcompetitie;WO;Heidi;van Leest;van Leest_Heidi;27.05.2019;17;2;
Netherlands;NPB Padelcompetitie;WO;Heidi;van Leest;van Leest_Heidi;17.08.2019;23;6;
Netherlands;NPB Padelcompetitie;WO;Heidi;van Leest;van Leest_Heidi;02.09.2019;21;5;-7
Netherlands;NPB Padelcompetitie;WO;Heidi;van Leest;van Leest_Heidi;16.09.2019;23;2;
Netherlands;NPB Padelcompetitie;WO;Heidi;van Leest;van Leest_Heidi;29.09.2019;25;2;
Netherlands;NPB Padelcompetitie;WO;Heidi;van Leest;van Leest_Heidi;07.10.2019;27;2;
Netherlands;NPB Padelcompetitie;WO;Heidi;van Leest;van Leest_Heidi;21.10.2019;29;2;
Netherlands;NPB Padelcompetitie;WO;Melanique;van Maanen;van Maanen_Melanique;31.12.2018;14;;
Netherlands;NPB Padelcompetitie;WO;Melanique;van Maanen;van Maanen_Melanique;01.07.2019;0;;-14
Netherlands;NPB Padelcompetitie;WO;Melanique;van Maanen;van Maanen_Melanique;05.08.2019;18;18;
Netherlands;NPB Padelcompetitie;WO;Melanique;van Maanen;van Maanen_Melanique;11.11.2019;32;14;
Netherlands;NPB Padelcompetitie;WO;Annemiek;van Munster;van Munster_Annemiek;31.12.2018;14;;
Netherlands;NPB Padelcompetitie;WO;Annemiek;van Munster;van Munster_Annemiek;08.04.2019;18;4;
Netherlands;NPB Padelcompetitie;WO;Annemiek;van Munster;van Munster_Annemiek;15.04.2019;24;6;
Netherlands;NPB Padelcompetitie;WO;Annemiek;van Munster;van Munster_Annemiek;13.05.2019;30;6;
Netherlands;NPB Padelcompetitie;WO;Annemiek;van Munster;van Munster_Annemiek;20.05.2019;34;4;
Netherlands;NPB Padelcompetitie;WO;Annemiek;van Munster;van Munster_Annemiek;27.05.2019;40;6;
Netherlands;NPB Padelcompetitie;WO;Annemiek;van Munster;van Munster_Annemiek;15.07.2019;26;;-14
Netherlands;NPB Padelcompetitie;WO;Annemiek;van Munster;van Munster_Annemiek;23.09.2019;30;4;
Netherlands;NPB Padelcompetitie;WO;Gabriela;van Ooststroom;van Ooststroom_Gabriela;29.07.2019;24;24;
Netherlands;NPB Padelcompetitie;WO;Gabriela;van Ooststroom;van Ooststroom_Gabriela;12.08.2019;124;100;
Netherlands;NPB Padelcompetitie;WO;Mirjam;van Roer;van Roer_Mirjam;05.08.2019;36;36;
Netherlands;NPB Padelcompetitie;WO;Mirjam;van Roer;van Roer_Mirjam;19.08.2019;40;76;
Netherlands;NPB Padelcompetitie;WO;Lizzy;van Stein;van Stein_Lizzy;31.12.2018;7;;
Netherlands;NPB Padelcompetitie;WO;Lizzy;van Stein;van Stein_Lizzy;22.04.2019;0;;-7
Netherlands;NPB Padelcompetitie;WO;Lizzy;van Stein;van Stein_Lizzy;23.09.2019;4;4;
Netherlands;NPB Padelcompetitie;WO;Lizzy;van Stein;van Stein_Lizzy;07.10.2019;8;4;
Netherlands;NPB Padelcompetitie;WO;Lizzy;van Stein;van Stein_Lizzy;14.10.2019;13;5;
Netherlands;NPB Padelcompetitie;WO;Mylène;van 't Hart;van 't Hart_Mylène;08.04.2019;2;2;
Netherlands;NPB Padelcompetitie;WO;Mylène;van 't Hart;van 't Hart_Mylène;13.05.2019;6;4;
Netherlands;NPB Padelcompetitie;WO;Mylène;van 't Hart;van 't Hart_Mylène;20.05.2019;8;2;
Netherlands;NPB Padelcompetitie;WO;Mylène;van 't Hart;van 't Hart_Mylène;27.05.2019;10;2;
Netherlands;NPB Padelcompetitie;WO;Mylène;van 't Hart;van 't Hart_Mylène;03.06.2019;14;4;
Netherlands;NPB Padelcompetitie;WO;Mylène;van 't Hart;van 't Hart_Mylène;23.09.2019;20;6;
Netherlands;NPB Padelcompetitie;WO;Mylène;van 't Hart;van 't Hart_Mylène;30.09.2019;24;4;
Netherlands;NPB Padelcompetitie;WO;Mylène;van 't Hart;van 't Hart_Mylène;14.10.2019;32;8;
Netherlands;NPB Padelcompetitie;WO;Mylène;van 't Hart;van 't Hart_Mylène;21.10.2019;34;2;
Netherlands;NPB Padelcompetitie;WO;Ellis;van Wageningen;van Wageningen_Ellis;16.09.2019;16;4;
Netherlands;NPB Padelcompetitie;WO;Ellis;van Wageningen;van Wageningen_Ellis;23.09.2019;12;4;
Netherlands;NPB Padelcompetitie;WO;Ellis;van Wageningen;van Wageningen_Ellis;30.09.2019;8;4;
Netherlands;NPB Padelcompetitie;WO;Ellis;van Wageningen;van Wageningen_Ellis;14.10.2019;4;4;
Netherlands;NPB Padelcompetitie;WO;Vera;van Weerdt;van Weerdt_Vera;07.10.2019;4;4;
Netherlands;NPB Padelcompetitie;WO;Jacqueline;van Wijk;van Wijk_Jacqueline;30.09.2019;4;4;
Netherlands;NPB Padelcompetitie;WO;Jacqueline;van Wijk;van Wijk_Jacqueline;07.10.2019;10;6;
Netherlands;NPB Padelcompetitie;WO;Marianne;van Zanten;van Zanten_Marianne;31.12.2018;212;;
Netherlands;NPB Padelcompetitie;WO;Marianne;van Zanten;van Zanten_Marianne;13.05.2019;188;;-24
Netherlands;NPB Padelcompetitie;WO;Marianne;van Zanten;van Zanten_Marianne;10.06.2019;278;90;
Netherlands;NPB Padelcompetitie;WO;Marianne;van Zanten;van Zanten_Marianne;01.07.2019;264;;-14
Netherlands;NPB Padelcompetitie;WO;Marianne;van Zanten;van Zanten_Marianne;22.07.2019;250;;-14
Netherlands;NPB Padelcompetitie;WO;Marianne;van Zanten;van Zanten_Marianne;05.08.2019;268;18;
Netherlands;NPB Padelcompetitie;WO;Marianne;van Zanten;van Zanten_Marianne;02.09.2019;268;40;-40
Netherlands;NPB Padelcompetitie;WO;Marianne;van Zanten;van Zanten_Marianne;09.09.2019;148;;-120
Netherlands;NPB Padelcompetitie;WO;Marianne;van Zanten;van Zanten_Marianne;11.11.2019;162;14;
Netherlands;NPB Padelcompetitie;WO;Jacqueline;Veninga;Veninga_Jacqueline;08.04.2019;4;4;
Netherlands;NPB Padelcompetitie;WO;Jacqueline;Veninga;Veninga_Jacqueline;23.09.2019;8;4;
Netherlands;NPB Padelcompetitie;WO;Jacqueline;Veninga;Veninga_Jacqueline;07.10.2019;16;8;
Netherlands;NPB Padelcompetitie;WO;Sonja;Verlinden;Verlinden_Sonja;08.04.2019;4;4;
Netherlands;NPB Padelcompetitie;WO;Sonja;Verlinden;Verlinden_Sonja;15.04.2019;12;8;
Netherlands;NPB Padelcompetitie;WO;Sonja;Verlinden;Verlinden_Sonja;22.04.2019;16;4;
Netherlands;NPB Padelcompetitie;WO;Sonja;Verlinden;Verlinden_Sonja;13.05.2019;20;4;
Netherlands;NPB Padelcompetitie;WO;Sonja;Verlinden;Verlinden_Sonja;20.05.2019;24;4;
Netherlands;NPB Padelcompetitie;WO;Sonja;Verlinden;Verlinden_Sonja;27.05.2019;30;6;
Netherlands;NPB Padelcompetitie;WO;Sonja;Verlinden;Verlinden_Sonja;01.07.2019;46;16;
Netherlands;NPB Padelcompetitie;WO;Sonja;Verlinden;Verlinden_Sonja;16.09.2019;52;6;
Netherlands;NPB Padelcompetitie;WO;Sonja;Verlinden;Verlinden_Sonja;30.09.2019;58;6;
Netherlands;NPB Padelcompetitie;WO;Sonja;Verlinden;Verlinden_Sonja;14.10.2019;64;6;
Netherlands;NPB Padelcompetitie;WO;Thea;Voors;Voors_Thea;31.12.2018;378;;
Netherlands;NPB Padelcompetitie;WO;Thea;Voors;Voors_Thea;01.04.2019;414;60;-24
Netherlands;NPB Padelcompetitie;WO;Thea;Voors;Voors_Thea;13.05.2019;420;6;
Netherlands;NPB Padelcompetitie;WO;Thea;Voors;Voors_Thea;20.05.2019;436;16;
Netherlands;NPB Padelcompetitie;WO;Thea;Voors;Voors_Thea;27.05.2019;420;;-16
Netherlands;NPB Padelcompetitie;WO;Thea;Voors;Voors_Thea;10.06.2019;600;180;
Netherlands;NPB Padelcompetitie;WO;Thea;Voors;Voors_Thea;15.07.2019;560;;-40
Netherlands;NPB Padelcompetitie;WO;Thea;Voors;Voors_Thea;05.08.2019;660;100;
Netherlands;NPB Padelcompetitie;WO;Thea;Voors;Voors_Thea;12.08.2019;560;;-100
Netherlands;NPB Padelcompetitie;WO;Thea;Voors;Voors_Thea;19.08.2019;542;;-18
Netherlands;NPB Padelcompetitie;WO;Thea;Voors;Voors_Thea;09.09.2019;362;;-180
Netherlands;NPB Padelcompetitie;WO;Norma;Voos;Voos_Norma;15.04.2019;2;2;
Netherlands;NPB Padelcompetitie;WO;Norma;Voos;Voos_Norma;22.04.2019;3;1;
Netherlands;NPB Padelcompetitie;WO;Norma;Voos;Voos_Norma;03.06.2019;5;2;
Netherlands;NPB Padelcompetitie;WO;Jolanda;Wakkerman;Wakkerman_Jolanda;27.05.2019;4;4;
Netherlands;NPB Padelcompetitie;WO;Diana;Weisz;Weisz_Diana;30.09.2019;2;2;
Netherlands;NPB Padelcompetitie;WO;Diana;Weisz;Weisz_Diana;07.10.2019;4;2;
Netherlands;NPB Padelcompetitie;WO;Clem;Wildenberg;Wildenberg_Clem;08.04.2019;2;2;
Netherlands;NPB Padelcompetitie;WO;Clem;Wildenberg;Wildenberg_Clem;15.04.2019;4;2;
Netherlands;NPB Padelcompetitie;WO;Clem;Wildenberg;Wildenberg_Clem;20.05.2019;7;3;
Netherlands;NPB Padelcompetitie;WO;Clem;Wildenberg;Wildenberg_Clem;27.05.2019;8;1;
Netherlands;NPB Padelcompetitie;WO;Clem;Wildenberg;Wildenberg_Clem;03.06.2019;12;4;
Netherlands;NPB Padelcompetitie;WO;Clem;Wildenberg;Wildenberg_Clem;30.09.2019;14;2;
Netherlands;NPB Padelcompetitie;WO;Clem;Wildenberg;Wildenberg_Clem;07.10.2019;18;4;
Netherlands;NPB Padelcompetitie;WO;Manon;Wilkes;Wilkes_Manon;08.04.2019;2;2;
Netherlands;NPB Padelcompetitie;WO;Manon;Wilkes;Wilkes_Manon;15.04.2019;6;4;
Netherlands;NPB Padelcompetitie;WO;Manon;Wilkes;Wilkes_Manon;22.04.2019;10;4;
Netherlands;NPB Padelcompetitie;WO;Manon;Wilkes;Wilkes_Manon;13.05.2019;14;4;
Netherlands;NPB Padelcompetitie;WO;Manon;Wilkes;Wilkes_Manon;20.05.2019;18;4;
Netherlands;NPB Padelcompetitie;WO;Manon;Wilkes;Wilkes_Manon;03.06.2019;20;2;
Netherlands;NPB Padelcompetitie;WO;Manon;Wilkes;Wilkes_Manon;16.09.2019;26;6;
Netherlands;NPB Padelcompetitie;WO;Manon;Wilkes;Wilkes_Manon;23.09.2019;32;6;
Netherlands;NPB Padelcompetitie;WO;Manon;Wilkes;Wilkes_Manon;30.09.2019;36;4;
Netherlands;NPB Padelcompetitie;WO;Manon;Wilkes;Wilkes_Manon;07.10.2019;40;4;
Netherlands;NPB Padelcompetitie;WO;Manon;Wilkes;Wilkes_Manon;11.10.2019;46;6;
Netherlands;NPB Padelcompetitie;WO;Hester;Witvoet;Witvoet_Hester;25.02.2019;60;60;
Netherlands;NPB Padelcompetitie;WO;Hester;Witvoet;Witvoet_Hester;24.02.2020;0;;-60
Netherlands;NPB Padelcompetitie;WO;Iris;Zeilstra;Zeilstra_Iris;11.11.2019;16;16;
Netherlands;NPB Padelcompetitie;WO;Elselien;Zelle;Zelle_Elselien;20.05.2019;4;4;
Netherlands;NPB Padelcompetitie;WO;Carmen;Zijl;Zijl_Carmen;31.12.2018;3;;
Netherlands;NPB Padelcompetitie;WO;Carmen;Zijl;Zijl_Carmen;08.04.2019;5;2;
Netherlands;NPB Padelcompetitie;WO;Carmen;Zijl;Zijl_Carmen;13.05.2019;13;8;
Netherlands;NPB Padelcompetitie;WO;Carmen;Zijl;Zijl_Carmen;15.07.2019;27;14;
Netherlands;NPB Padelcompetitie;WO;Carmen;Zijl;Zijl_Carmen;16.09.2019;31;4;
Netherlands;NPB Padelcompetitie;WO;Carmen;Zijl;Zijl_Carmen;11.11.2019;37;6;
