Kick-Off German Padel Series 2017;GPS-500;MO;29/01/2017;;;PoolA;Gold;3;Antón;Francisco;Jiménez Monroy;Francisco;Gerbig;Kieron;Tödtmann;Gordon;2;6;1;6;1;;;;
Kick-Off German Padel Series 2017;GPS-500;MO;29/01/2017;;;PoolA;Gold;3;Antón;Francisco;Jiménez Monroy;Francisco;Cramer;Frank;Knoll;Axel;2;6;3;6;1;;;;
Kick-Off German Padel Series 2017;GPS-500;MO;29/01/2017;;;PoolB;Gold;2;Grambow;Ralph;Ströhl;Richard;Voigt;Paul;Schäfer;Tim;2;6;2;6;1;;;;
Kick-Off German Padel Series 2017;GPS-500;MO;29/01/2017;;;PoolC;Gold;2;Diehl;Gerhard;Drerup;Matthias;Beuren;Egbert;Neukirch;Lutz;2;6;3;6;3;;;;
Kick-Off German Padel Series 2017;GPS-500;MO;29/01/2017;;;KO8;Gold;2;Panske;Claudius;Lingen;Daniel;Deters;Jannik;Bott;Frederick;2;6;0;6;0;;;;
Kick-Off German Padel Series 2017;GPS-500;MO;29/01/2017;;;KO8;Gold;2;Kopkau;Andreas;Carvalho;Nuno;Ahrens;Jasper;Goerke;Christoph;2;6;3;6;3;;;;
Kick-Off German Padel Series 2017;GPS-500;MO;29/01/2017;;;KO8;Gold;2;Antón;Francisco;Jiménez Monroy;Francisco;Knippschild;Jens;Nowicki;Mischa;2;0;6;0;6;;;;
Kick-Off German Padel Series 2017;GPS-500;MO;29/01/2017;;;KO8;Gold;2;Knobloch;Sebastian;Thavisin;Ben;Böhnke;Christian;Schmidt;Fabian;2;1;6;1;6;;;;
Kick-Off German Padel Series 2017;GPS-500;MO;29/01/2017;;;KO8;Gold;2;Greif;Torsten;Nowicki;Darek;Zeitvogel;Tim;Eckert;Marvin;2;6;1;6;1;;;;
Kick-Off German Padel Series 2017;GPS-500;MO;29/01/2017;;;KO8;Gold;2;Gutiérrez Soria;Ignacio;Schaafstall;Benjamin;Samuelsen;Lennart;Mann;Yannik;2;4;6;4;6;;;;
Kick-Off German Padel Series 2017;GPS-500;MO;29/01/2017;;;KO8;Gold;2;Diehl;Gerhard;Drerup;Matthias;Wald;Christian;Rose;Mike;2;1;6;0;6;;;;
Kick-Off German Padel Series 2017;GPS-500;MO;29/01/2017;;;KO8;Gold;2;Ströhl;Richard;Grambow;Ralph;Bruijsten;Peter;Meijer;Bram;2;1;6;4;6;;;;
Kick-Off German Padel Series 2017;GPS-500;MO;29/01/2017;;;KO4;Gold;2;Panske;Claudius;Lingen;Daniel;Kopkau;Andreas;Carvalho;Nuno;2;6;0;6;3;;;;
Kick-Off German Padel Series 2017;GPS-500;MO;29/01/2017;;;KO4;Gold;2;Knippschild;Jens;Nowicki;Mischa;Böhnke;Christian;Schmidt;Fabian;2;4;6;2;6;;;;
Kick-Off German Padel Series 2017;GPS-500;MO;29/01/2017;;;KO4;Gold;2;Greif;Torsten;Nowicki;Darek;Samuelsen;Lennart;Mann;Yannik;2;6;1;6;2;;;;
Kick-Off German Padel Series 2017;GPS-500;MO;29/01/2017;;;KO4;Gold;2;Wald;Christian;Rose;Mike;Bruijsten;Peter;Meijer;Bram;2;6;4;1;6;7;10;;
Kick-Off German Padel Series 2017;GPS-500;MO;29/01/2017;;;KO2;Gold;2;Panske;Claudius;Lingen;Daniel;Böhnke;Christian;Schmidt;Fabian;2;6;3;6;2;;;;
Kick-Off German Padel Series 2017;GPS-500;MO;29/01/2017;;;KO2;Gold;2;Greif;Torsten;Nowicki;Darek;Bruijsten;Peter;Meijer;Bram;2;2;6;6;4;5;7;;
Kick-Off German Padel Series 2017;GPS-500;MO;29/01/2017;;;KO1;Gold;2;Panske;Claudius;Lingen;Daniel;Bruijsten;Peter;Meijer;Bram;2;4;6;7;6;1;6;;
Kick-Off German Padel Series 2017;GPS-500;MO;29/01/2017;;;KO8;Silver;2;Deters;Jannik;Bott;Frederick;Ahrens;Jasper;Goerke;Christoph;2;6;7;6;4;10;7;;
Kick-Off German Padel Series 2017;GPS-500;MO;29/01/2017;;;KO8;Silver;2;Antón;Francisco;Jiménez Monroy;Francisco;Knobloch;Sebastian;Thavisin;Ben;2;6;7;6;4;10;8;;
Kick-Off German Padel Series 2017;GPS-500;MO;29/01/2017;;;KO8;Silver;2;Zeitvogel;Tim;Eckert;Marvin;Gutiérrez Soria;Ignacio;Schaafstall;Benjamin;2;6;2;6;3;;;;
Kick-Off German Padel Series 2017;GPS-500;MO;29/01/2017;;;KO8;Silver;2;Diehl;Gerhard;Drerup;Matthias;Ströhl;Richard;Grambow;Ralph;2;2;6;0;6;;;;
Kick-Off German Padel Series 2017;GPS-500;MO;29/01/2017;;;KO8;Silver;2;Kopkau;Andreas;Carvalho;Nuno;Bye;Bye;Bye;Bye;2;6;0;6;0;;;;
Kick-Off German Padel Series 2017;GPS-500;MO;29/01/2017;;;KO8;Silver;2;Bye;Bye;Bye;Bye;Knippschild;Jens;Nowicki;Mischa;2;0;6;0;6;;;;
Kick-Off German Padel Series 2017;GPS-500;MO;29/01/2017;;;KO8;Silver;2;Samuelsen;Lennart;Mann;Yannik;Bye;Bye;Bye;Bye;2;6;0;6;0;;;;
Kick-Off German Padel Series 2017;GPS-500;MO;29/01/2017;;;KO8;Silver;2;Bye;Bye;Bye;Bye;Wald;Christian;Rose;Mike;2;0;6;0;6;;;;
Kick-Off German Padel Series 2017;GPS-500;MO;29/01/2017;;;KO4;Silver;2;Deters;Jannik;Bott;Frederick;Antón;Francisco;Jiménez Monroy;Francisco;2;6;0;6;0;;;;
Kick-Off German Padel Series 2017;GPS-500;MO;29/01/2017;;;KO4;Silver;2;Zeitvogel;Tim;Eckert;Marvin;Ströhl;Richard;Grambow;Ralph;2;6;0;6;0;;;;
Kick-Off German Padel Series 2017;GPS-500;MO;29/01/2017;;;KO4;Silver;2;Kopkau;Andreas;Carvalho;Nuno;Knippschild;Jens;Nowicki;Mischa;2;6;0;6;0;;;;
Kick-Off German Padel Series 2017;GPS-500;MO;29/01/2017;;;KO4;Silver;2;Samuelsen;Lennart;Mann;Yannik;Wald;Christian;Rose;Mike;2;6;0;6;0;;;;
Kick-Off German Padel Series 2017;GPS-500;MO;29/01/2017;;;KO2;Silver;2;Deters;Jannik;Bott;Frederick;Zeitvogel;Tim;Eckert;Marvin;2;4;6;3;6;;;;
Kick-Off German Padel Series 2017;GPS-500;MO;29/01/2017;;;KO2;Silver;2;Kopkau;Andreas;Carvalho;Nuno;Samuelsen;Lennart;Mann;Yannik;2;0;6;3;6;;;;
Kick-Off German Padel Series 2017;GPS-500;MO;29/01/2017;;;POS3;Silver;2;Deters;Jannik;Bott;Frederick;Kopkau;Andreas;Carvalho;Nuno;2;1;6;6;0;7;11;;
Kick-Off German Padel Series 2017;GPS-500;MO;29/01/2017;;;KO1;Silver;2;Zeitvogel;Tim;Eckert;Marvin;Samuelsen;Lennart;Mann;Yannik;2;7;5;6;7;6;3;;
Kick-Off German Padel Series 2017 - Damen;GPS-WOMEN;WO;29/01/2017;;;PoolA;Gold;3;Pietzko;Julia;Scholten;Corina;Luizelli;Bequi;Sánchez Navarro;María;2;6;0;6;1;;;;
Kick-Off German Padel Series 2017 - Damen;GPS-WOMEN;WO;29/01/2017;;;PoolA;Gold;3;Hellmich;Anna;Philippen;Meike;Luizelli;Bequi;Sánchez Navarro;María;2;3;6;1;6;;;;
Kick-Off German Padel Series 2017 - Damen;GPS-WOMEN;WO;29/01/2017;;;PoolA;Gold;3;Pietzko;Julia;Scholten;Corina;Hellmich;Anna;Philippen;Meike;2;6;0;6;0;;;;
Kick-Off German Padel Series 2017 - Damen;GPS-WOMEN;WO;29/01/2017;;;PoolB;Gold;3;Nothoff;Nicola;Peeters;Yvonne;Meier;Jana;Thurm;Saskia;2;6;2;6;1;;;;
Kick-Off German Padel Series 2017 - Damen;GPS-WOMEN;WO;29/01/2017;;;PoolB;Gold;3;Langerbein;Caroline;Petersen;Maike;Meier;Jana;Thurm;Saskia;2;6;2;6;1;;;;
Kick-Off German Padel Series 2017 - Damen;GPS-WOMEN;WO;29/01/2017;;;PoolB;Gold;3;Nothoff;Nicola;Peeters;Yvonne;Langerbein;Caroline;Petersen;Maike;2;4;6;6;7;;;;
Kick-Off German Padel Series 2017 - Damen;GPS-WOMEN;WO;29/01/2017;;;KO1;Gold;2;Pietzko;Julia;Scholten;Corina;Langerbein;Caroline;Petersen;Maike;2;6;2;6;2;;;;
Kick-Off German Padel Series 2017 - Damen;GPS-WOMEN;WO;29/01/2017;;;POS3;Gold;2;Luizelli;Bequi;Sánchez Navarro;María;Nothoff;Nicola;Peeters;Yvonne;2;1;6;0;6;;;;
Kick-Off German Padel Series 2017 - Damen;GPS-WOMEN;WO;29/01/2017;;;POS5;Gold;2;Hellmich;Anna;Philippen;Meike;Meier;Jana;Thurm;Saskia;2;6;4;2;6;5;7;;
FIP 100 III Berlin Padel Open;GPS-1200;MO;07/05/2017;;;KO8;Gold;2;Maarsen;Uriël;Verhagen;Miquel;Bye;Bye;Bye;Bye;2;6;0;6;0;;;;
FIP 100 III Berlin Padel Open;GPS-1200;MO;07/05/2017;;;KO8;Gold;2;Thiele;Benjamin;Schneider;Robert;Diehl;Gerhard;Kölling;Tim;2;2;6;2;6;;;;
FIP 100 III Berlin Padel Open;GPS-1200;MO;07/05/2017;;;KO8;Gold;2;Hillbricht;Alexander;Ahrens;Jasper;Vian Reyes;David;Lewen;Stephan;2;7;5;6;4;;;;
FIP 100 III Berlin Padel Open;GPS-1200;MO;07/05/2017;;;KO8;Gold;2;Bye;Bye;Bye;Bye;Meléndez Núñez;Gabriel;González Teruel;Roberto;2;0;6;0;6;;;;
FIP 100 III Berlin Padel Open;GPS-1200;MO;07/05/2017;;;KO8;Gold;2;Reissig;Sven;Sosna;Klaus;Barragana;Mateus;Pieterse;Christiaan;2;0;6;0;6;;;;
FIP 100 III Berlin Padel Open;GPS-1200;MO;07/05/2017;;;KO8;Gold;2;Schmidt;Stefan;Plehm;Michael;Menéndez Alonso;Jonathan;Witt;Alejandro;2;6;2;6;2;;;;
FIP 100 III Berlin Padel Open;GPS-1200;MO;07/05/2017;;;KO8;Gold;2;Heininger;Nils;Sell;Christopher;Ravelo;Jaime;Hevroni;Amit;2;6;2;6;1;;;;
FIP 100 III Berlin Padel Open;GPS-1200;MO;07/05/2017;;;KO8;Gold;2;Bye;Bye;Bye;Bye;González Serrano;Francisco;Quesada Hernández;Juan Fernando;2;0;6;0;6;;;;
FIP 100 III Berlin Padel Open;GPS-1200;MO;07/05/2017;;;KO4;Gold;2;Maarsen;Uriël;Verhagen;Miquel;Diehl;Gerhard;Kölling;Tim;2;6;1;6;0;;;;
FIP 100 III Berlin Padel Open;GPS-1200;MO;07/05/2017;;;KO4;Gold;2;Hillbricht;Alexander;Ahrens;Jasper;Meléndez Núñez;Gabriel;González Teruel;Roberto;2;6;3;7;5;;;;
FIP 100 III Berlin Padel Open;GPS-1200;MO;07/05/2017;;;KO4;Gold;2;Barragana;Mateus;Pieterse;Christiaan;Schmidt;Stefan;Plehm;Michael;2;6;3;6;0;;;;
FIP 100 III Berlin Padel Open;GPS-1200;MO;07/05/2017;;;KO4;Gold;2;Heininger;Nils;Sell;Christopher;González Serrano;Francisco;Quesada Hernández;Juan Fernando;2;6;4;6;2;;;;
FIP 100 III Berlin Padel Open;GPS-1200;MO;07/05/2017;;;KO2;Gold;2;Maarsen;Uriël;Verhagen;Miquel;Hillbricht;Alexander;Ahrens;Jasper;2;6;0;6;0;;;;
FIP 100 III Berlin Padel Open;GPS-1200;MO;07/05/2017;;;KO2;Gold;2;Barragana;Mateus;Pieterse;Christiaan;Heininger;Nils;Sell;Christopher;2;6;3;7;5;;;;
FIP 100 III Berlin Padel Open;GPS-1200;MO;07/05/2017;;;KO1;Gold;2;Maarsen;Uriël;Verhagen;Miquel;Barragana;Mateus;Pieterse;Christiaan;2;6;3;6;0;;;;
FIP 100 III Berlin Padel Open;GPS-1200;MO;07/05/2017;;;KO2;Silver;2;González Serrano;Francisco;Quesada Hernández;Juan Fernando;Reissig;Sven;Sosna;Klaus;2;6;0;6;0;;;;
FIP 100 III Berlin Padel Open;GPS-1200;MO;07/05/2017;;;KO2;Silver;2;Meléndez Núñez;Gabriel;González Teruel;Roberto;Diehl;Gerhard;Kölling;Tim;2;6;3;6;3;;;;
FIP 100 III Berlin Padel Open;GPS-1200;MO;07/05/2017;;;KO1;Silver;2;González Serrano;Francisco;Quesada Hernández;Juan Fernando;Meléndez Núñez;Gabriel;González Teruel;Roberto;2;6;3;2;6;6;4;;
I Weyher Lokales Turnier 2017 Kat. B;GPS-100;MO;10/06/2017;;;PoolA;Gold;3;Möller;Stefan;Mechau;Wolfgang;Kraßmann;Jan;Cavero Pintado;David;2;2;6;2;6;;;;
I Weyher Lokales Turnier 2017 Kat. B;GPS-100;MO;10/06/2017;;;PoolA;Gold;3;Möller;Stefan;Mechau;Wolfgang;Förster;Rainer;Bednarz;Christoph;2;1;6;3;6;;;;
I Weyher Lokales Turnier 2017 Kat. B;GPS-100;MO;10/06/2017;;;PoolA;Gold;3;Kraßmann;Jan;Cavero Pintado;David;Förster;Rainer;Bednarz;Christoph;2;4;6;7;6;1;0;;
I Weyher Lokales Turnier 2017 Kat. B;GPS-100;MO;10/06/2017;;;PoolB;Gold;3;Schwarz;Alexander;Brokoriow;Danny;Trinks;Harald;Meier-Klages;Michael;2;6;1;6;3;;;;
I Weyher Lokales Turnier 2017 Kat. B;GPS-100;MO;10/06/2017;;;PoolB;Gold;3;Schwarz;Alexander;Brokoriow;Danny;Lührsen;Frank;Lüllmann;Torsten;2;6;3;6;3;;;;
I Weyher Lokales Turnier 2017 Kat. B;GPS-100;MO;10/06/2017;;;PoolB;Gold;3;Trinks;Harald;Meier-Klages;Michael;Lührsen;Frank;Lüllmann;Torsten;2;3;6;3;6;;;;
I Weyher Lokales Turnier 2017 Kat. B;GPS-100;MO;10/06/2017;;;KO1;Gold;2;Kraßmann;Jan;Cavero Pintado;David;Schwarz;Alexander;Laube;Denny;2;3;6;6;2;1;0;;
I Weyher Lokales Turnier 2017 Kat. B;GPS-100;MO;10/06/2017;;;POS3;Gold;2;Förster;Rainer;Bednarz;Christoph;Lührsen;Frank;Lüllmann;Torsten;2;6;0;6;0;;;;
I Weyher Lokales Turnier 2017 Kat. B;GPS-100;MO;10/06/2017;;;POS5;Gold;2;Möller;Stefan;Mechau;Wolfgang;Trinks;Harald;Meier-Klages;Michael;2;6;3;6;7;0;1;;
I Weyher Lokales Turnier 2017 Kat. A;GPS-100;MO;10/06/2017;;;PoolA;Gold;4;Bosselmann;Lars;Samuelsen;Lennart;Daum;Malte;Jürgens;Yessa;2;6;1;6;0;;;;
I Weyher Lokales Turnier 2017 Kat. A;GPS-100;MO;10/06/2017;;;PoolA;Gold;4;Herbert;Justus;Steinebach;David;Ernsting;David;Enz;Franz;2;2;6;4;6;;;;
I Weyher Lokales Turnier 2017 Kat. A;GPS-100;MO;10/06/2017;;;PoolA;Gold;4;Daum;Malte;Jürgens;Yessa;Herbert;Justus;Steinebach;David;2;1;6;1;6;;;;
I Weyher Lokales Turnier 2017 Kat. A;GPS-100;MO;10/06/2017;;;PoolA;Gold;4;Bosselmann;Lars;Samuelsen;Lennart;Ernsting;David;Enz;Franz;2;6;2;6;2;;;;
I Weyher Lokales Turnier 2017 Kat. A;GPS-100;MO;10/06/2017;;;PoolA;Gold;4;Bosselmann;Lars;Samuelsen;Lennart;Herbert;Justus;Steinebach;David;2;3;6;2;6;;;;
I Weyher Lokales Turnier 2017 Kat. A;GPS-100;MO;10/06/2017;;;PoolA;Gold;4;Daum;Malte;Jürgens;Yessa;Ernsting;David;Enz;Franz;2;6;3;6;2;;;;
Hamburger Open 2017;GPS-1000;MO;18/06/2017;;;PoolA;Gold;4;Gutiérrez Soria;Ignacio;Deters;Jannik;Korff;Niklas;Paul;Winfried;2;6;3;6;1;;;;
Hamburger Open 2017;GPS-1000;MO;18/06/2017;;;PoolA;Gold;4;Schottmayer;Anton;Hemp;Robin;Plehm;Michael;Bednarz;Christoph;2;4;6;6;3;4;6;;
Hamburger Open 2017;GPS-1000;MO;18/06/2017;;;PoolA;Gold;4;Gutiérrez Soria;Ignacio;Deters;Jannik;Plehm;Michael;Bednarz;Christoph;2;6;0;6;2;;;;
Hamburger Open 2017;GPS-1000;MO;18/06/2017;;;PoolA;Gold;4;Schottmayer;Anton;Hemp;Robin;Korff;Niklas;Paul;Winfried;2;6;7;4;6;;;;
Hamburger Open 2017;GPS-1000;MO;18/06/2017;;;PoolA;Gold;4;Gutiérrez Soria;Ignacio;Deters;Jannik;Schottmayer;Anton;Hemp;Robin;2;6;0;6;1;;;;
Hamburger Open 2017;GPS-1000;MO;18/06/2017;;;PoolA;Gold;4;Korff;Niklas;Paul;Winfried;Plehm;Michael;Bednarz;Christoph;2;6;2;6;3;;;;
Hamburger Open 2017;GPS-1000;MO;18/06/2017;;;PoolB;Gold;4;Christesen;Malte;Bettink;Anton;González Teruel;Roberto;Meléndez Núñez;Gabriel;2;6;2;6;0;;;;
Hamburger Open 2017;GPS-1000;MO;18/06/2017;;;PoolB;Gold;4;Bosselmann;Lars;Wiessner;Christian;Bott;Frederick;Schaafstall;Benjamin;2;6;2;7;5;;;;
Hamburger Open 2017;GPS-1000;MO;18/06/2017;;;PoolB;Gold;4;Bosselmann;Lars;Wiessner;Christian;González Teruel;Roberto;Meléndez Núñez;Gabriel;2;6;2;6;0;;;;
Hamburger Open 2017;GPS-1000;MO;18/06/2017;;;PoolB;Gold;4;Christesen;Malte;Bettink;Anton;Bott;Frederick;Schaafstall;Benjamin;2;6;7;7;6;6;3;;
Hamburger Open 2017;GPS-1000;MO;18/06/2017;;;PoolB;Gold;4;Bosselmann;Lars;Wiessner;Christian;Christesen;Malte;Bettink;Anton;2;6;1;3;6;7;6;;
Hamburger Open 2017;GPS-1000;MO;18/06/2017;;;PoolB;Gold;4;Bott;Frederick;Schaafstall;Benjamin;González Teruel;Roberto;Meléndez Núñez;Gabriel;2;6;0;6;0;;;;
Hamburger Open 2017;GPS-1000;MO;18/06/2017;;;PoolC;Gold;3;González Serrano;Francisco;Ahrens;Jasper;Holzmüller;André;Wrage;Christian;2;4;6;6;1;6;3;;
Hamburger Open 2017;GPS-1000;MO;18/06/2017;;;PoolC;Gold;3;Holzmüller;André;Wrage;Christian;Sánchez;Diego;von Ass;Markus;2;6;1;6;4;;;;
Hamburger Open 2017;GPS-1000;MO;18/06/2017;;;PoolC;Gold;3;González Serrano;Francisco;Ahrens;Jasper;Sánchez;Diego;von Ass;Markus;2;6;0;6;1;;;;
Hamburger Open 2017;GPS-1000;MO;18/06/2017;;;KO4;Gold;2;Gutiérrez Soria;Ignacio;Deters;Jannik;Bye;Bye;Bye;Bye;2;6;0;6;0;;;;
Hamburger Open 2017;GPS-1000;MO;18/06/2017;;;KO4;Gold;2;González Serrano;Francisco;Ahrens;Jasper;Christesen;Malte;Bettink;Anton;2;2;6;2;6;;;;
Hamburger Open 2017;GPS-1000;MO;18/06/2017;;;KO4;Gold;2;Korff;Niklas;Paul;Winfried;Holzmüller;André;Wrage;Christian;2;2;6;2;6;;;;
Hamburger Open 2017;GPS-1000;MO;18/06/2017;;;KO4;Gold;2;Bye;Bye;Bye;Bye;Bosselmann;Lars;Wiessner;Christian;2;0;6;0;6;;;;
Hamburger Open 2017;GPS-1000;MO;18/06/2017;;;KO2;Gold;2;Gutiérrez Soria;Ignacio;Deters;Jannik;Christesen;Malte;Bettink;Anton;2;6;4;3;6;1;6;;
Hamburger Open 2017;GPS-1000;MO;18/06/2017;;;KO2;Gold;2;Holzmüller;André;Wrage;Christian;Bosselmann;Lars;Wiessner;Christian;2;1;6;1;6;;;;
Hamburger Open 2017;GPS-1000;MO;18/06/2017;;;POS3;Gold;2;Holzmüller;André;Wrage;Christian;Gutiérrez Soria;Ignacio;Deters;Jannik;2;1;6;1;6;;;;
Hamburger Open 2017;GPS-1000;MO;18/06/2017;;;KO1;Gold;2;Christesen;Malte;Bettink;Anton;Bosselmann;Lars;Wiessner;Christian;2;4;6;1;6;;;;
IV Münchener Frühlingsturnier 2017 - Herren;GPS-500;MO;25/06/2017;;;PoolA;Gold;3;Vogt;Christofer;Zang;Timo;Pamias Prohias;Maurici;Navarro Gallardo;Moisés;2;9;0;;;;;;
IV Münchener Frühlingsturnier 2017 - Herren;GPS-500;MO;25/06/2017;;;PoolA;Gold;3;Izcue Elizalde;Javier;Gutiérrez Soria;Ignacio;Vogt;Christofer;Zang;Timo;2;6;9;;;;;;
IV Münchener Frühlingsturnier 2017 - Herren;GPS-500;MO;25/06/2017;;;PoolA;Gold;3;Izcue Elizalde;Javier;Gutiérrez Soria;Ignacio;Pamias Prohias;Maurici;Navarro Gallardo;Moisés;2;9;2;;;;;;
IV Münchener Frühlingsturnier 2017 - Herren;GPS-500;MO;25/06/2017;;;PoolB;Gold;3;Ladrón de Guevara López-Sáez;Álvaro;Valiente;Ariel;Garmendia;Ion;Portas;Jaime;2;9;4;;;;;;
IV Münchener Frühlingsturnier 2017 - Herren;GPS-500;MO;25/06/2017;;;PoolB;Gold;3;Alonso;Álvaro;Villar;Jacobo;Garmendia;Ion;Portas;Jaime;2;8;9;;;;;;
IV Münchener Frühlingsturnier 2017 - Herren;GPS-500;MO;25/06/2017;;;PoolB;Gold;3;Ladrón de Guevara López-Sáez;Álvaro;Valiente;Ariel;Alonso;Álvaro;Villar;Jacobo;2;9;2;;;;;;
IV Münchener Frühlingsturnier 2017 - Herren;GPS-500;MO;25/06/2017;;;PoolC;Gold;3;Schlösser;Philipp;Mateu;Miguel;Albors;Jordi;Palou;Pere;2;9;0;;;;;;
IV Münchener Frühlingsturnier 2017 - Herren;GPS-500;MO;25/06/2017;;;PoolC;Gold;3;Schlösser;Philipp;Mateu;Miguel;Garrido;Daniel;Fernández;Leonardo;2;9;1;;;;;;
IV Münchener Frühlingsturnier 2017 - Herren;GPS-500;MO;25/06/2017;;;PoolC;Gold;3;Albors;Jordi;Palou;Pere;Garrido;Daniel;Fernández;Leonardo;2;9;4;;;;;;
IV Münchener Frühlingsturnier 2017 - Herren;GPS-500;MO;25/06/2017;;;PoolD;Gold;3;San Frutos Posadas;Isaac;González Serrano;Francisco;Pérez;Pau;Pons;Albert;2;9;0;;;;;;
IV Münchener Frühlingsturnier 2017 - Herren;GPS-500;MO;25/06/2017;;;PoolD;Gold;3;San Frutos Posadas;Isaac;González Serrano;Francisco;Cramer;Frank;Martínez Montiel;Jerónimo;2;9;3;;;;;;
IV Münchener Frühlingsturnier 2017 - Herren;GPS-500;MO;25/06/2017;;;PoolD;Gold;3;Cramer;Frank;Martínez Montiel;Jerónimo;Pérez;Pau;Pons;Albert;2;9;0;;;;;;
IV Münchener Frühlingsturnier 2017 - Herren;GPS-500;MO;25/06/2017;;;KO4;Gold;2;Vogt;Christofer;Zang;Timo;Garmendia;Ion;Portas;Jaime;2;9;0;;;;;;
IV Münchener Frühlingsturnier 2017 - Herren;GPS-500;MO;25/06/2017;;;KO4;Gold;2;Schlösser;Philipp;Mateu;Miguel;Cramer;Frank;Martínez Montiel;Jerónimo;2;9;2;;;;;;
IV Münchener Frühlingsturnier 2017 - Herren;GPS-500;MO;25/06/2017;;;KO4;Gold;2;Ladrón de Guevara López-Sáez;Álvaro;Valiente;Ariel;Izcue Elizalde;Javier;Gutiérrez Soria;Ignacio;2;3;9;;;;;;
IV Münchener Frühlingsturnier 2017 - Herren;GPS-500;MO;25/06/2017;;;KO4;Gold;2;San Frutos Posadas;Isaac;González Serrano;Francisco;Albors;Jordi;Palou;Pere;1;9;0;;;;;;
IV Münchener Frühlingsturnier 2017 - Herren;GPS-500;MO;25/06/2017;;;KO2;Gold;2;Vogt;Christofer;Zang;Timo;Schlösser;Philipp;Mateu;Miguel;2;3;6;4;6;;;;
IV Münchener Frühlingsturnier 2017 - Herren;GPS-500;MO;25/06/2017;;;KO2;Gold;2;Izcue Elizalde;Javier;Gutiérrez Soria;Ignacio;San Frutos Posadas;Isaac;González Serrano;Francisco;2;6;1;6;2;;;;
IV Münchener Frühlingsturnier 2017 - Herren;GPS-500;MO;25/06/2017;;;KO1;Gold;2;Schlösser;Philipp;Mateu;Miguel;Izcue Elizalde;Javier;Gutiérrez Soria;Ignacio;2;6;4;6;3;;;;
IV Münchener Frühlingsturnier 2017 - Damen;GPS-WOMEN;WO;25/06/2017;;;PoolA;Gold;3;Horcajada;Laura;Ferrés Rubau;Patricia;Estañol;Inmaculada;Ramos;Cruz;2;9;0;;;;;;
IV Münchener Frühlingsturnier 2017 - Damen;GPS-WOMEN;WO;25/06/2017;;;PoolA;Gold;3;Horcajada;Laura;Ferrés Rubau;Patricia;Álvarez;Marta;Librero Estébanez;María Isabel;2;7;9;;;;;;
IV Münchener Frühlingsturnier 2017 - Damen;GPS-WOMEN;WO;25/06/2017;;;PoolA;Gold;3;Álvarez;Marta;Librero Estébanez;María Isabel;Estañol;Inmaculada;Ramos;Cruz;2;9;0;;;;;;
IV Münchener Frühlingsturnier 2017 - Damen;GPS-WOMEN;WO;25/06/2017;;;PoolB;Gold;2;Pastor Olivares;Ana;Millán Gutiérrez;Lidia;Bauditz;Franziska;Vermee;Dirka;2;9;2;;;;;;
IV Münchener Frühlingsturnier 2017 - Damen;GPS-WOMEN;WO;25/06/2017;;;KO2;Gold;2;Álvarez;Marta;Librero Estébanez;María Isabel;Bauditz;Franziska;Vermee;Dirka;2;9;2;;;;;;
IV Münchener Frühlingsturnier 2017 - Damen;GPS-WOMEN;WO;25/06/2017;;;KO2;Gold;2;Pastor Olivares;Ana;Millán Gutiérrez;Lidia;Horcajada;Laura;Ferrés Rubau;Patricia;2;9;4;;;;;;
IV Münchener Frühlingsturnier 2017 - Damen;GPS-WOMEN;WO;25/06/2017;;;KO1;Gold;2;Álvarez;Marta;Librero Estébanez;María Isabel;Pastor Olivares;Ana;Millán Gutiérrez;Lidia;2;5;7;4;6;;;;
Essener Open 2017;GPS-500;MO;01/07/2017;;;PoolA;Gold;3;Herbert;Justus;Bosselmann;Lars;Gerbig;Kieron;El Yahioui;Mimoun;2;6;4;6;2;;;;
Essener Open 2017;GPS-500;MO;01/07/2017;;;PoolA;Gold;3;Herbert;Justus;Bosselmann;Lars;Wasowicz;Bartholomäus;Jahn;Eike;2;6;2;6;3;;;;
Essener Open 2017;GPS-500;MO;01/07/2017;;;PoolA;Gold;3;Gerbig;Kieron;El Yahioui;Mimoun;Wasowicz;Bartholomäus;Jahn;Eike;2;7;5;6;3;;;;
Essener Open 2017;GPS-500;MO;01/07/2017;;;PoolB;Gold;3;Langerbein;Caroline;Panske;Claudius;Kraßmann;Jan;Cavero Pintado;David;2;6;3;6;3;;;;
Essener Open 2017;GPS-500;MO;01/07/2017;;;PoolB;Gold;3;Langerbein;Caroline;Panske;Claudius;Georgina;;Schäfer;Lukas;2;7;5;5;7;10;8;;
Essener Open 2017;GPS-500;MO;01/07/2017;;;PoolB;Gold;3;Kraßmann;Jan;Cavero Pintado;David;Georgina;;Schäfer;Lukas;2;4;6;3;6;;;;
Essener Open 2017;GPS-500;MO;01/07/2017;;;PoolC;Gold;3;Ernsting;David;Gil Fugado;Ángel;Kucharski;Mario;Wietoska;Mattias;2;4;6;6;7;;;;
Essener Open 2017;GPS-500;MO;01/07/2017;;;PoolC;Gold;3;Mordhorst;Andre;Steinebach;David;Kucharski;Mario;Wietoska;Mattias;2;6;2;6;4;;;;
Essener Open 2017;GPS-500;MO;01/07/2017;;;PoolC;Gold;3;Mordhorst;Andre;Steinebach;David;Ernsting;David;Gil Fugado;Ángel;2;6;2;6;2;;;;
Essener Open 2017;GPS-500;MO;01/07/2017;;;PoolD;Gold;3;Herbert;Justus;Bosselmann;Lars;Langerbein;Caroline;Panske;Claudius;2;7;6;3;6;8;10;;
Essener Open 2017;GPS-500;MO;01/07/2017;;;PoolD;Gold;3;Langerbein;Caroline;Panske;Claudius;Mordhorst;Andre;Steinebach;David;2;6;4;5;7;10;8;;
Essener Open 2017;GPS-500;MO;01/07/2017;;;PoolD;Gold;3;Herbert;Justus;Bosselmann;Lars;Mordhorst;Andre;Steinebach;David;2;5;7;4;6;;;;
Essener Open 2017;GPS-500;MO;01/07/2017;;;PoolE;Gold;3;El Yahioui;Mimoun;Drewitz;Kolja;Georgina;;Schäfer;Lukas;2;4;6;6;4;12;14;;
Essener Open 2017;GPS-500;MO;01/07/2017;;;PoolE;Gold;3;Georgina;;Schäfer;Lukas;Kucharski;Mario;Wietoska;Mattias;2;3;6;6;3;10;6;;
Essener Open 2017;GPS-500;MO;01/07/2017;;;PoolE;Gold;3;Gerbig;Kieron;El Yahioui;Mimoun;Kucharski;Mario;Wietoska;Mattias;2;6;3;4;6;10;4;;
Essener Open 2017;GPS-500;MO;01/07/2017;;;PoolF;Gold;3;Wasowicz;Bartholomäus;Jahn;Eike;Kraßmann;Jan;Cavero Pintado;David;2;4;6;5;7;;;;
Essener Open 2017;GPS-500;MO;01/07/2017;;;PoolF;Gold;3;Kraßmann;Jan;Cavero Pintado;David;Ernsting;David;Gil Fugado;Ángel;2;2;6;2;6;;;;
Essener Open 2017;GPS-500;MO;01/07/2017;;;PoolF;Gold;3;Wasowicz;Bartholomäus;Jahn;Eike;Ernsting;David;Gil Fugado;Ángel;2;4;6;4;6;;;;
Berliner Lokales Turnier 2017 - Herren;GPS-100;MO;09/07/2017;;;PoolA;Gold;5;García Grumbach;Lorenzo;Pieterse;Christiaan;Kölling;Tim;Sánchez López;Álvaro;2;4;6;6;3;6;3;;
Berliner Lokales Turnier 2017 - Herren;GPS-100;MO;09/07/2017;;;PoolA;Gold;5;Ravelo;Jaime;Hevroni;Amit;Stange;Kai;Ibach;Peter;2;6;2;6;2;;;;
Berliner Lokales Turnier 2017 - Herren;GPS-100;MO;09/07/2017;;;PoolA;Gold;5;García Grumbach;Lorenzo;Pieterse;Christiaan;Hussmann;Hauke;Felke;Kai;2;6;0;6;1;;;;
Berliner Lokales Turnier 2017 - Herren;GPS-100;MO;09/07/2017;;;PoolA;Gold;5;Ravelo;Jaime;Hevroni;Amit;Kölling;Tim;Sánchez López;Álvaro;2;5;7;6;7;;;;
Berliner Lokales Turnier 2017 - Herren;GPS-100;MO;09/07/2017;;;PoolA;Gold;5;García Grumbach;Lorenzo;Pieterse;Christiaan;Stange;Kai;Ibach;Peter;2;6;2;6;1;;;;
Berliner Lokales Turnier 2017 - Herren;GPS-100;MO;09/07/2017;;;PoolA;Gold;5;Ravelo;Jaime;Hevroni;Amit;Hussmann;Hauke;Felke;Kai;2;6;0;6;1;;;;
Berliner Lokales Turnier 2017 - Herren;GPS-100;MO;09/07/2017;;;PoolA;Gold;5;Kölling;Tim;Sánchez López;Álvaro;Stange;Kai;Ibach;Peter;2;6;3;6;3;;;;
Berliner Lokales Turnier 2017 - Herren;GPS-100;MO;09/07/2017;;;PoolA;Gold;5;García Grumbach;Lorenzo;Pieterse;Christiaan;Ravelo;Jaime;Hevroni;Amit;2;4;6;4;6;;;;
Berliner Lokales Turnier 2017 - Herren;GPS-100;MO;09/07/2017;;;PoolA;Gold;5;Kölling;Tim;Sánchez López;Álvaro;Hussmann;Hauke;Felke;Kai;2;6;1;6;2;;;;
Berliner Lokales Turnier 2017 - Herren;GPS-100;MO;09/07/2017;;;PoolA;Gold;5;Stange;Kai;Ibach;Peter;Hussmann;Hauke;Felke;Kai;2;6;2;6;2;;;;
Berliner Lokales Turnier 2017 - Herren;GPS-100;MO;09/07/2017;;;PoolB;Gold;4;Ahrens;Jasper;Goerke;Christoph;Quesada Hernández;Juan Fernando;Vian Reyes;David;2;6;2;6;2;;;;
Berliner Lokales Turnier 2017 - Herren;GPS-100;MO;09/07/2017;;;PoolB;Gold;4;González Teruel;Roberto;Meléndez Núñez;Gabriel;Sosna;Klaus;Reissig;Sven;2;6;1;6;0;;;;
Berliner Lokales Turnier 2017 - Herren;GPS-100;MO;09/07/2017;;;PoolB;Gold;4;Ahrens;Jasper;Goerke;Christoph;Sosna;Klaus;Reissig;Sven;2;6;0;6;0;;;;
Berliner Lokales Turnier 2017 - Herren;GPS-100;MO;09/07/2017;;;PoolB;Gold;4;González Teruel;Roberto;Meléndez Núñez;Gabriel;Quesada Hernández;Juan Fernando;Vian Reyes;David;2;7;5;5;7;4;6;;
Berliner Lokales Turnier 2017 - Herren;GPS-100;MO;09/07/2017;;;PoolB;Gold;4;Ahrens;Jasper;Goerke;Christoph;González Teruel;Roberto;Meléndez Núñez;Gabriel;2;6;3;6;2;;;;
Berliner Lokales Turnier 2017 - Herren;GPS-100;MO;09/07/2017;;;PoolB;Gold;4;Quesada Hernández;Juan Fernando;Vian Reyes;David;Sosna;Klaus;Reissig;Sven;2;6;0;6;1;;;;
Berliner Lokales Turnier 2017 - Herren;GPS-100;MO;09/07/2017;;;KO2;Gold;2;Kölling;Tim;Sánchez López;Álvaro;Quesada Hernández;Juan Fernando;Vian Reyes;David;2;6;4;5;7;3;6;;
Berliner Lokales Turnier 2017 - Herren;GPS-100;MO;09/07/2017;;;KO2;Gold;2;Ahrens;Jasper;Goerke;Christoph;García Grumbach;Lorenzo;Pieterse;Christiaan;2;6;3;6;0;;;;
Berliner Lokales Turnier 2017 - Herren;GPS-100;MO;09/07/2017;;;KO1;Gold;2;Quesada Hernández;Juan Fernando;Vian Reyes;David;Ahrens;Jasper;Goerke;Christoph;2;2;6;0;6;;;;
Berliner Lokales Turnier 2017 - Herren;GPS-100;MO;09/07/2017;;;POS3;Gold;2;Kölling;Tim;Sánchez López;Álvaro;García Grumbach;Lorenzo;Pieterse;Christiaan;2;6;0;6;0;;;;
Berliner Lokales Turnier 2017 - Mixed;GPS-100;MO;09/07/2017;;;PoolA;Gold;4;Sánchez López;Álvaro;Francisco;;Wolmerath;Lisa;Kölling;Axel;2;6;0;6;0;;;;
Berliner Lokales Turnier 2017 - Mixed;GPS-100;MO;09/07/2017;;;PoolA;Gold;4;Rösler;Anita;Aust;Falco;Vian Reyes;David;Gómez Condado;Silvia;2;0;6;2;6;;;;
Berliner Lokales Turnier 2017 - Mixed;GPS-100;MO;09/07/2017;;;PoolA;Gold;4;Rösler;Anita;Aust;Falco;Wolmerath;Lisa;Kölling;Axel;2;6;0;6;1;;;;
Berliner Lokales Turnier 2017 - Mixed;GPS-100;MO;09/07/2017;;;PoolA;Gold;4;Sánchez López;Álvaro;Francisco;;Vian Reyes;David;Gómez Condado;Silvia;2;0;6;0;6;;;;
Berliner Lokales Turnier 2017 - Mixed;GPS-100;MO;09/07/2017;;;PoolA;Gold;4;Wolmerath;Lisa;Kölling;Axel;Vian Reyes;David;Gómez Condado;Silvia;2;0;6;0;6;;;;
Berliner Lokales Turnier 2017 - Mixed;GPS-100;MO;09/07/2017;;;PoolA;Gold;4;Sánchez López;Álvaro;Francisco;;Rösler;Anita;Aust;Falco;2;0;6;0;6;;;;
Berliner Lokales Turnier 2017 - Mixed;GPS-100;MO;09/07/2017;;;PoolB;Gold;4;Beate;;Christian;;Pulido Serrano;Laura;Quesada Hernández;Juan Fernando;2;1;6;1;6;;;;
Berliner Lokales Turnier 2017 - Mixed;GPS-100;MO;09/07/2017;;;PoolB;Gold;4;Reissig;Sven;Radau;Gabriela;Straube;Detlef;Kölling;Tim;2;4;6;2;6;;;;
Berliner Lokales Turnier 2017 - Mixed;GPS-100;MO;09/07/2017;;;PoolB;Gold;4;Beate;;Christian;;Straube;Detlef;Kölling;Tim;2;4;6;3;6;;;;
Berliner Lokales Turnier 2017 - Mixed;GPS-100;MO;09/07/2017;;;PoolB;Gold;4;Reissig;Sven;Radau;Gabriela;Pulido Serrano;Laura;Quesada Hernández;Juan Fernando;2;0;6;0;6;;;;
Berliner Lokales Turnier 2017 - Mixed;GPS-100;MO;09/07/2017;;;PoolB;Gold;4;Beate;;Christian;;Reissig;Sven;Radau;Gabriela;2;6;4;6;4;;;;
Berliner Lokales Turnier 2017 - Mixed;GPS-100;MO;09/07/2017;;;PoolB;Gold;4;Pulido Serrano;Laura;Quesada Hernández;Juan Fernando;Straube;Detlef;Kölling;Tim;2;6;0;6;0;;;;
Berliner Lokales Turnier 2017 - Mixed;GPS-100;MO;09/07/2017;;;KO2;Gold;2;Vian Reyes;David;Gómez Condado;Silvia;Straube;Detlef;Kölling;Tim;2;6;0;6;0;;;;
Berliner Lokales Turnier 2017 - Mixed;GPS-100;MO;09/07/2017;;;KO2;Gold;2;Pulido Serrano;Laura;Quesada Hernández;Juan Fernando;Rösler;Anita;Aust;Falco;2;6;2;;;;;;
Berliner Lokales Turnier 2017 - Mixed;GPS-100;MO;09/07/2017;;;POS3;Gold;2;Straube;Detlef;Kölling;Tim;Rösler;Anita;Aust;Falco;2;0;6;0;6;;;;
Berliner Lokales Turnier 2017 - Mixed;GPS-100;MO;09/07/2017;;;KO1;Gold;2;Vian Reyes;David;Gómez Condado;Silvia;Pulido Serrano;Laura;Quesada Hernández;Juan Fernando;2;6;0;6;0;;;;
Cuxhavener Open 2017;GPS-1000;MO;16/07/2017;;;PoolA;Gold;5;Samuelsen;Lennart;Böhnke;Christian;Herbert;Justus;Bosselmann;Lars;2;6;1;6;2;4;6;6;1
Cuxhavener Open 2017;GPS-1000;MO;16/07/2017;;;PoolA;Gold;5;Samuelsen;Lennart;Böhnke;Christian;Sukal;Martin;Scheel;Florian;2;6;0;6;1;;;;
Cuxhavener Open 2017;GPS-1000;MO;16/07/2017;;;PoolA;Gold;5;Samuelsen;Lennart;Böhnke;Christian;Kraßmann;Jan;Cavero Pintado;David;2;6;0;6;0;;;;
Cuxhavener Open 2017;GPS-1000;MO;16/07/2017;;;PoolA;Gold;5;Samuelsen;Lennart;Böhnke;Christian;Kersting;Arne;van Dahle;Holger;2;6;0;6;0;;;;
Cuxhavener Open 2017;GPS-1000;MO;16/07/2017;;;PoolA;Gold;5;Herbert;Justus;Bosselmann;Lars;Sukal;Martin;Scheel;Florian;2;6;1;6;1;;;;
Cuxhavener Open 2017;GPS-1000;MO;16/07/2017;;;PoolA;Gold;5;Herbert;Justus;Bosselmann;Lars;Kraßmann;Jan;Cavero Pintado;David;2;6;0;6;2;;;;
Cuxhavener Open 2017;GPS-1000;MO;16/07/2017;;;PoolA;Gold;5;Herbert;Justus;Bosselmann;Lars;Kersting;Arne;van Dahle;Holger;2;6;0;6;1;;;;
Cuxhavener Open 2017;GPS-1000;MO;16/07/2017;;;PoolA;Gold;5;Sukal;Martin;Scheel;Florian;Kraßmann;Jan;Cavero Pintado;David;2;6;1;6;1;;;;
Cuxhavener Open 2017;GPS-1000;MO;16/07/2017;;;PoolA;Gold;5;Sukal;Martin;Scheel;Florian;Kersting;Arne;van Dahle;Holger;2;6;1;6;2;;;;
Cuxhavener Open 2017;GPS-1000;MO;16/07/2017;;;PoolA;Gold;5;Kraßmann;Jan;Cavero Pintado;David;Kersting;Arne;van Dahle;Holger;2;6;1;6;2;;;;
Badener Open 2017;GPS-500;MO;23/07/2017;;;PoolA;Gold;4;Herbert;Justus;Mordhorst;Andre;Sant;Eduard;Baumgartner;Daniel;2;6;1;6;2;;;;
Badener Open 2017;GPS-500;MO;23/07/2017;;;PoolA;Gold;4;Bott;Frederick;Thavisin;Ben;Zeller;Fabricio;Bover Solano;Ramón;2;6;2;6;3;;;;
Badener Open 2017;GPS-500;MO;23/07/2017;;;PoolA;Gold;4;Herbert;Justus;Mordhorst;Andre;Zeller;Fabricio;Bover Solano;Ramón;2;6;3;6;0;;;;
Badener Open 2017;GPS-500;MO;23/07/2017;;;PoolA;Gold;4;Bott;Frederick;Thavisin;Ben;Sant;Eduard;Baumgartner;Daniel;2;6;1;6;2;;;;
Badener Open 2017;GPS-500;MO;23/07/2017;;;PoolA;Gold;4;Herbert;Justus;Mordhorst;Andre;Bott;Frederick;Thavisin;Ben;2;7;5;7;6;;;;
Badener Open 2017;GPS-500;MO;23/07/2017;;;PoolA;Gold;4;Sant;Eduard;Baumgartner;Daniel;Zeller;Fabricio;Bover Solano;Ramón;2;6;1;6;3;;;;
Badener Open 2017;GPS-500;MO;23/07/2017;;;PoolB;Gold;4;Eckert;Marvin;Schwörer;Oliver;Grosso;Marcelo;Strecker;Oliver;2;6;0;4;6;12;10;;
Badener Open 2017;GPS-500;MO;23/07/2017;;;PoolB;Gold;4;Reissig;Sven;Sánchez;Diego;Fernández Cruz;José Carlos;Toro;Jesús;2;1;6;1;6;;;;
Badener Open 2017;GPS-500;MO;23/07/2017;;;PoolB;Gold;4;Eckert;Marvin;Schwörer;Oliver;Fernández Cruz;José Carlos;Toro;Jesús;2;6;1;6;1;;;;
Badener Open 2017;GPS-500;MO;23/07/2017;;;PoolB;Gold;4;Reissig;Sven;Sánchez;Diego;Grosso;Marcelo;Strecker;Oliver;2;1;6;1;6;;;;
Badener Open 2017;GPS-500;MO;23/07/2017;;;PoolB;Gold;4;Eckert;Marvin;Schwörer;Oliver;Reissig;Sven;Sánchez;Diego;2;6;0;6;0;;;;
Badener Open 2017;GPS-500;MO;23/07/2017;;;PoolB;Gold;4;Grosso;Marcelo;Strecker;Oliver;Fernández Cruz;José Carlos;Toro;Jesús;2;6;1;6;1;;;;
Badener Open 2017;GPS-500;MO;23/07/2017;;;KO2;Gold;2;Herbert;Justus;Mordhorst;Andre;Grosso;Marcelo;Strecker;Oliver;2;7;6;6;4;;;;
Badener Open 2017;GPS-500;MO;23/07/2017;;;KO2;Gold;2;Eckert;Marvin;Schwörer;Oliver;Bott;Frederick;Thavisin;Ben;2;6;4;6;2;;;;
Badener Open 2017;GPS-500;MO;23/07/2017;;;POS3;Gold;2;Grosso;Marcelo;Strecker;Oliver;Bott;Frederick;Thavisin;Ben;2;7;5;6;7;6;2;;
Badener Open 2017;GPS-500;MO;23/07/2017;;;KO1;Gold;2;Herbert;Justus;Mordhorst;Andre;Eckert;Marvin;Schwörer;Oliver;2;7;6;4;6;4;6;;
IV Münchener Sommerturnier 2017 - Herren;GPS-250;MO;23/07/2017;;;PoolA;Gold;4;Karmann;Christoph;Alonso;Álvaro;Kasus;Martin;Heimpel;Moritz;2;9;2;;;;;;
IV Münchener Sommerturnier 2017 - Herren;GPS-250;MO;23/07/2017;;;PoolA;Gold;4;Ladrón de Guevara López-Sáez;Álvaro;Valiente;Ariel;Navarro Gallardo;Moisés;Priegue Martínez;Marcos;2;9;5;;;;;;
IV Münchener Sommerturnier 2017 - Herren;GPS-250;MO;23/07/2017;;;PoolA;Gold;4;Karmann;Christoph;Alonso;Álvaro;Navarro Gallardo;Moisés;Priegue Martínez;Marcos;2;9;1;;;;;;
IV Münchener Sommerturnier 2017 - Herren;GPS-250;MO;23/07/2017;;;PoolA;Gold;4;Ladrón de Guevara López-Sáez;Álvaro;Valiente;Ariel;Kasus;Martin;Heimpel;Moritz;2;9;1;;;;;;
IV Münchener Sommerturnier 2017 - Herren;GPS-250;MO;23/07/2017;;;PoolA;Gold;4;Ladrón de Guevara López-Sáez;Álvaro;Valiente;Ariel;Karmann;Christoph;Alonso;Álvaro;2;9;2;;;;;;
IV Münchener Sommerturnier 2017 - Herren;GPS-250;MO;23/07/2017;;;PoolA;Gold;4;Kasus;Martin;Heimpel;Moritz;Navarro Gallardo;Moisés;Priegue Martínez;Marcos;2;3;9;;;;;;
IV Münchener Sommerturnier 2017 - Herren;GPS-250;MO;23/07/2017;;;PoolB;Gold;3;San Frutos Posadas;Isaac;Gutiérrez Soria;Ignacio;Beck;Sven;Rink;Jan;2;9;0;;;;;;
IV Münchener Sommerturnier 2017 - Herren;GPS-250;MO;23/07/2017;;;PoolB;Gold;3;Cramer;Frank;Hillebrand;Tom;San Frutos Posadas;Isaac;Gutiérrez Soria;Ignacio;2;3;9;;;;;;
IV Münchener Sommerturnier 2017 - Herren;GPS-250;MO;23/07/2017;;;PoolB;Gold;3;Cramer;Frank;Hillebrand;Tom;Beck;Sven;Rink;Jan;2;9;2;;;;;;
IV Münchener Sommerturnier 2017 - Herren;GPS-250;MO;23/07/2017;;;KO2;Gold;2;San Frutos Posadas;Isaac;Gutiérrez Soria;Ignacio;Navarro Gallardo;Moisés;Priegue Martínez;Marcos;2;6;2;6;2;;;;
IV Münchener Sommerturnier 2017 - Herren;GPS-250;MO;23/07/2017;;;KO2;Gold;2;Ladrón de Guevara López-Sáez;Álvaro;Valiente;Ariel;Cramer;Frank;Hillebrand;Tom;2;6;2;6;4;;;;
IV Münchener Sommerturnier 2017 - Herren;GPS-250;MO;23/07/2017;;;KO1;Gold;2;San Frutos Posadas;Isaac;Gutiérrez Soria;Ignacio;Ladrón de Guevara López-Sáez;Álvaro;Valiente;Ariel;2;6;3;6;0;;;;
IV Münchener Sommerturnier 2017 - Damen;GPS-WOMEN;WO;23/07/2017;;;PoolA;Gold;4;Pastor Olivares;Ana;Millán Gutiérrez;Lidia;Ferrés Rubau;Patricia;Barragán Zapirain;Leyre;2;2;9;;;;;;
IV Münchener Sommerturnier 2017 - Damen;GPS-WOMEN;WO;23/07/2017;;;PoolA;Gold;4;Bauditz;Franziska;Hernández;Karina;Trat;Regine;Trat;Sophia;2;9;0;;;;;;
IV Münchener Sommerturnier 2017 - Damen;GPS-WOMEN;WO;23/07/2017;;;PoolA;Gold;4;Pastor Olivares;Ana;Millán Gutiérrez;Lidia;Trat;Regine;Trat;Sophia;2;9;3;;;;;;
IV Münchener Sommerturnier 2017 - Damen;GPS-WOMEN;WO;23/07/2017;;;PoolA;Gold;4;Ferrés Rubau;Patricia;Barragán Zapirain;Leyre;Bauditz;Franziska;Hernández;Karina;2;6;9;;;;;;
IV Münchener Sommerturnier 2017 - Damen;GPS-WOMEN;WO;23/07/2017;;;PoolA;Gold;4;Pastor Olivares;Ana;Millán Gutiérrez;Lidia;Bauditz;Franziska;Hernández;Karina;2;9;2;;;;;;
IV Münchener Sommerturnier 2017 - Damen;GPS-WOMEN;WO;23/07/2017;;;PoolA;Gold;4;Ferrés Rubau;Patricia;Barragán Zapirain;Leyre;Trat;Regine;Trat;Sophia;2;9;4;;;;;;
IV Münchener Sommerturnier 2017 - Damen;GPS-WOMEN;WO;23/07/2017;;;PoolB;Gold;3;Cánovas González;Conchita;Benesch;Christina;Cramer;Kim;Sánchez Navarro;María;2;9;6;;;;;;
IV Münchener Sommerturnier 2017 - Damen;GPS-WOMEN;WO;23/07/2017;;;PoolB;Gold;3;Cánovas González;Conchita;Benesch;Christina;Álvarez;Marta;Librero Estébanez;María Isabel;2;9;2;;;;;;
IV Münchener Sommerturnier 2017 - Damen;GPS-WOMEN;WO;23/07/2017;;;PoolB;Gold;3;Álvarez;Marta;Librero Estébanez;María Isabel;Cramer;Kim;Sánchez Navarro;María;2;7;9;;;;;;
IV Münchener Sommerturnier 2017 - Damen;GPS-WOMEN;WO;23/07/2017;;;KO2;Gold;2;Pastor Olivares;Ana;Millán Gutiérrez;Lidia;Cramer;Kim;Sánchez Navarro;María;2;4;6;4;6;;;;
IV Münchener Sommerturnier 2017 - Damen;GPS-WOMEN;WO;23/07/2017;;;KO2;Gold;2;Cánovas González;Conchita;Benesch;Christina;Bauditz;Franziska;Hernández;Karina;2;6;2;6;2;;;;
IV Münchener Sommerturnier 2017 - Damen;GPS-WOMEN;WO;23/07/2017;;;POS3;Gold;2;Pastor Olivares;Ana;Millán Gutiérrez;Lidia;Bauditz;Franziska;Hernández;Karina;2;6;1;6;3;;;;
IV Münchener Sommerturnier 2017 - Damen;GPS-WOMEN;WO;23/07/2017;;;KO1;Gold;2;Cramer;Kim;Sánchez Navarro;María;Cánovas González;Conchita;Benesch;Christina;2;2;6;4;6;;;;
FIP 100 I Walls Padel Open;GPS-1200;MO;30/07/2017;;;KO8;Gold;2;Bruijsten;Peter;Beer;Andreas;Ruhl;Jan;Heckmann;Heinz-Dieter;2;6;0;6;0;;;;
FIP 100 I Walls Padel Open;GPS-1200;MO;30/07/2017;;;KO8;Gold;2;Strecker;Oliver;Bosselmann;Lars;Herbert;Justus;Mordhorst;Andre;2;3;6;3;6;;;;
FIP 100 I Walls Padel Open;GPS-1200;MO;30/07/2017;;;KO8;Gold;2;Koch;Bernd;Straube;Detlef;Knobloch;Sebastian;Thavisin;Ben;2;0;6;0;6;;;;
FIP 100 I Walls Padel Open;GPS-1200;MO;30/07/2017;;;KO8;Gold;2;Christesen;Malte;Müller;Hans Ole;Crasson;Guillaume;Gardier;François;2;1;6;2;6;;;;
FIP 100 I Walls Padel Open;GPS-1200;MO;30/07/2017;;;KO8;Gold;2;Panske;Claudius;Ernsting;David;Bott;Frederick;Gutiérrez Soria;Ignacio;2;2;6;4;6;;;;
FIP 100 I Walls Padel Open;GPS-1200;MO;30/07/2017;;;KO8;Gold;2;Kaufmann;Tim;Wunsch;Daniel;Snellink;Joost;Boers;Berend;2;1;6;0;6;;;;
FIP 100 I Walls Padel Open;GPS-1200;MO;30/07/2017;;;KO8;Gold;2;Samuelsen;Lennart;Böhnke;Christian;Werner;Jaroslaw;Rose;Mike;2;6;2;6;2;;;;
FIP 100 I Walls Padel Open;GPS-1200;MO;30/07/2017;;;KO8;Gold;2;Diehl;Gerhard;Reissig;Sven;Kwakkel;Jim;Beltman;Coen;2;0;6;0;6;;;;
FIP 100 I Walls Padel Open;GPS-1200;MO;30/07/2017;;;KO4;Gold;2;Bruijsten;Peter;Beer;Andreas;Herbert;Justus;Mordhorst;Andre;2;6;2;2;6;6;3;;
FIP 100 I Walls Padel Open;GPS-1200;MO;30/07/2017;;;KO4;Gold;2;Knobloch;Sebastian;Thavisin;Ben;Crasson;Guillaume;Gardier;François;2;2;6;0;6;;;;
FIP 100 I Walls Padel Open;GPS-1200;MO;30/07/2017;;;KO4;Gold;2;Bott;Frederick;Gutiérrez Soria;Ignacio;Snellink;Joost;Boers;Berend;2;2;6;0;6;;;;
FIP 100 I Walls Padel Open;GPS-1200;MO;30/07/2017;;;KO4;Gold;2;Samuelsen;Lennart;Böhnke;Christian;Kwakkel;Jim;Beltman;Coen;2;6;4;7;6;;;;
FIP 100 I Walls Padel Open;GPS-1200;MO;30/07/2017;;;KO2;Gold;2;Bruijsten;Peter;Beer;Andreas;Crasson;Guillaume;Gardier;François;2;7;6;6;2;;;;
FIP 100 I Walls Padel Open;GPS-1200;MO;30/07/2017;;;KO2;Gold;2;Snellink;Joost;Boers;Berend;Samuelsen;Lennart;Böhnke;Christian;2;6;4;5;7;6;4;;
FIP 100 I Walls Padel Open;GPS-1200;MO;30/07/2017;;;KO1;Gold;2;Bruijsten;Peter;Beer;Andreas;Samuelsen;Lennart;Böhnke;Christian;2;7;6;6;2;;;;
Karlsruher Lokales Turnier 2017;GPS-100;MO;30/07/2017;;;PoolA;Gold;3;Eckert;Marvin;Eckert;Günter;Mader;Bernd;Wedekind;Heinz;2;6;0;6;0;;;;
Karlsruher Lokales Turnier 2017;GPS-100;MO;30/07/2017;;;PoolA;Gold;3;Gräber;Nils;Miklitz;Uwe;Mader;Bernd;Wedekind;Heinz;2;6;0;6;2;;;;
Karlsruher Lokales Turnier 2017;GPS-100;MO;30/07/2017;;;PoolA;Gold;3;Eckert;Marvin;Eckert;Günter;Gräber;Nils;Miklitz;Uwe;2;6;2;6;0;;;;
Karlsruher Lokales Turnier 2017;GPS-100;MO;30/07/2017;;;PoolB;Gold;4;Sánchez;Diego;Martínez Montiel;Jerónimo;Margarit;Ugo;Frensch;Thomas;2;6;1;6;3;;;;
Karlsruher Lokales Turnier 2017;GPS-100;MO;30/07/2017;;;PoolB;Gold;4;Rudolph;Ben;Strauss;Oliver;Kummer;Sebastian;Hoffmann;Dominik;2;6;0;6;0;;;;
Karlsruher Lokales Turnier 2017;GPS-100;MO;30/07/2017;;;PoolB;Gold;4;Sánchez;Diego;Martínez Montiel;Jerónimo;Kummer;Sebastian;Hoffmann;Dominik;2;6;0;6;1;;;;
Karlsruher Lokales Turnier 2017;GPS-100;MO;30/07/2017;;;PoolB;Gold;4;Rudolph;Ben;Strauss;Oliver;Margarit;Ugo;Frensch;Thomas;2;6;0;6;2;;;;
Karlsruher Lokales Turnier 2017;GPS-100;MO;30/07/2017;;;PoolB;Gold;4;Sánchez;Diego;Martínez Montiel;Jerónimo;Rudolph;Ben;Strauss;Oliver;2;3;6;1;6;;;;
Karlsruher Lokales Turnier 2017;GPS-100;MO;30/07/2017;;;PoolB;Gold;4;Margarit;Ugo;Frensch;Thomas;Kummer;Sebastian;Hoffmann;Dominik;2;6;3;6;1;;;;
Karlsruher Lokales Turnier 2017;GPS-100;MO;30/07/2017;;;PoolC;Gold;4;Rupp;Matthias;Calero;Víctor;Rudolph;Gert;Gausmann;Bernd;2;6;2;6;1;;;;
Karlsruher Lokales Turnier 2017;GPS-100;MO;30/07/2017;;;PoolC;Gold;4;Bauer;Tim;Bauer;Christian;Herhoffer;Marco;Konstantinidis;Dimitrios;2;1;6;1;6;;;;
Karlsruher Lokales Turnier 2017;GPS-100;MO;30/07/2017;;;PoolC;Gold;4;Rupp;Matthias;Calero;Víctor;Herhoffer;Marco;Konstantinidis;Dimitrios;2;1;6;0;6;;;;
Karlsruher Lokales Turnier 2017;GPS-100;MO;30/07/2017;;;PoolC;Gold;4;Bauer;Tim;Bauer;Christian;Rudolph;Gert;Gausmann;Bernd;2;2;6;1;6;;;;
Karlsruher Lokales Turnier 2017;GPS-100;MO;30/07/2017;;;PoolC;Gold;4;Rupp;Matthias;Calero;Víctor;Bauer;Tim;Bauer;Christian;2;6;2;6;2;;;;
Karlsruher Lokales Turnier 2017;GPS-100;MO;30/07/2017;;;PoolC;Gold;4;Rudolph;Gert;Gausmann;Bernd;Herhoffer;Marco;Konstantinidis;Dimitrios;2;1;6;2;6;;;;
Karlsruher Lokales Turnier 2017;GPS-100;MO;30/07/2017;;;PoolD;Gold;3;Schwörer;Oliver;Weber;Patrick;Clausen;Peter;Würtner;Tommy;2;6;1;6;0;;;;
Karlsruher Lokales Turnier 2017;GPS-100;MO;30/07/2017;;;PoolD;Gold;3;Saam;Holger;Fess;Gernot;Clausen;Peter;Würtner;Tommy;2;6;3;5;7;0;1;;
Karlsruher Lokales Turnier 2017;GPS-100;MO;30/07/2017;;;PoolD;Gold;3;Schwörer;Oliver;Weber;Patrick;Saam;Holger;Fess;Gernot;2;6;0;6;0;;;;
Karlsruher Lokales Turnier 2017;GPS-100;MO;30/07/2017;;;KO4;Gold;2;Eckert;Marvin;Eckert;Günter;Sánchez;Diego;Martínez Montiel;Jerónimo;2;6;2;6;1;;;;
Karlsruher Lokales Turnier 2017;GPS-100;MO;30/07/2017;;;KO4;Gold;2;Herhoffer;Marco;Konstantinidis;Dimitrios;Clausen;Peter;Würtner;Tommy;2;6;0;6;1;;;;
Karlsruher Lokales Turnier 2017;GPS-100;MO;30/07/2017;;;KO4;Gold;2;Rudolph;Ben;Strauss;Oliver;Gräber;Nils;Miklitz;Uwe;2;6;1;6;2;;;;
Karlsruher Lokales Turnier 2017;GPS-100;MO;30/07/2017;;;KO4;Gold;2;Schwörer;Oliver;Weber;Patrick;Rupp;Matthias;Calero;Víctor;2;6;3;6;2;;;;
Karlsruher Lokales Turnier 2017;GPS-100;MO;30/07/2017;;;KO2;Gold;2;Eckert;Marvin;Eckert;Günter;Herhoffer;Marco;Konstantinidis;Dimitrios;2;6;1;6;4;;;;
Karlsruher Lokales Turnier 2017;GPS-100;MO;30/07/2017;;;KO2;Gold;2;Rudolph;Ben;Strauss;Oliver;Schwörer;Oliver;Weber;Patrick;2;7;5;6;4;;;;
Karlsruher Lokales Turnier 2017;GPS-100;MO;30/07/2017;;;KO1;Gold;2;Eckert;Marvin;Eckert;Günter;Rudolph;Ben;Strauss;Oliver;2;4;6;6;7;;;;
Karlsruher Lokales Turnier 2017;GPS-100;MO;30/07/2017;;;POS3;Gold;2;Herhoffer;Marco;Konstantinidis;Dimitrios;Schwörer;Oliver;Weber;Patrick;2;5;7;3;6;;;;
Karlsruher Open 2017 - Herren;GPS-1000;MO;06/08/2017;;;PoolA;Gold;3;Samuelsen;Lennart;Herbert;Justus;Rudolph;Ben;Mark;Thomas;2;6;0;6;1;;;;
Karlsruher Open 2017 - Herren;GPS-1000;MO;06/08/2017;;;PoolA;Gold;3;Samuelsen;Lennart;Herbert;Justus;Baumgartner;Daniel;Missalle;Leon;2;6;2;6;0;;;;
Karlsruher Open 2017 - Herren;GPS-1000;MO;06/08/2017;;;PoolA;Gold;3;Rudolph;Ben;Mark;Thomas;Baumgartner;Daniel;Missalle;Leon;2;6;0;6;1;;;;
Karlsruher Open 2017 - Herren;GPS-1000;MO;06/08/2017;;;PoolB;Gold;4;Zeitvogel;Tim;Mann;Yannik;Herhoffer;Marco;Eckert;Günter;2;6;0;6;1;;;;
Karlsruher Open 2017 - Herren;GPS-1000;MO;06/08/2017;;;PoolB;Gold;4;Moreno Ventas;Javier;Fernández Cruz;José Carlos;Sánchez;Diego;Margarit;Ugo;2;6;4;3;6;1;0;;
Karlsruher Open 2017 - Herren;GPS-1000;MO;06/08/2017;;;PoolB;Gold;4;Zeitvogel;Tim;Mann;Yannik;Sánchez;Diego;Margarit;Ugo;2;6;1;6;2;;;;
Karlsruher Open 2017 - Herren;GPS-1000;MO;06/08/2017;;;PoolB;Gold;4;Moreno Ventas;Javier;Fernández Cruz;José Carlos;Herhoffer;Marco;Eckert;Günter;2;6;4;3;6;1;0;;
Karlsruher Open 2017 - Herren;GPS-1000;MO;06/08/2017;;;PoolB;Gold;4;Zeitvogel;Tim;Mann;Yannik;Moreno Ventas;Javier;Fernández Cruz;José Carlos;2;6;1;6;0;;;;
Karlsruher Open 2017 - Herren;GPS-1000;MO;06/08/2017;;;PoolB;Gold;4;Herhoffer;Marco;Eckert;Günter;Sánchez;Diego;Margarit;Ugo;2;6;0;6;4;;;;
Karlsruher Open 2017 - Herren;GPS-1000;MO;06/08/2017;;;PoolC;Gold;3;Eckert;Marvin;Schwörer;Oliver;Sant;Eduard;Martínez Montiel;Jerónimo;2;6;1;6;1;;;;
Karlsruher Open 2017 - Herren;GPS-1000;MO;06/08/2017;;;PoolC;Gold;3;Gräber;Nils;Monte Barreto;José Ángel;Sant;Eduard;Martínez Montiel;Jerónimo;2;1;6;0;6;;;;
Karlsruher Open 2017 - Herren;GPS-1000;MO;06/08/2017;;;PoolC;Gold;3;Eckert;Marvin;Schwörer;Oliver;Gräber;Nils;Monte Barreto;José Ángel;2;6;0;6;0;;;;
Karlsruher Open 2017 - Herren;GPS-1000;MO;06/08/2017;;;PoolD;Gold;4;Bosselmann;Lars;Steinebach;David;Diehl;Gerhard;Reissig;Sven;2;6;1;6;2;;;;
Karlsruher Open 2017 - Herren;GPS-1000;MO;06/08/2017;;;PoolD;Gold;4;Schlösser;Philipp;Mateu;Miguel;Zang;Timo;Virk;Oliver;2;6;0;6;2;;;;
Karlsruher Open 2017 - Herren;GPS-1000;MO;06/08/2017;;;PoolD;Gold;4;Bosselmann;Lars;Steinebach;David;Zang;Timo;Virk;Oliver;2;6;4;4;6;1;0;;
Karlsruher Open 2017 - Herren;GPS-1000;MO;06/08/2017;;;PoolD;Gold;4;Schlösser;Philipp;Mateu;Miguel;Diehl;Gerhard;Reissig;Sven;2;6;3;6;1;;;;
Karlsruher Open 2017 - Herren;GPS-1000;MO;06/08/2017;;;PoolD;Gold;4;Bosselmann;Lars;Steinebach;David;Schlösser;Philipp;Mateu;Miguel;2;1;6;6;7;;;;
Karlsruher Open 2017 - Herren;GPS-1000;MO;06/08/2017;;;PoolD;Gold;4;Diehl;Gerhard;Reissig;Sven;Zang;Timo;Virk;Oliver;2;0;6;2;6;;;;
Karlsruher Open 2017 - Herren;GPS-1000;MO;06/08/2017;;;KO4;Gold;2;Samuelsen;Lennart;Herbert;Justus;Bosselmann;Lars;Steinebach;David;2;6;4;6;4;;;;
Karlsruher Open 2017 - Herren;GPS-1000;MO;06/08/2017;;;KO4;Gold;2;Zeitvogel;Tim;Mann;Yannik;Sant;Eduard;Martínez Montiel;Jerónimo;2;6;1;6;0;;;;
Karlsruher Open 2017 - Herren;GPS-1000;MO;06/08/2017;;;KO4;Gold;2;Eckert;Marvin;Schwörer;Oliver;Herhoffer;Marco;Eckert;Günter;2;6;1;6;0;;;;
Karlsruher Open 2017 - Herren;GPS-1000;MO;06/08/2017;;;KO4;Gold;2;Rudolph;Ben;Mark;Thomas;Schlösser;Philipp;Mateu;Miguel;2;0;6;1;6;;;;
Karlsruher Open 2017 - Herren;GPS-1000;MO;06/08/2017;;;KO2;Gold;2;Samuelsen;Lennart;Herbert;Justus;Zeitvogel;Tim;Mann;Yannik;2;6;4;6;1;;;;
Karlsruher Open 2017 - Herren;GPS-1000;MO;06/08/2017;;;KO2;Gold;2;Eckert;Marvin;Schwörer;Oliver;Schlösser;Philipp;Mateu;Miguel;2;6;2;7;6;;;;
Karlsruher Open 2017 - Herren;GPS-1000;MO;06/08/2017;;;POS3;Gold;2;Zeitvogel;Tim;Mann;Yannik;Schlösser;Philipp;Mateu;Miguel;2;6;2;6;4;;;;
Karlsruher Open 2017 - Herren;GPS-1000;MO;06/08/2017;;;KO1;Gold;2;Samuelsen;Lennart;Herbert;Justus;Eckert;Marvin;Schwörer;Oliver;2;4;6;2;6;;;;
Karlsruher Open 2017 - Damen;GPS-WOMEN;WO;06/08/2017;;;KO1;Gold;2;Roth;Christine;Serafimova;Violeta;Bedanova;Lucie;González Querol;Jimena;2;0;6;0;6;;;;
II Weyher Lokales Turnier 2017;GPS-100;MO;19/08/2017;;;PoolA;Gold;4;Schwarz;Alexander;Laube;Denny;Kraßmann;Jan;Cavero Pintado;David;2;6;3;6;2;;;;
II Weyher Lokales Turnier 2017;GPS-100;MO;19/08/2017;;;PoolA;Gold;4;Schwarz;Alexander;Laube;Denny;Trinks;Harald;Meier-Klages;Michael;2;6;1;6;0;;;;
II Weyher Lokales Turnier 2017;GPS-100;MO;19/08/2017;;;PoolA;Gold;4;Schwarz;Alexander;Laube;Denny;Brokoriow;Danny;Domínguez Santos;Juan Luis;2;6;3;6;3;;;;
II Weyher Lokales Turnier 2017;GPS-100;MO;19/08/2017;;;PoolA;Gold;4;Kraßmann;Jan;Cavero Pintado;David;Trinks;Harald;Meier-Klages;Michael;2;2;6;6;1;0;1;;
II Weyher Lokales Turnier 2017;GPS-100;MO;19/08/2017;;;PoolA;Gold;4;Kraßmann;Jan;Cavero Pintado;David;Brokoriow;Danny;Domínguez Santos;Juan Luis;2;0;6;2;6;;;;
II Weyher Lokales Turnier 2017;GPS-100;MO;19/08/2017;;;PoolA;Gold;4;Trinks;Harald;Meier-Klages;Michael;Brokoriow;Danny;Domínguez Santos;Juan Luis;2;2;6;3;6;;;;
II Weyher Lokales Turnier 2017;GPS-100;MO;19/08/2017;;;PoolB;Gold;4;Jürgens;Yessa;Möller;Stefan;Mechau;Wolfgang;Heggemeier;Horst;2;3;6;6;4;1;0;;
II Weyher Lokales Turnier 2017;GPS-100;MO;19/08/2017;;;PoolB;Gold;4;Jürgens;Yessa;Möller;Stefan;van Dahle;Holger;Páez;Pablo Javier;2;7;5;6;4;;;;
II Weyher Lokales Turnier 2017;GPS-100;MO;19/08/2017;;;PoolB;Gold;4;Jürgens;Yessa;Möller;Stefan;Lührsen;Frank;Förster;Rainer;2;6;3;6;1;;;;
II Weyher Lokales Turnier 2017;GPS-100;MO;19/08/2017;;;PoolB;Gold;4;Mechau;Wolfgang;Heggemeier;Horst;van Dahle;Holger;Páez;Pablo Javier;2;6;3;6;3;;;;
II Weyher Lokales Turnier 2017;GPS-100;MO;19/08/2017;;;PoolB;Gold;4;Mechau;Wolfgang;Heggemeier;Horst;Lührsen;Frank;Förster;Rainer;2;6;0;6;0;;;;
II Weyher Lokales Turnier 2017;GPS-100;MO;19/08/2017;;;PoolB;Gold;4;van Dahle;Holger;Páez;Pablo Javier;Lührsen;Frank;Förster;Rainer;2;6;2;6;3;;;;
II Weyher Lokales Turnier 2017;GPS-100;MO;19/08/2017;;;KO2;Gold;2;Schwarz;Alexander;Laube;Denny;Mechau;Wolfgang;Heggemeier;Horst;2;6;1;6;0;;;;
II Weyher Lokales Turnier 2017;GPS-100;MO;19/08/2017;;;KO2;Gold;2;Kraßmann;Jan;Cavero Pintado;David;Jürgens;Yessa;Möller;Stefan;2;4;6;1;6;;;;
II Weyher Lokales Turnier 2017;GPS-100;MO;19/08/2017;;;POS3;Gold;2;Mechau;Wolfgang;Heggemeier;Horst;Kraßmann;Jan;Cavero Pintado;David;2;2;6;2;6;;;;
II Weyher Lokales Turnier 2017;GPS-100;MO;19/08/2017;;;KO1;Gold;2;Schwarz;Alexander;Laube;Denny;Jürgens;Yessa;Möller;Stefan;2;3;6;3;6;;;;
Hofheimer Open 2017 - Herren;GPS-1000;MO;20/08/2017;;;PoolA;Gold;4;Herbert;Justus;Mordhorst;Andre;Bover Solano;Ramón;Moreno Ventas;Javier;2;6;0;6;0;;;;
Hofheimer Open 2017 - Herren;GPS-1000;MO;20/08/2017;;;PoolA;Gold;4;Bott;Frederick;Knobloch;Sebastian;Sánchez;Diego;Braun;Uwe;2;6;0;6;1;;;;
Hofheimer Open 2017 - Herren;GPS-1000;MO;20/08/2017;;;PoolA;Gold;4;Herbert;Justus;Mordhorst;Andre;Sánchez;Diego;Braun;Uwe;2;6;0;6;1;;;;
Hofheimer Open 2017 - Herren;GPS-1000;MO;20/08/2017;;;PoolA;Gold;4;Bott;Frederick;Knobloch;Sebastian;Bover Solano;Ramón;Moreno Ventas;Javier;2;6;4;6;0;;;;
Hofheimer Open 2017 - Herren;GPS-1000;MO;20/08/2017;;;PoolA;Gold;4;Herbert;Justus;Mordhorst;Andre;Bott;Frederick;Knobloch;Sebastian;2;6;2;6;1;;;;
Hofheimer Open 2017 - Herren;GPS-1000;MO;20/08/2017;;;PoolA;Gold;4;Bover Solano;Ramón;Moreno Ventas;Javier;Sánchez;Diego;Braun;Uwe;2;0;6;4;6;;;;
Hofheimer Open 2017 - Herren;GPS-1000;MO;20/08/2017;;;PoolB;Gold;4;Bosselmann;Lars;Steinebach;David;Herhoffer;Marco;Konstantinidis;Dimitrios;2;0;6;0;6;;;;
Hofheimer Open 2017 - Herren;GPS-1000;MO;20/08/2017;;;PoolB;Gold;4;Cramer;Frank;Martínez Montiel;Jerónimo;Schulz;Colin;Hernández Malmierca;Pablo;2;6;7;3;6;;;;
Hofheimer Open 2017 - Herren;GPS-1000;MO;20/08/2017;;;PoolB;Gold;4;Bosselmann;Lars;Steinebach;David;Schulz;Colin;Hernández Malmierca;Pablo;2;0;6;0;6;;;;
Hofheimer Open 2017 - Herren;GPS-1000;MO;20/08/2017;;;PoolB;Gold;4;Cramer;Frank;Martínez Montiel;Jerónimo;Herhoffer;Marco;Konstantinidis;Dimitrios;2;6;4;6;4;;;;
Hofheimer Open 2017 - Herren;GPS-1000;MO;20/08/2017;;;PoolB;Gold;4;Bosselmann;Lars;Steinebach;David;Cramer;Frank;Martínez Montiel;Jerónimo;2;0;6;0;6;;;;
Hofheimer Open 2017 - Herren;GPS-1000;MO;20/08/2017;;;PoolB;Gold;4;Herhoffer;Marco;Konstantinidis;Dimitrios;Schulz;Colin;Hernández Malmierca;Pablo;2;6;0;6;3;;;;
Hofheimer Open 2017 - Herren;GPS-1000;MO;20/08/2017;;;PoolC;Gold;4;Thavisin;Ben;Gutiérrez Soria;Ignacio;Fernández Gómez;Santiago;Fernández Cruz;José Carlos;2;6;0;6;1;;;;
Hofheimer Open 2017 - Herren;GPS-1000;MO;20/08/2017;;;PoolC;Gold;4;Reissig;Sven;Diehl;Gerhard;Borruel Navarro;Luis;Carretero;David;2;0;6;3;6;;;;
Hofheimer Open 2017 - Herren;GPS-1000;MO;20/08/2017;;;PoolC;Gold;4;Thavisin;Ben;Gutiérrez Soria;Ignacio;Borruel Navarro;Luis;Carretero;David;2;6;1;6;2;;;;
Hofheimer Open 2017 - Herren;GPS-1000;MO;20/08/2017;;;PoolC;Gold;4;Reissig;Sven;Diehl;Gerhard;Fernández Gómez;Santiago;Fernández Cruz;José Carlos;2;2;6;2;6;;;;
Hofheimer Open 2017 - Herren;GPS-1000;MO;20/08/2017;;;PoolC;Gold;4;Thavisin;Ben;Gutiérrez Soria;Ignacio;Reissig;Sven;Diehl;Gerhard;2;6;0;6;0;;;;
Hofheimer Open 2017 - Herren;GPS-1000;MO;20/08/2017;;;PoolC;Gold;4;Fernández Gómez;Santiago;Fernández Cruz;José Carlos;Borruel Navarro;Luis;Carretero;David;2;6;1;7;6;;;;
Hofheimer Open 2017 - Herren;GPS-1000;MO;20/08/2017;;;PoolD;Gold;4;Eckert;Marvin;Schwörer;Oliver;Vogt;Christofer;Zang;Timo;2;6;1;6;3;;;;
Hofheimer Open 2017 - Herren;GPS-1000;MO;20/08/2017;;;PoolD;Gold;4;Schaafstall;Benjamin;Deters;Jannik;Grosso;Marcelo;Salinas;Eduardo;2;2;6;3;6;;;;
Hofheimer Open 2017 - Herren;GPS-1000;MO;20/08/2017;;;PoolD;Gold;4;Eckert;Marvin;Schwörer;Oliver;Grosso;Marcelo;Salinas;Eduardo;2;6;2;6;1;;;;
Hofheimer Open 2017 - Herren;GPS-1000;MO;20/08/2017;;;PoolD;Gold;4;Schaafstall;Benjamin;Deters;Jannik;Vogt;Christofer;Zang;Timo;2;4;6;2;6;;;;
Hofheimer Open 2017 - Herren;GPS-1000;MO;20/08/2017;;;PoolD;Gold;4;Eckert;Marvin;Schwörer;Oliver;Schaafstall;Benjamin;Deters;Jannik;2;6;4;6;2;;;;
Hofheimer Open 2017 - Herren;GPS-1000;MO;20/08/2017;;;PoolD;Gold;4;Vogt;Christofer;Zang;Timo;Grosso;Marcelo;Salinas;Eduardo;2;0;6;2;6;;;;
Hofheimer Open 2017 - Herren;GPS-1000;MO;20/08/2017;;;KO4;Gold;2;Eckert;Marvin;Schwörer;Oliver;Bott;Frederick;Knobloch;Sebastian;2;6;1;6;0;;;;
Hofheimer Open 2017 - Herren;GPS-1000;MO;20/08/2017;;;KO4;Gold;2;Fernández Gómez;Santiago;Fernández Cruz;José Carlos;Herhoffer;Marco;Konstantinidis;Dimitrios;2;2;6;6;3;3;6;;
Hofheimer Open 2017 - Herren;GPS-1000;MO;20/08/2017;;;KO4;Gold;2;Herbert;Justus;Mordhorst;Andre;Grosso;Marcelo;Salinas;Eduardo;2;6;4;6;2;;;;
Hofheimer Open 2017 - Herren;GPS-1000;MO;20/08/2017;;;KO4;Gold;2;Cramer;Frank;Martínez Montiel;Jerónimo;Thavisin;Ben;Gutiérrez Soria;Ignacio;2;0;6;2;6;;;;
Hofheimer Open 2017 - Herren;GPS-1000;MO;20/08/2017;;;KO2;Gold;2;Eckert;Marvin;Schwörer;Oliver;Herhoffer;Marco;Konstantinidis;Dimitrios;2;6;3;6;3;;;;
Hofheimer Open 2017 - Herren;GPS-1000;MO;20/08/2017;;;KO2;Gold;2;Herbert;Justus;Mordhorst;Andre;Thavisin;Ben;Gutiérrez Soria;Ignacio;2;6;2;6;2;;;;
Hofheimer Open 2017 - Herren;GPS-1000;MO;20/08/2017;;;POS3;Gold;2;Herhoffer;Marco;Konstantinidis;Dimitrios;Thavisin;Ben;Gutiérrez Soria;Ignacio;2;3;6;2;6;;;;
Hofheimer Open 2017 - Herren;GPS-1000;MO;20/08/2017;;;KO1;Gold;2;Eckert;Marvin;Schwörer;Oliver;Herbert;Justus;Mordhorst;Andre;2;2;6;6;7;;;;
Hofheimer Open 2017 - Damen;GPS-WOMEN;WO;20/08/2017;;;PoolA;Gold;4;Benesch;Christina;Herhoffer;Maren;López Giraldo;Yolanda;Beck;Ivana;2;9;0;;;;;;
Hofheimer Open 2017 - Damen;GPS-WOMEN;WO;20/08/2017;;;PoolA;Gold;4;Ruiz López;Alejandra;Cruz Varea;Ana;Matilla;María;Reiter;Sophia;2;9;0;;;;;;
Hofheimer Open 2017 - Damen;GPS-WOMEN;WO;20/08/2017;;;PoolA;Gold;4;Benesch;Christina;Herhoffer;Maren;Matilla;María;Reiter;Sophia;2;9;1;;;;;;
Hofheimer Open 2017 - Damen;GPS-WOMEN;WO;20/08/2017;;;PoolA;Gold;4;Ruiz López;Alejandra;Cruz Varea;Ana;López Giraldo;Yolanda;Beck;Ivana;2;8;9;;;;;;
Hofheimer Open 2017 - Damen;GPS-WOMEN;WO;20/08/2017;;;PoolA;Gold;4;Benesch;Christina;Herhoffer;Maren;Ruiz López;Alejandra;Cruz Varea;Ana;2;9;1;;;;;;
Hofheimer Open 2017 - Damen;GPS-WOMEN;WO;20/08/2017;;;PoolA;Gold;4;López Giraldo;Yolanda;Beck;Ivana;Matilla;María;Reiter;Sophia;2;9;0;;;;;;
Hofheimer Open 2017 - Damen;GPS-WOMEN;WO;20/08/2017;;;PoolB;Gold;3;Cramer;Kim;González Querol;Jimena;Frau Tascón;Lucía;Nielsen;Nele;2;6;0;6;1;;;;
Hofheimer Open 2017 - Damen;GPS-WOMEN;WO;20/08/2017;;;PoolB;Gold;3;Cramer;Manuela;Serafimova;Violeta;Frau Tascón;Lucía;Nielsen;Nele;2;0;6;0;6;;;;
Hofheimer Open 2017 - Damen;GPS-WOMEN;WO;20/08/2017;;;PoolB;Gold;3;Cramer;Kim;González Querol;Jimena;Cramer;Manuela;Serafimova;Violeta;2;6;0;6;0;;;;
Hofheimer Open 2017 - Damen;GPS-WOMEN;WO;20/08/2017;;;KO2;Gold;2;López Giraldo;Yolanda;Beck;Ivana;Cramer;Kim;González Querol;Jimena;2;1;6;0;6;;;;
Hofheimer Open 2017 - Damen;GPS-WOMEN;WO;20/08/2017;;;KO2;Gold;2;Benesch;Christina;Herhoffer;Maren;Frau Tascón;Lucía;Nielsen;Nele;2;6;0;6;1;;;;
Hofheimer Open 2017 - Damen;GPS-WOMEN;WO;20/08/2017;;;POS3;Gold;2;López Giraldo;Yolanda;Beck;Ivana;Frau Tascón;Lucía;Nielsen;Nele;2;4;6;3;6;;;;
Hofheimer Open 2017 - Damen;GPS-WOMEN;WO;20/08/2017;;;KO1;Gold;2;Cramer;Kim;González Querol;Jimena;Benesch;Christina;Herhoffer;Maren;2;7;6;6;3;;;;
Wormser Open 2017 - Damen;GPS-WOMEN;WO;03/09/2017;;;PoolB;Gold;4;Benesch;Christina;Herhoffer;Maren;Cramer;Manuela;Serafimova;Violeta;2;9;0;;;;;;
Wormser Open 2017 - Damen;GPS-WOMEN;WO;03/09/2017;;;PoolB;Gold;4;Cramer;Kim;Garin;Estela;Ojeda Espil;María;Albanez;Debora;2;9;0;;;;;;
Wormser Open 2017 - Damen;GPS-WOMEN;WO;03/09/2017;;;PoolB;Gold;4;Benesch;Christina;Herhoffer;Maren;Ojeda Espil;María;Albanez;Debora;2;9;3;;;;;;
Wormser Open 2017 - Damen;GPS-WOMEN;WO;03/09/2017;;;PoolB;Gold;4;Cramer;Kim;Garin;Estela;Cramer;Manuela;Serafimova;Violeta;2;9;0;;;;;;
Wormser Open 2017 - Damen;GPS-WOMEN;WO;03/09/2017;;;PoolB;Gold;4;Benesch;Christina;Herhoffer;Maren;Cramer;Kim;Garin;Estela;2;7;9;;;;;;
Wormser Open 2017 - Damen;GPS-WOMEN;WO;03/09/2017;;;PoolB;Gold;4;Cramer;Manuela;Serafimova;Violeta;Ojeda Espil;María;Albanez;Debora;2;1;9;;;;;;
Wormser Open 2017 - Herren;GPS-500;MO;03/09/2017;;;PoolA;Gold;3;Martínez Montiel;Jerónimo;Gutiérrez Soria;Ignacio;von Ketelhodt;Michael;Petzold;Thomas;2;6;9;;;;;;
Wormser Open 2017 - Herren;GPS-500;MO;03/09/2017;;;PoolA;Gold;3;Fernández Cruz;José Carlos;Borruel Navarro;Luis;von Ketelhodt;Michael;Petzold;Thomas;2;3;9;;;;;;
Wormser Open 2017 - Herren;GPS-500;MO;03/09/2017;;;PoolA;Gold;3;Martínez Montiel;Jerónimo;Gutiérrez Soria;Ignacio;Fernández Cruz;José Carlos;Borruel Navarro;Luis;2;9;1;;;;;;
Wormser Open 2017 - Herren;GPS-500;MO;03/09/2017;;;PoolB;Gold;4;Herhoffer;Marco;Konstantinidis;Dimitrios;Petzold;Uwe;Lüers;Steffen;2;6;9;;;;;;
Wormser Open 2017 - Herren;GPS-500;MO;03/09/2017;;;PoolB;Gold;4;Hillebrand;Tom;Cramer;Frank;Frensch;Thomas;García Bennassar;Carlos;2;9;1;;;;;;
Wormser Open 2017 - Herren;GPS-500;MO;03/09/2017;;;PoolB;Gold;4;Herhoffer;Marco;Konstantinidis;Dimitrios;Frensch;Thomas;García Bennassar;Carlos;2;9;0;;;;;;
Wormser Open 2017 - Herren;GPS-500;MO;03/09/2017;;;PoolB;Gold;4;Hillebrand;Tom;Cramer;Frank;Petzold;Uwe;Lüers;Steffen;2;3;9;;;;;;
Wormser Open 2017 - Herren;GPS-500;MO;03/09/2017;;;PoolB;Gold;4;Herhoffer;Marco;Konstantinidis;Dimitrios;Hillebrand;Tom;Cramer;Frank;2;9;1;;;;;;
Wormser Open 2017 - Herren;GPS-500;MO;03/09/2017;;;PoolB;Gold;4;Petzold;Uwe;Lüers;Steffen;Frensch;Thomas;García Bennassar;Carlos;2;9;1;;;;;;
Wormser Open 2017 - Herren;GPS-500;MO;03/09/2017;;;PoolC;Gold;4;Grosso;Marcelo;Schulz;Colin;Fernández Gómez;Santiago;Dreilich;Peter;2;9;0;;;;;;
Wormser Open 2017 - Herren;GPS-500;MO;03/09/2017;;;PoolC;Gold;4;Moreno Ventas;Javier;Zeller;Fabricio;Rupp;Matthias;Calero;Víctor;2;9;3;;;;;;
Wormser Open 2017 - Herren;GPS-500;MO;03/09/2017;;;PoolC;Gold;4;Grosso;Marcelo;Schulz;Colin;Rupp;Matthias;Calero;Víctor;2;9;1;;;;;;
Wormser Open 2017 - Herren;GPS-500;MO;03/09/2017;;;PoolC;Gold;4;Moreno Ventas;Javier;Zeller;Fabricio;Fernández Gómez;Santiago;Dreilich;Peter;2;9;3;;;;;;
Wormser Open 2017 - Herren;GPS-500;MO;03/09/2017;;;PoolC;Gold;4;Grosso;Marcelo;Schulz;Colin;Moreno Ventas;Javier;Zeller;Fabricio;2;9;3;;;;;;
Wormser Open 2017 - Herren;GPS-500;MO;03/09/2017;;;PoolC;Gold;4;Fernández Gómez;Santiago;Dreilich;Peter;Rupp;Matthias;Calero;Víctor;2;2;9;;;;;;
Wormser Open 2017 - Herren;GPS-500;MO;03/09/2017;;;PoolZ;Gold;3;Martínez Montiel;Jerónimo;Gutiérrez Soria;Ignacio;Moreno Ventas;Javier;Zeller;Fabricio;2;6;1;6;0;;;;
Wormser Open 2017 - Herren;GPS-500;MO;03/09/2017;;;PoolZ;Gold;3;Herhoffer;Marco;Konstantinidis;Dimitrios;Moreno Ventas;Javier;Zeller;Fabricio;2;6;1;6;2;;;;
Wormser Open 2017 - Herren;GPS-500;MO;03/09/2017;;;PoolZ;Gold;3;Martínez Montiel;Jerónimo;Gutiérrez Soria;Ignacio;Herhoffer;Marco;Konstantinidis;Dimitrios;2;6;7;6;3;7;10;;
Wormser Open 2017 - Herren;GPS-500;MO;03/09/2017;;;KO2;Gold;2;Petzold;Uwe;Lüers;Steffen;Grosso;Marcelo;Schulz;Colin;2;4;6;6;3;10;6;;
Wormser Open 2017 - Herren;GPS-500;MO;03/09/2017;;;KO2;Gold;2;von Ketelhodt;Michael;Petzold;Thomas;Herhoffer;Marco;Konstantinidis;Dimitrios;2;6;0;6;0;;;;
Wormser Open 2017 - Herren;GPS-500;MO;03/09/2017;;;KO1;Gold;2;Petzold;Uwe;Lüers;Steffen;von Ketelhodt;Michael;Petzold;Thomas;2;2;6;1;6;;;;
Schwaigener Open 2017;GPS-500;MO;16/09/2017;;;PoolA;Gold;4;Andrasy;Uwe;García Bennassar;Carlos;Mewes;Uwe;Woll;Jens;2;7;6;5;7;10;6;;
Schwaigener Open 2017;GPS-500;MO;16/09/2017;;;PoolA;Gold;4;Cramer;Frank;Margarit;Ugo;Sant;Eduard;Martínez Montiel;Jerónimo;2;1;6;2;6;;;;
Schwaigener Open 2017;GPS-500;MO;16/09/2017;;;PoolA;Gold;4;Andrasy;Uwe;García Bennassar;Carlos;Sant;Eduard;Martínez Montiel;Jerónimo;2;2;6;0;6;;;;
Schwaigener Open 2017;GPS-500;MO;16/09/2017;;;PoolA;Gold;4;Mewes;Uwe;Woll;Jens;Cramer;Frank;Margarit;Ugo;2;0;6;0;6;;;;
Schwaigener Open 2017;GPS-500;MO;16/09/2017;;;PoolA;Gold;4;Cramer;Frank;Margarit;Ugo;Andrasy;Uwe;García Bennassar;Carlos;2;6;0;6;0;;;;
Schwaigener Open 2017;GPS-500;MO;16/09/2017;;;PoolA;Gold;4;Mewes;Uwe;Woll;Jens;Sant;Eduard;Martínez Montiel;Jerónimo;2;1;6;0;6;;;;
Schwaigener Open 2017;GPS-500;MO;16/09/2017;;;PoolB;Gold;4;Heiche;Daniel;Andrasy;Rafael;Rudolph;Ben;Strauss;Oliver;2;0;6;2;6;;;;
Schwaigener Open 2017;GPS-500;MO;16/09/2017;;;PoolB;Gold;4;Wendl;Sascha;Frensch;Thomas;Schulz;Colin;Grosso;Marcelo;2;0;6;1;6;;;;
Schwaigener Open 2017;GPS-500;MO;16/09/2017;;;PoolB;Gold;4;Heiche;Daniel;Andrasy;Rafael;Wendl;Sascha;Frensch;Thomas;2;6;0;6;0;;;;
Schwaigener Open 2017;GPS-500;MO;16/09/2017;;;PoolB;Gold;4;Rudolph;Ben;Strauss;Oliver;Schulz;Colin;Grosso;Marcelo;2;6;7;6;3;11;9;;
Schwaigener Open 2017;GPS-500;MO;16/09/2017;;;PoolB;Gold;4;Rudolph;Ben;Strauss;Oliver;Wendl;Sascha;Frensch;Thomas;2;6;1;6;1;;;;
Schwaigener Open 2017;GPS-500;MO;16/09/2017;;;PoolB;Gold;4;Heiche;Daniel;Andrasy;Rafael;Schulz;Colin;Grosso;Marcelo;2;5;7;2;6;;;;
Schwaigener Open 2017;GPS-500;MO;16/09/2017;;;KO2;Gold;2;Rudolph;Ben;Strauss;Oliver;Cramer;Frank;Margarit;Ugo;2;6;4;7;6;;;;
Schwaigener Open 2017;GPS-500;MO;16/09/2017;;;KO2;Gold;2;Sant;Eduard;Martínez Montiel;Jerónimo;Schulz;Colin;Grosso;Marcelo;2;4;6;6;2;6;0;;
Schwaigener Open 2017;GPS-500;MO;16/09/2017;;;POS3;Gold;2;Cramer;Frank;Margarit;Ugo;Schulz;Colin;Grosso;Marcelo;2;6;0;6;0;;;;
Schwaigener Open 2017;GPS-500;MO;16/09/2017;;;KO1;Gold;2;Rudolph;Ben;Strauss;Oliver;Sant;Eduard;Martínez Montiel;Jerónimo;2;7;5;6;2;;;;
Weyher Open 2017;GPS-500;MO;24/09/2017;;;PoolA;Gold;4;Heggemeier;Horst;Förster;Rainer;Schwarz;Alexander;Möller;Stefan;2;1;6;2;6;;;;
Weyher Open 2017;GPS-500;MO;24/09/2017;;;PoolA;Gold;4;Christesen;Malte;Müller;Hans Ole;van Dahle;Holger;Navarro;Víctor;2;6;1;6;0;;;;
Weyher Open 2017;GPS-500;MO;24/09/2017;;;PoolA;Gold;4;van Dahle;Holger;Navarro;Víctor;Heggemeier;Horst;Förster;Rainer;2;6;4;7;6;;;;
Weyher Open 2017;GPS-500;MO;24/09/2017;;;PoolA;Gold;4;Christesen;Malte;Müller;Hans Ole;Schwarz;Alexander;Möller;Stefan;2;6;1;6;2;;;;
Weyher Open 2017;GPS-500;MO;24/09/2017;;;PoolA;Gold;4;van Dahle;Holger;Navarro;Víctor;Schwarz;Alexander;Möller;Stefan;2;2;6;4;6;;;;
Weyher Open 2017;GPS-500;MO;24/09/2017;;;PoolA;Gold;4;Christesen;Malte;Müller;Hans Ole;Heggemeier;Horst;Förster;Rainer;2;6;0;6;0;;;;
Weyher Open 2017;GPS-500;MO;24/09/2017;;;PoolB;Gold;3;Diehl;Gerhard;Jonker;René;Herbert;Justus;Bosselmann;Günther;2;6;4;7;6;;;;
Weyher Open 2017;GPS-500;MO;24/09/2017;;;PoolB;Gold;3;Diehl;Gerhard;Jonker;René;Laube;Denny;Brokoriow;Danny;2;6;1;6;0;;;;
Weyher Open 2017;GPS-500;MO;24/09/2017;;;PoolB;Gold;3;Laube;Denny;Brokoriow;Danny;Herbert;Justus;Bosselmann;Günther;2;5;7;6;7;;;;
Weyher Open 2017;GPS-500;MO;24/09/2017;;;PoolC;Gold;3;Bosselmann;Lars;Steinebach;David;Sánchez Navarro;María;Kraßmann;Jan;2;6;0;6;0;;;;
Weyher Open 2017;GPS-500;MO;24/09/2017;;;PoolC;Gold;3;Bosselmann;Lars;Steinebach;David;Korff;Niklas;Matthes;Ole;2;6;2;6;2;;;;
Weyher Open 2017;GPS-500;MO;24/09/2017;;;PoolC;Gold;3;Sánchez Navarro;María;Kraßmann;Jan;Korff;Niklas;Matthes;Ole;2;2;6;0;6;;;;
Weyher Open 2017;GPS-500;MO;24/09/2017;;;PoolZ;Gold;2;Laube;Denny;Brokoriow;Danny;Sánchez Navarro;María;Kraßmann;Jan;2;4;6;2;6;;;;
Weyher Open 2017;GPS-500;MO;24/09/2017;;;KO4;Gold;2;Diehl;Gerhard;Jonker;René;Korff;Niklas;Matthes;Ole;2;2;6;6;2;3;10;;
Weyher Open 2017;GPS-500;MO;24/09/2017;;;KO4;Gold;2;Christesen;Malte;Müller;Hans Ole;Sánchez Navarro;María;Kraßmann;Jan;2;6;0;6;0;;;;
Weyher Open 2017;GPS-500;MO;24/09/2017;;;KO4;Gold;2;Schwarz;Alexander;Möller;Stefan;Herbert;Justus;Bosselmann;Günther;2;7;6;6;3;;;;
Weyher Open 2017;GPS-500;MO;24/09/2017;;;KO4;Gold;2;Bosselmann;Lars;Steinebach;David;van Dahle;Holger;Navarro;Víctor;2;6;1;6;3;;;;
Weyher Open 2017;GPS-500;MO;24/09/2017;;;KO2;Gold;2;Korff;Niklas;Matthes;Ole;Christesen;Malte;Müller;Hans Ole;2;1;6;0;6;;;;
Weyher Open 2017;GPS-500;MO;24/09/2017;;;KO2;Gold;2;Schwarz;Alexander;Möller;Stefan;Bosselmann;Lars;Steinebach;David;2;0;6;4;6;;;;
Weyher Open 2017;GPS-500;MO;24/09/2017;;;POS3;Gold;2;Korff;Niklas;Matthes;Ole;Schwarz;Alexander;Möller;Stefan;2;5;5;;;;;;
Weyher Open 2017;GPS-500;MO;24/09/2017;;;KO1;Gold;2;Christesen;Malte;Müller;Hans Ole;Bosselmann;Lars;Steinebach;David;2;6;4;6;7;6;1;;
Süd Deutsche Meisterschaft 2017 - Herren;GPS-500;MO;30/09/2017;;;PoolA;Gold;3;Schwörer;Oliver;Eckert;Marvin;Parun;Bernhard;Lücke;Philipp;2;6;1;6;0;;;;
Süd Deutsche Meisterschaft 2017 - Herren;GPS-500;MO;30/09/2017;;;PoolA;Gold;3;Dreilich;Peter;Fernández Cruz;José Carlos;Parun;Bernhard;Lücke;Philipp;2;0;6;2;6;;;;
Süd Deutsche Meisterschaft 2017 - Herren;GPS-500;MO;30/09/2017;;;PoolA;Gold;3;Schwörer;Oliver;Eckert;Marvin;Dreilich;Peter;Fernández Cruz;José Carlos;2;6;0;6;0;;;;
Süd Deutsche Meisterschaft 2017 - Herren;GPS-500;MO;30/09/2017;;;PoolB;Gold;4;Cramer;Frank;Klenert;Oliver;Sánchez;Diego;Margarit;Ugo;2;6;0;7;5;;;;
Süd Deutsche Meisterschaft 2017 - Herren;GPS-500;MO;30/09/2017;;;PoolB;Gold;4;Gorrea Morral;Jordi;Calamar;Robert;Sánchez;Diego;Margarit;Ugo;2;5;7;6;3;11;13;;
Süd Deutsche Meisterschaft 2017 - Herren;GPS-500;MO;30/09/2017;;;PoolB;Gold;4;Cramer;Frank;Klenert;Oliver;Gräber;Nils;Monte Barreto;José Ángel;2;6;0;6;2;;;;
Süd Deutsche Meisterschaft 2017 - Herren;GPS-500;MO;30/09/2017;;;PoolB;Gold;4;Gorrea Morral;Jordi;Calamar;Robert;Gräber;Nils;Monte Barreto;José Ángel;2;6;0;6;3;;;;
Süd Deutsche Meisterschaft 2017 - Herren;GPS-500;MO;30/09/2017;;;PoolB;Gold;4;Cramer;Frank;Klenert;Oliver;Gorrea Morral;Jordi;Calamar;Robert;2;6;2;6;2;;;;
Süd Deutsche Meisterschaft 2017 - Herren;GPS-500;MO;30/09/2017;;;PoolB;Gold;4;Sánchez;Diego;Margarit;Ugo;Gräber;Nils;Monte Barreto;José Ángel;2;6;3;6;4;;;;
Süd Deutsche Meisterschaft 2017 - Herren;GPS-500;MO;30/09/2017;;;PoolC;Gold;4;Strauss;Oliver;Sant;Eduard;Götzelmann;Finn;Götzelmann;Ralf;2;6;0;6;0;;;;
Süd Deutsche Meisterschaft 2017 - Herren;GPS-500;MO;30/09/2017;;;PoolC;Gold;4;Baumgartner;Daniel;Kies;Leon;Eckert;Günter;Miklitz;Uwe;2;6;1;2;6;6;10;;
Süd Deutsche Meisterschaft 2017 - Herren;GPS-500;MO;30/09/2017;;;PoolC;Gold;4;Strauss;Oliver;Sant;Eduard;Eckert;Günter;Miklitz;Uwe;2;6;0;6;0;;;;
Süd Deutsche Meisterschaft 2017 - Herren;GPS-500;MO;30/09/2017;;;PoolC;Gold;4;Baumgartner;Daniel;Kies;Leon;Götzelmann;Finn;Götzelmann;Ralf;2;6;1;6;2;;;;
Süd Deutsche Meisterschaft 2017 - Herren;GPS-500;MO;30/09/2017;;;PoolC;Gold;4;Strauss;Oliver;Sant;Eduard;Baumgartner;Daniel;Kies;Leon;2;6;0;6;1;;;;
Süd Deutsche Meisterschaft 2017 - Herren;GPS-500;MO;30/09/2017;;;PoolC;Gold;4;Götzelmann;Finn;Götzelmann;Ralf;Eckert;Günter;Miklitz;Uwe;2;2;6;1;6;;;;
Süd Deutsche Meisterschaft 2017 - Herren;GPS-500;MO;30/09/2017;;;PoolD;Gold;4;Herhoffer;Marco;Konstantinidis;Dimitrios;Romero Homar;Alfonso;Calero;Víctor;2;6;0;6;2;;;;
Süd Deutsche Meisterschaft 2017 - Herren;GPS-500;MO;30/09/2017;;;PoolD;Gold;4;Piechaczek;Martin;Neyheusel;Frederik;Rupp;Matthias;Schulz;Jonathan;2;6;3;6;1;;;;
Süd Deutsche Meisterschaft 2017 - Herren;GPS-500;MO;30/09/2017;;;PoolD;Gold;4;Herhoffer;Marco;Konstantinidis;Dimitrios;Rupp;Matthias;Schulz;Jonathan;2;6;1;6;0;;;;
Süd Deutsche Meisterschaft 2017 - Herren;GPS-500;MO;30/09/2017;;;PoolD;Gold;4;Piechaczek;Martin;Neyheusel;Frederik;Romero Homar;Alfonso;Calero;Víctor;2;3;6;6;1;10;3;;
Süd Deutsche Meisterschaft 2017 - Herren;GPS-500;MO;30/09/2017;;;PoolD;Gold;4;Herhoffer;Marco;Konstantinidis;Dimitrios;Piechaczek;Martin;Neyheusel;Frederik;2;6;3;7;6;;;;
Süd Deutsche Meisterschaft 2017 - Herren;GPS-500;MO;30/09/2017;;;PoolD;Gold;4;Romero Homar;Alfonso;Calero;Víctor;Rupp;Matthias;Schulz;Jonathan;2;1;6;6;4;10;3;;
Süd Deutsche Meisterschaft 2017 - Herren;GPS-500;MO;30/09/2017;;;KO4;Gold;2;Schwörer;Oliver;Eckert;Marvin;Piechaczek;Martin;Neyheusel;Frederik;2;6;3;6;1;;;;
Süd Deutsche Meisterschaft 2017 - Herren;GPS-500;MO;30/09/2017;;;KO4;Gold;2;Cramer;Frank;Klenert;Oliver;Eckert;Günter;Miklitz;Uwe;2;6;0;6;0;;;;
Süd Deutsche Meisterschaft 2017 - Herren;GPS-500;MO;30/09/2017;;;KO4;Gold;2;Strauss;Oliver;Sant;Eduard;Sánchez;Diego;Margarit;Ugo;2;6;4;6;2;;;;
Süd Deutsche Meisterschaft 2017 - Herren;GPS-500;MO;30/09/2017;;;KO4;Gold;2;Herhoffer;Marco;Konstantinidis;Dimitrios;Parun;Bernhard;Lücke;Philipp;2;6;2;6;0;;;;
Süd Deutsche Meisterschaft 2017 - Herren;GPS-500;MO;30/09/2017;;;KO2;Gold;2;Schwörer;Oliver;Eckert;Marvin;Cramer;Frank;Klenert;Oliver;2;6;0;6;0;;;;
Süd Deutsche Meisterschaft 2017 - Herren;GPS-500;MO;30/09/2017;;;KO2;Gold;2;Strauss;Oliver;Sant;Eduard;Herhoffer;Marco;Konstantinidis;Dimitrios;2;6;4;7;6;;;;
Süd Deutsche Meisterschaft 2017 - Herren;GPS-500;MO;30/09/2017;;;POS3;Gold;2;Cramer;Frank;Klenert;Oliver;Herhoffer;Marco;Konstantinidis;Dimitrios;2;0;6;1;6;;;;
Süd Deutsche Meisterschaft 2017 - Herren;GPS-500;MO;30/09/2017;;;KO1;Gold;2;Schwörer;Oliver;Eckert;Marvin;Strauss;Oliver;Sant;Eduard;2;6;3;6;2;;;;
Süd Deutsche Meisterschaft 2017 - Damen;GPS-WOMEN;WO;30/09/2017;;;PoolA;Gold;3;Cramer;Kim;Benesch;Christina;Reiter;Sophia;Cramer;Manuela;2;6;0;6;1;;;;
Süd Deutsche Meisterschaft 2017 - Damen;GPS-WOMEN;WO;30/09/2017;;;PoolA;Gold;3;González Querol;Jimena;Fazio;Monica;Reiter;Sophia;Cramer;Manuela;2;6;0;6;0;;;;
Süd Deutsche Meisterschaft 2017 - Damen;GPS-WOMEN;WO;30/09/2017;;;PoolA;Gold;3;Cramer;Kim;Benesch;Christina;González Querol;Jimena;Fazio;Monica;2;0;6;1;6;;;;
Süd Deutsche Meisterschaft 2017 - Damen;GPS-WOMEN;WO;30/09/2017;;;PoolB;Gold;3;Cánovas González;Conchita;Sánchez Navarro;María;Dämmig;Alexandra;Roth;Christine;2;6;0;6;0;;;;
Süd Deutsche Meisterschaft 2017 - Damen;GPS-WOMEN;WO;30/09/2017;;;PoolB;Gold;3;Herhoffer;Maren;Bommert;Simone;Dämmig;Alexandra;Roth;Christine;2;6;0;6;0;;;;
Süd Deutsche Meisterschaft 2017 - Damen;GPS-WOMEN;WO;30/09/2017;;;PoolB;Gold;3;Cánovas González;Conchita;Sánchez Navarro;María;Herhoffer;Maren;Bommert;Simone;2;6;0;6;0;;;;
Süd Deutsche Meisterschaft 2017 - Damen;GPS-WOMEN;WO;30/09/2017;;;KO2;Gold;2;González Querol;Jimena;Fazio;Monica;Herhoffer;Maren;Bommert;Simone;2;6;0;6;0;;;;
Süd Deutsche Meisterschaft 2017 - Damen;GPS-WOMEN;WO;30/09/2017;;;KO2;Gold;2;Cánovas González;Conchita;Sánchez Navarro;María;Cramer;Kim;Benesch;Christina;2;3;6;7;5;6;1;;
Süd Deutsche Meisterschaft 2017 - Damen;GPS-WOMEN;WO;30/09/2017;;;POS3;Gold;2;Herhoffer;Maren;Bommert;Simone;Cramer;Kim;Benesch;Christina;2;4;6;2;6;;;;
Süd Deutsche Meisterschaft 2017 - Damen;GPS-WOMEN;WO;30/09/2017;;;KO1;Gold;2;González Querol;Jimena;Fazio;Monica;Cánovas González;Conchita;Sánchez Navarro;María;2;6;3;6;3;;;;
Ost Deutsche Meisterschaft 2017;GPS-500;MO;07/10/2017;;;KO4;Gold;2;Ahrens;Jasper;Goerke;Christoph;Plehm;Michael;Latella;Francesco;2;6;2;6;3;;;;
Ost Deutsche Meisterschaft 2017;GPS-500;MO;07/10/2017;;;KO4;Gold;2;Pieterse;Christiaan;García Grumbach;Lorenzo;Fässler;Sven;Lewen;Stephan;2;6;1;6;2;;;;
Ost Deutsche Meisterschaft 2017;GPS-500;MO;07/10/2017;;;KO4;Gold;2;González Serrano;Francisco;Hillbricht;Alexander;Heininger;Nils;Probst;Felix;2;7;6;6;0;;;;
Ost Deutsche Meisterschaft 2017;GPS-500;MO;07/10/2017;;;KO4;Gold;2;González Teruel;Roberto;Sánchez López;Álvaro;Ravelo;Jaime;Vian Reyes;David;2;6;2;3;2;;;;
Ost Deutsche Meisterschaft 2017;GPS-500;MO;07/10/2017;;;KO2;Gold;2;Ahrens;Jasper;Goerke;Christoph;Pieterse;Christiaan;García Grumbach;Lorenzo;2;6;2;6;2;;;;
Ost Deutsche Meisterschaft 2017;GPS-500;MO;07/10/2017;;;KO2;Gold;2;González Serrano;Francisco;Hillbricht;Alexander;González Teruel;Roberto;Sánchez López;Álvaro;2;7;6;6;2;;;;
Ost Deutsche Meisterschaft 2017;GPS-500;MO;07/10/2017;;;KO1;Gold;2;Ahrens;Jasper;Goerke;Christoph;González Serrano;Francisco;Hillbricht;Alexander;2;6;3;6;2;;;;
Nord Deutsche Meisterschaft 2017 - Herren;GPS-500;MO;08/10/2017;;;PoolA;Gold;4;Samuelsen;Lennart;Christesen;Malte;Kroll;Robert;Neidhardt;Tim;2;3;6;6;4;7;6;;
Nord Deutsche Meisterschaft 2017 - Herren;GPS-500;MO;08/10/2017;;;PoolA;Gold;4;Daum;Malte;Sukal;Martin;García Perojil;Jesús;Lüdke;Steffen;2;6;7;2;6;;;;
Nord Deutsche Meisterschaft 2017 - Herren;GPS-500;MO;08/10/2017;;;PoolA;Gold;4;Samuelsen;Lennart;Christesen;Malte;García Perojil;Jesús;Lüdke;Steffen;2;6;0;6;1;;;;
Nord Deutsche Meisterschaft 2017 - Herren;GPS-500;MO;08/10/2017;;;PoolA;Gold;4;Daum;Malte;Sukal;Martin;Kroll;Robert;Neidhardt;Tim;2;2;6;1;6;;;;
Nord Deutsche Meisterschaft 2017 - Herren;GPS-500;MO;08/10/2017;;;PoolA;Gold;4;Samuelsen;Lennart;Christesen;Malte;Daum;Malte;Sukal;Martin;2;6;0;6;3;;;;
Nord Deutsche Meisterschaft 2017 - Herren;GPS-500;MO;08/10/2017;;;PoolA;Gold;4;Kroll;Robert;Neidhardt;Tim;García Perojil;Jesús;Lüdke;Steffen;2;6;0;6;1;;;;
Nord Deutsche Meisterschaft 2017 - Herren;GPS-500;MO;08/10/2017;;;PoolB;Gold;3;Korff;Niklas;Paul;Winfried;Hemp;Robin;Schottmayer;Anton;2;6;3;4;6;6;1;;
Nord Deutsche Meisterschaft 2017 - Herren;GPS-500;MO;08/10/2017;;;PoolB;Gold;3;Marti Fernández;Pau;Sunyer;Pol;Hemp;Robin;Schottmayer;Anton;2;3;6;2;6;;;;
Nord Deutsche Meisterschaft 2017 - Herren;GPS-500;MO;08/10/2017;;;PoolB;Gold;3;Hemp;Robin;Schottmayer;Anton;Marti Fernández;Pau;Sunyer;Pol;2;6;1;6;1;;;;
Nord Deutsche Meisterschaft 2017 - Herren;GPS-500;MO;08/10/2017;;;PoolC;Gold;3;Oest;Sven;Wiessner;Christian;Lührsen;Frank;Loosen;Marco;2;6;1;6;2;;;;
Nord Deutsche Meisterschaft 2017 - Herren;GPS-500;MO;08/10/2017;;;PoolC;Gold;3;Brokoriow;Danny;Möller;Stefan;Lührsen;Frank;Loosen;Marco;2;2;6;6;3;7;5;;
Nord Deutsche Meisterschaft 2017 - Herren;GPS-500;MO;08/10/2017;;;PoolC;Gold;3;Oest;Sven;Wiessner;Christian;Brokoriow;Danny;Möller;Stefan;2;6;0;6;2;;;;
Nord Deutsche Meisterschaft 2017 - Herren;GPS-500;MO;08/10/2017;;;PoolD;Gold;3;Jürgens;Yessa;Schwarz;Alexander;Lund;Thomas;Nickel;Thomas;2;6;4;1;6;6;3;;
Nord Deutsche Meisterschaft 2017 - Herren;GPS-500;MO;08/10/2017;;;PoolD;Gold;3;Digel;Nils;Kraßmann;Jan;Lund;Thomas;Nickel;Thomas;2;6;0;6;0;;;;
Nord Deutsche Meisterschaft 2017 - Herren;GPS-500;MO;08/10/2017;;;PoolD;Gold;3;Jürgens;Yessa;Schwarz;Alexander;Digel;Nils;Kraßmann;Jan;2;2;6;1;6;;;;
Nord Deutsche Meisterschaft 2017 - Herren;GPS-500;MO;08/10/2017;;;KO4;Gold;2;Samuelsen;Lennart;Christesen;Malte;Digel;Nils;Kraßmann;Jan;2;6;0;6;0;;;;
Nord Deutsche Meisterschaft 2017 - Herren;GPS-500;MO;08/10/2017;;;KO4;Gold;2;Korff;Niklas;Paul;Winfried;Brokoriow;Danny;Möller;Stefan;2;6;2;6;4;;;;
Nord Deutsche Meisterschaft 2017 - Herren;GPS-500;MO;08/10/2017;;;KO4;Gold;2;Oest;Sven;Wiessner;Christian;Kroll;Robert;Neidhardt;Tim;2;3;6;6;3;3;6;;
Nord Deutsche Meisterschaft 2017 - Herren;GPS-500;MO;08/10/2017;;;KO4;Gold;2;Jürgens;Yessa;Schwarz;Alexander;Hemp;Robin;Schottmayer;Anton;2;6;1;6;2;;;;
Nord Deutsche Meisterschaft 2017 - Herren;GPS-500;MO;08/10/2017;;;KO2;Gold;2;Samuelsen;Lennart;Christesen;Malte;Korff;Niklas;Paul;Winfried;2;6;0;6;2;;;;
Nord Deutsche Meisterschaft 2017 - Herren;GPS-500;MO;08/10/2017;;;KO2;Gold;2;Kroll;Robert;Neidhardt;Tim;Jürgens;Yessa;Schwarz;Alexander;2;6;1;6;1;;;;
Nord Deutsche Meisterschaft 2017 - Herren;GPS-500;MO;08/10/2017;;;POS3;Gold;2;Jürgens;Yessa;Schwarz;Alexander;Korff;Niklas;Paul;Winfried;2;6;2;6;2;;;;
Nord Deutsche Meisterschaft 2017 - Herren;GPS-500;MO;08/10/2017;;;KO1;Gold;2;Samuelsen;Lennart;Christesen;Malte;Kroll;Robert;Neidhardt;Tim;2;6;3;6;3;;;;
Nord Deutsche Meisterschaft 2017 - Damen;GPS-WOMEN;WO;08/10/2017;;;PoolA;Gold;3;Sánchez Navarro;María;Benesch;Christina;Witthöft;Frank;Klawitter;Ute;2;6;2;6;2;;;;
Nord Deutsche Meisterschaft 2017 - Damen;GPS-WOMEN;WO;08/10/2017;;;PoolA;Gold;3;Pérez;Ruth;Gómez Moreno;Reyna;Witthöft;Frank;Klawitter;Ute;2;1;6;2;6;;;;
Nord Deutsche Meisterschaft 2017 - Damen;GPS-WOMEN;WO;08/10/2017;;;PoolA;Gold;3;Sánchez Navarro;María;Benesch;Christina;Pérez;Ruth;Gómez Moreno;Reyna;2;6;1;6;2;;;;
Nord Deutsche Meisterschaft 2017 - Damen;GPS-WOMEN;WO;08/10/2017;;;PoolB;Gold;3;van Dahle-Schmees;Biggi;Lund;Ulrike;Daghero;Andrea;Jabalquinto;Claudia;2;6;1;6;0;;;;
Nord Deutsche Meisterschaft 2017 - Damen;GPS-WOMEN;WO;08/10/2017;;;PoolB;Gold;3;Hermann;Carola;Philipp;Kerstin;Daghero;Andrea;Jabalquinto;Claudia;2;0;6;0;6;;;;
Nord Deutsche Meisterschaft 2017 - Damen;GPS-WOMEN;WO;08/10/2017;;;PoolB;Gold;3;van Dahle-Schmees;Biggi;Lund;Ulrike;Hermann;Carola;Philipp;Kerstin;2;6;0;6;0;;;;
Nord Deutsche Meisterschaft 2017 - Damen;GPS-WOMEN;WO;08/10/2017;;;KO2;Gold;2;Sánchez Navarro;María;Benesch;Christina;Daghero;Andrea;Jabalquinto;Claudia;2;6;1;6;1;;;;
Nord Deutsche Meisterschaft 2017 - Damen;GPS-WOMEN;WO;08/10/2017;;;KO2;Gold;2;Witthöft;Frank;Klawitter;Ute;van Dahle-Schmees;Biggi;Lund;Ulrike;2;6;2;7;5;;;;
Nord Deutsche Meisterschaft 2017 - Damen;GPS-WOMEN;WO;08/10/2017;;;KO1;Gold;2;Sánchez Navarro;María;Benesch;Christina;van Dahle-Schmees;Biggi;Lund;Ulrike;2;6;3;6;0;;;;
Nord Deutsche Meisterschaft 2017 - Damen;GPS-WOMEN;WO;08/10/2017;;;POS3;Gold;2;Daghero;Andrea;Jabalquinto;Claudia;Witthöft;Frank;Klawitter;Ute;2;0;6;1;6;;;;
Deutsche Meisterschaft 2017 - Herren;GPS-1000;MO;22/10/2017;;;PoolA;Gold;3;Schwörer;Oliver;Eckert;Marvin;Wißkirchen;Dominik;Antón;Francisco;2;7;5;6;2;;;;
Deutsche Meisterschaft 2017 - Herren;GPS-1000;MO;22/10/2017;;;PoolA;Gold;3;Schwörer;Oliver;Eckert;Marvin;Herhoffer;Marco;Konstantinidis;Dimitrios;2;6;1;6;4;;;;
Deutsche Meisterschaft 2017 - Herren;GPS-1000;MO;22/10/2017;;;PoolA;Gold;3;Wißkirchen;Dominik;Antón;Francisco;Herhoffer;Marco;Konstantinidis;Dimitrios;2;6;1;6;0;;;;
Deutsche Meisterschaft 2017 - Herren;GPS-1000;MO;22/10/2017;;;PoolB;Gold;3;Mordhorst;Andre;Herbert;Justus;Bruijsten;Peter;Meijer;Bram;2;4;6;3;6;;;;
Deutsche Meisterschaft 2017 - Herren;GPS-1000;MO;22/10/2017;;;PoolB;Gold;3;Mordhorst;Andre;Herbert;Justus;Bott;Frederick;Thavisin;Ben;2;6;3;6;4;;;;
Deutsche Meisterschaft 2017 - Herren;GPS-1000;MO;22/10/2017;;;PoolB;Gold;3;Bruijsten;Peter;Meijer;Bram;Bott;Frederick;Thavisin;Ben;2;6;0;6;1;;;;
Deutsche Meisterschaft 2017 - Herren;GPS-1000;MO;22/10/2017;;;PoolC;Gold;3;Samuelsen;Lennart;Böhnke;Christian;Sant;Eduard;Martínez Montiel;Jerónimo;2;6;0;6;0;;;;
Deutsche Meisterschaft 2017 - Herren;GPS-1000;MO;22/10/2017;;;PoolC;Gold;3;Samuelsen;Lennart;Böhnke;Christian;Greif;Torsten;Messerschmidt;Jonas;2;7;6;6;2;;;;
Deutsche Meisterschaft 2017 - Herren;GPS-1000;MO;22/10/2017;;;PoolC;Gold;3;Sant;Eduard;Martínez Montiel;Jerónimo;Greif;Torsten;Messerschmidt;Jonas;2;1;6;4;6;;;;
Deutsche Meisterschaft 2017 - Herren;GPS-1000;MO;22/10/2017;;;PoolD;Gold;4;Bosselmann;Lars;Steinebach;David;Panske;Claudius;Lingen;Daniel;2;0;6;2;6;;;;
Deutsche Meisterschaft 2017 - Herren;GPS-1000;MO;22/10/2017;;;PoolD;Gold;4;Mann;Yannik;Ströhl;Richard;Gutiérrez Soria;Ignacio;Deters;Jannik;2;6;1;6;2;;;;
Deutsche Meisterschaft 2017 - Herren;GPS-1000;MO;22/10/2017;;;PoolD;Gold;4;Bosselmann;Lars;Steinebach;David;Mann;Yannik;Ströhl;Richard;2;1;6;3;6;;;;
Deutsche Meisterschaft 2017 - Herren;GPS-1000;MO;22/10/2017;;;PoolD;Gold;4;Panske;Claudius;Lingen;Daniel;Gutiérrez Soria;Ignacio;Deters;Jannik;2;6;4;6;0;;;;
Deutsche Meisterschaft 2017 - Herren;GPS-1000;MO;22/10/2017;;;PoolD;Gold;4;Bosselmann;Lars;Steinebach;David;Gutiérrez Soria;Ignacio;Deters;Jannik;2;6;4;6;1;1;0;;
Deutsche Meisterschaft 2017 - Herren;GPS-1000;MO;22/10/2017;;;PoolD;Gold;4;Panske;Claudius;Lingen;Daniel;Mann;Yannik;Ströhl;Richard;2;7;5;6;1;;;;
Deutsche Meisterschaft 2017 - Herren;GPS-1000;MO;22/10/2017;;;KO4;Gold;2;Schwörer;Oliver;Eckert;Marvin;Mordhorst;Andre;Herbert;Justus;2;6;7;4;6;;;;
Deutsche Meisterschaft 2017 - Herren;GPS-1000;MO;22/10/2017;;;KO4;Gold;2;Mann;Yannik;Ströhl;Richard;Samuelsen;Lennart;Böhnke;Christian;2;2;6;2;6;;;;
Deutsche Meisterschaft 2017 - Herren;GPS-1000;MO;22/10/2017;;;KO4;Gold;2;Panske;Claudius;Lingen;Daniel;Wißkirchen;Dominik;Antón;Francisco;2;6;4;6;1;;;;
Deutsche Meisterschaft 2017 - Herren;GPS-1000;MO;22/10/2017;;;KO4;Gold;2;Greif;Torsten;Messerschmidt;Jonas;Bruijsten;Peter;Meijer;Bram;2;4;6;2;6;;;;
Deutsche Meisterschaft 2017 - Herren;GPS-1000;MO;22/10/2017;;;KO2;Gold;2;Mordhorst;Andre;Herbert;Justus;Samuelsen;Lennart;Böhnke;Christian;2;6;2;4;6;2;6;;
Deutsche Meisterschaft 2017 - Herren;GPS-1000;MO;22/10/2017;;;KO2;Gold;2;Panske;Claudius;Lingen;Daniel;Bruijsten;Peter;Meijer;Bram;2;4;6;4;6;;;;
Deutsche Meisterschaft 2017 - Herren;GPS-1000;MO;22/10/2017;;;KO1;Gold;2;Samuelsen;Lennart;Böhnke;Christian;Bruijsten;Peter;Meijer;Bram;2;4;6;7;6;4;6;;
Deutsche Meisterschaft 2017 - Damen;GPS-WOMEN;WO;22/10/2017;;;PoolA;Gold;5;Langerbein;Caroline;Petersen;Maike;Schmidt;Inga;Thurm;Saskia;2;6;0;6;1;;;;
Deutsche Meisterschaft 2017 - Damen;GPS-WOMEN;WO;22/10/2017;;;PoolA;Gold;5;Langerbein;Caroline;Petersen;Maike;Ettekoven;Milou;Koek;Marcella;2;0;6;1;6;;;;
Deutsche Meisterschaft 2017 - Damen;GPS-WOMEN;WO;22/10/2017;;;PoolA;Gold;5;Langerbein;Caroline;Petersen;Maike;Scholten;Corina;Pietzko;Julia;2;3;6;6;7;;;;
Deutsche Meisterschaft 2017 - Damen;GPS-WOMEN;WO;22/10/2017;;;PoolA;Gold;5;Schmidt;Inga;Thurm;Saskia;Kropf;Jasmin;Oberle;Kathrin;2;7;5;6;4;;;;
Deutsche Meisterschaft 2017 - Damen;GPS-WOMEN;WO;22/10/2017;;;PoolA;Gold;5;Schmidt;Inga;Thurm;Saskia;Ettekoven;Milou;Koek;Marcella;2;0;6;1;6;;;;
Deutsche Meisterschaft 2017 - Damen;GPS-WOMEN;WO;22/10/2017;;;PoolA;Gold;5;Schmidt;Inga;Thurm;Saskia;Scholten;Corina;Pietzko;Julia;2;1;6;1;6;;;;
Deutsche Meisterschaft 2017 - Damen;GPS-WOMEN;WO;22/10/2017;;;PoolA;Gold;5;Kropf;Jasmin;Oberle;Kathrin;Scholten;Corina;Pietzko;Julia;2;0;6;0;6;;;;
Deutsche Meisterschaft 2017 - Damen;GPS-WOMEN;WO;22/10/2017;;;PoolA;Gold;5;Ettekoven;Milou;Koek;Marcella;Scholten;Corina;Pietzko;Julia;2;6;3;7;5;;;;
Deutsche Meisterschaft 2017 - Damen;GPS-WOMEN;WO;22/10/2017;;;PoolA;Gold;5;Kropf;Jasmin;Oberle;Kathrin;Ettekoven;Milou;Koek;Marcella;2;0;6;0;6;;;;
Deutsche Meisterschaft 2017 - Damen;GPS-WOMEN;WO;22/10/2017;;;PoolA;Gold;5;Kropf;Jasmin;Oberle;Kathrin;Langerbein;Caroline;Petersen;Maike;2;0;6;0;6;;;;
